<?xml version="1.0" encoding="utf-8"?>
<COLLADA xmlns="http://www.collada.org/2005/11/COLLADASchema" version="1.4.1" xmlns:xsi="http://www.w3.org/2001/XMLSchema-instance">
  <asset>
    <contributor>
      <author>Blender User</author>
      <authoring_tool>Blender 3.0.1</authoring_tool>
    </contributor>
    <created>2025-01-21T12:38:34</created>
    <modified>2025-01-21T12:38:34</modified>
    <unit name="meter" meter="1"/>
    <up_axis>Z_UP</up_axis>
  </asset>
  <library_cameras>
    <camera id="Camera_002-camera" name="Camera.002">
      <optics>
        <technique_common>
          <perspective>
            <xfov sid="xfov">39.59775</xfov>
            <aspect_ratio>1.777778</aspect_ratio>
            <znear sid="znear">0.1</znear>
            <zfar sid="zfar">100</zfar>
          </perspective>
        </technique_common>
      </optics>
      <extra>
        <technique profile="blender">
          <shiftx sid="shiftx" type="float">0</shiftx>
          <shifty sid="shifty" type="float">0</shifty>
          <dof_distance sid="dof_distance" type="float">10</dof_distance>
        </technique>
      </extra>
    </camera>
    <camera id="Camera_001-camera" name="Camera.001">
      <optics>
        <technique_common>
          <perspective>
            <xfov sid="xfov">39.59775</xfov>
            <aspect_ratio>1.777778</aspect_ratio>
            <znear sid="znear">0.1</znear>
            <zfar sid="zfar">100</zfar>
          </perspective>
        </technique_common>
      </optics>
      <extra>
        <technique profile="blender">
          <shiftx sid="shiftx" type="float">0</shiftx>
          <shifty sid="shifty" type="float">0</shifty>
          <dof_distance sid="dof_distance" type="float">10</dof_distance>
        </technique>
      </extra>
    </camera>
    <camera id="Camera-camera" name="Camera">
      <optics>
        <technique_common>
          <perspective>
            <xfov sid="xfov">39.59775</xfov>
            <aspect_ratio>1.777778</aspect_ratio>
            <znear sid="znear">0.1</znear>
            <zfar sid="zfar">100</zfar>
          </perspective>
        </technique_common>
      </optics>
      <extra>
        <technique profile="blender">
          <shiftx sid="shiftx" type="float">0</shiftx>
          <shifty sid="shifty" type="float">0</shifty>
          <dof_distance sid="dof_distance" type="float">10</dof_distance>
        </technique>
      </extra>
    </camera>
  </library_cameras>
  <library_lights>
    <light id="Light_002-light" name="Light.002">
      <technique_common>
        <point>
          <color sid="color">1000 1000 1000</color>
          <constant_attenuation>1</constant_attenuation>
          <linear_attenuation>0</linear_attenuation>
          <quadratic_attenuation>0.00111109</quadratic_attenuation>
        </point>
      </technique_common>
      <extra>
        <technique profile="blender">
          <type sid="type" type="int">0</type>
          <flag sid="flag" type="int">0</flag>
          <mode sid="mode" type="int">1</mode>
          <gamma sid="blender_gamma" type="float">1</gamma>
          <red sid="red" type="float">1</red>
          <green sid="green" type="float">1</green>
          <blue sid="blue" type="float">1</blue>
          <shadow_r sid="blender_shadow_r" type="float">0</shadow_r>
          <shadow_g sid="blender_shadow_g" type="float">0</shadow_g>
          <shadow_b sid="blender_shadow_b" type="float">0</shadow_b>
          <energy sid="blender_energy" type="float">1000</energy>
          <dist sid="blender_dist" type="float">29.99998</dist>
          <spotsize sid="spotsize" type="float">75</spotsize>
          <spotblend sid="spotblend" type="float">0.15</spotblend>
          <att1 sid="att1" type="float">0</att1>
          <att2 sid="att2" type="float">1</att2>
          <falloff_type sid="falloff_type" type="int">2</falloff_type>
          <clipsta sid="clipsta" type="float">0.04999995</clipsta>
          <clipend sid="clipend" type="float">30.002</clipend>
          <bias sid="bias" type="float">1</bias>
          <soft sid="soft" type="float">3</soft>
          <bufsize sid="bufsize" type="int">2880</bufsize>
          <samp sid="samp" type="int">3</samp>
          <buffers sid="buffers" type="int">1</buffers>
          <area_shape sid="area_shape" type="int">1</area_shape>
          <area_size sid="area_size" type="float">0.1</area_size>
          <area_sizey sid="area_sizey" type="float">0.1</area_sizey>
          <area_sizez sid="area_sizez" type="float">1</area_sizez>
        </technique>
      </extra>
    </light>
    <light id="Light_001-light" name="Light.001">
      <technique_common>
        <point>
          <color sid="color">1000 1000 1000</color>
          <constant_attenuation>1</constant_attenuation>
          <linear_attenuation>0</linear_attenuation>
          <quadratic_attenuation>0.00111109</quadratic_attenuation>
        </point>
      </technique_common>
      <extra>
        <technique profile="blender">
          <type sid="type" type="int">0</type>
          <flag sid="flag" type="int">0</flag>
          <mode sid="mode" type="int">1</mode>
          <gamma sid="blender_gamma" type="float">1</gamma>
          <red sid="red" type="float">1</red>
          <green sid="green" type="float">1</green>
          <blue sid="blue" type="float">1</blue>
          <shadow_r sid="blender_shadow_r" type="float">0</shadow_r>
          <shadow_g sid="blender_shadow_g" type="float">0</shadow_g>
          <shadow_b sid="blender_shadow_b" type="float">0</shadow_b>
          <energy sid="blender_energy" type="float">1000</energy>
          <dist sid="blender_dist" type="float">29.99998</dist>
          <spotsize sid="spotsize" type="float">75</spotsize>
          <spotblend sid="spotblend" type="float">0.15</spotblend>
          <att1 sid="att1" type="float">0</att1>
          <att2 sid="att2" type="float">1</att2>
          <falloff_type sid="falloff_type" type="int">2</falloff_type>
          <clipsta sid="clipsta" type="float">0.04999995</clipsta>
          <clipend sid="clipend" type="float">30.002</clipend>
          <bias sid="bias" type="float">1</bias>
          <soft sid="soft" type="float">3</soft>
          <bufsize sid="bufsize" type="int">2880</bufsize>
          <samp sid="samp" type="int">3</samp>
          <buffers sid="buffers" type="int">1</buffers>
          <area_shape sid="area_shape" type="int">1</area_shape>
          <area_size sid="area_size" type="float">0.1</area_size>
          <area_sizey sid="area_sizey" type="float">0.1</area_sizey>
          <area_sizez sid="area_sizez" type="float">1</area_sizez>
        </technique>
      </extra>
    </light>
    <light id="Light-light" name="Light">
      <technique_common>
        <point>
          <color sid="color">1000 1000 1000</color>
          <constant_attenuation>1</constant_attenuation>
          <linear_attenuation>0</linear_attenuation>
          <quadratic_attenuation>0.00111109</quadratic_attenuation>
        </point>
      </technique_common>
      <extra>
        <technique profile="blender">
          <type sid="type" type="int">0</type>
          <flag sid="flag" type="int">0</flag>
          <mode sid="mode" type="int">1</mode>
          <gamma sid="blender_gamma" type="float">1</gamma>
          <red sid="red" type="float">1</red>
          <green sid="green" type="float">1</green>
          <blue sid="blue" type="float">1</blue>
          <shadow_r sid="blender_shadow_r" type="float">0</shadow_r>
          <shadow_g sid="blender_shadow_g" type="float">0</shadow_g>
          <shadow_b sid="blender_shadow_b" type="float">0</shadow_b>
          <energy sid="blender_energy" type="float">1000</energy>
          <dist sid="blender_dist" type="float">29.99998</dist>
          <spotsize sid="spotsize" type="float">75</spotsize>
          <spotblend sid="spotblend" type="float">0.15</spotblend>
          <att1 sid="att1" type="float">0</att1>
          <att2 sid="att2" type="float">1</att2>
          <falloff_type sid="falloff_type" type="int">2</falloff_type>
          <clipsta sid="clipsta" type="float">0.04999995</clipsta>
          <clipend sid="clipend" type="float">30.002</clipend>
          <bias sid="bias" type="float">1</bias>
          <soft sid="soft" type="float">3</soft>
          <bufsize sid="bufsize" type="int">2880</bufsize>
          <samp sid="samp" type="int">3</samp>
          <buffers sid="buffers" type="int">1</buffers>
          <area_shape sid="area_shape" type="int">1</area_shape>
          <area_size sid="area_size" type="float">0.1</area_size>
          <area_sizey sid="area_sizey" type="float">0.1</area_sizey>
          <area_sizez sid="area_sizez" type="float">1</area_sizez>
        </technique>
      </extra>
    </light>
  </library_lights>
  <library_effects>
    <effect id="Material_016-effect">
      <profile_COMMON>
        <technique sid="common">
          <lambert>
            <emission>
              <color sid="emission">0 0 0 1</color>
            </emission>
            <diffuse>
              <color sid="diffuse">1 0 0 1</color>
            </diffuse>
            <index_of_refraction>
              <float sid="ior">1.45</float>
            </index_of_refraction>
          </lambert>
        </technique>
      </profile_COMMON>
    </effect>
    <effect id="Material_024-effect">
      <profile_COMMON>
        <technique sid="common">
          <lambert>
            <emission>
              <color sid="emission">0 0 0 1</color>
            </emission>
            <diffuse>
              <color sid="diffuse">0 0 0 1</color>
            </diffuse>
            <index_of_refraction>
              <float sid="ior">1.45</float>
            </index_of_refraction>
          </lambert>
        </technique>
      </profile_COMMON>
    </effect>
    <effect id="Material_001-effect">
      <profile_COMMON>
        <technique sid="common">
          <lambert>
            <emission>
              <color sid="emission">0 0 0 1</color>
            </emission>
            <diffuse>
              <color sid="diffuse">0 1 0 1</color>
            </diffuse>
            <reflectivity>
              <float sid="specular">0.5</float>
            </reflectivity>
            <index_of_refraction>
              <float sid="ior">1.45</float>
            </index_of_refraction>
          </lambert>
        </technique>
      </profile_COMMON>
    </effect>
    <effect id="Material_003-effect">
      <profile_COMMON>
        <technique sid="common">
          <lambert>
            <emission>
              <color sid="emission">0 0 0 1</color>
            </emission>
            <diffuse>
              <color sid="diffuse">0 1 0 1</color>
            </diffuse>
            <index_of_refraction>
              <float sid="ior">1.45</float>
            </index_of_refraction>
          </lambert>
        </technique>
      </profile_COMMON>
    </effect>
    <effect id="Material_004-effect">
      <profile_COMMON>
        <technique sid="common">
          <lambert>
            <emission>
              <color sid="emission">0 0 0 1</color>
            </emission>
            <diffuse>
              <color sid="diffuse">0 0 0 1</color>
            </diffuse>
            <index_of_refraction>
              <float sid="ior">1.45</float>
            </index_of_refraction>
          </lambert>
        </technique>
      </profile_COMMON>
    </effect>
    <effect id="Material_006-effect">
      <profile_COMMON>
        <technique sid="common">
          <lambert>
            <emission>
              <color sid="emission">0 0 0 1</color>
            </emission>
            <diffuse>
              <color sid="diffuse">0 0 0 1</color>
            </diffuse>
            <index_of_refraction>
              <float sid="ior">1.45</float>
            </index_of_refraction>
          </lambert>
        </technique>
      </profile_COMMON>
    </effect>
    <effect id="Material_005-effect">
      <profile_COMMON>
        <technique sid="common">
          <lambert>
            <emission>
              <color sid="emission">0 0 0 1</color>
            </emission>
            <diffuse>
              <color sid="diffuse">0 1 0 1</color>
            </diffuse>
            <index_of_refraction>
              <float sid="ior">1.45</float>
            </index_of_refraction>
          </lambert>
        </technique>
      </profile_COMMON>
    </effect>
    <effect id="Material_010-effect">
      <profile_COMMON>
        <technique sid="common">
          <lambert>
            <emission>
              <color sid="emission">0 0 0 1</color>
            </emission>
            <diffuse>
              <color sid="diffuse">0 0 0 1</color>
            </diffuse>
            <index_of_refraction>
              <float sid="ior">1.45</float>
            </index_of_refraction>
          </lambert>
        </technique>
      </profile_COMMON>
    </effect>
    <effect id="Material_009-effect">
      <profile_COMMON>
        <technique sid="common">
          <lambert>
            <emission>
              <color sid="emission">0 0 0 1</color>
            </emission>
            <diffuse>
              <color sid="diffuse">0 1 0 1</color>
            </diffuse>
            <index_of_refraction>
              <float sid="ior">1.45</float>
            </index_of_refraction>
          </lambert>
        </technique>
      </profile_COMMON>
    </effect>
    <effect id="Material_007-effect">
      <profile_COMMON>
        <technique sid="common">
          <lambert>
            <emission>
              <color sid="emission">0 0 0 1</color>
            </emission>
            <diffuse>
              <color sid="diffuse">0 1 0 1</color>
            </diffuse>
            <index_of_refraction>
              <float sid="ior">1.45</float>
            </index_of_refraction>
          </lambert>
        </technique>
      </profile_COMMON>
    </effect>
    <effect id="Material_008-effect">
      <profile_COMMON>
        <technique sid="common">
          <lambert>
            <emission>
              <color sid="emission">0 0 0 1</color>
            </emission>
            <diffuse>
              <color sid="diffuse">0 0 0 1</color>
            </diffuse>
            <index_of_refraction>
              <float sid="ior">1.45</float>
            </index_of_refraction>
          </lambert>
        </technique>
      </profile_COMMON>
    </effect>
    <effect id="Material_012-effect">
      <profile_COMMON>
        <technique sid="common">
          <lambert>
            <emission>
              <color sid="emission">0 0 0 1</color>
            </emission>
            <diffuse>
              <color sid="diffuse">1 0 0 1</color>
            </diffuse>
            <index_of_refraction>
              <float sid="ior">1.45</float>
            </index_of_refraction>
          </lambert>
        </technique>
      </profile_COMMON>
    </effect>
    <effect id="Material_013-effect">
      <profile_COMMON>
        <technique sid="common">
          <lambert>
            <emission>
              <color sid="emission">0 0 0 1</color>
            </emission>
            <diffuse>
              <color sid="diffuse">0 0 0 1</color>
            </diffuse>
            <index_of_refraction>
              <float sid="ior">1.45</float>
            </index_of_refraction>
          </lambert>
        </technique>
      </profile_COMMON>
    </effect>
    <effect id="Material_015-effect">
      <profile_COMMON>
        <technique sid="common">
          <lambert>
            <emission>
              <color sid="emission">0 0 0 1</color>
            </emission>
            <diffuse>
              <color sid="diffuse">0 0 0 1</color>
            </diffuse>
            <index_of_refraction>
              <float sid="ior">1.45</float>
            </index_of_refraction>
          </lambert>
        </technique>
      </profile_COMMON>
    </effect>
    <effect id="Material_014-effect">
      <profile_COMMON>
        <technique sid="common">
          <lambert>
            <emission>
              <color sid="emission">0 0 0 1</color>
            </emission>
            <diffuse>
              <color sid="diffuse">1 0 0 1</color>
            </diffuse>
            <index_of_refraction>
              <float sid="ior">1.45</float>
            </index_of_refraction>
          </lambert>
        </technique>
      </profile_COMMON>
    </effect>
    <effect id="Material_017-effect">
      <profile_COMMON>
        <technique sid="common">
          <lambert>
            <emission>
              <color sid="emission">0 0 0 1</color>
            </emission>
            <diffuse>
              <color sid="diffuse">0 0 0 1</color>
            </diffuse>
            <index_of_refraction>
              <float sid="ior">1.45</float>
            </index_of_refraction>
          </lambert>
        </technique>
      </profile_COMMON>
    </effect>
    <effect id="Material_020-effect">
      <profile_COMMON>
        <technique sid="common">
          <lambert>
            <emission>
              <color sid="emission">0 0 0 1</color>
            </emission>
            <diffuse>
              <color sid="diffuse">1 0 0 1</color>
            </diffuse>
            <index_of_refraction>
              <float sid="ior">1.45</float>
            </index_of_refraction>
          </lambert>
        </technique>
      </profile_COMMON>
    </effect>
    <effect id="Material_021-effect">
      <profile_COMMON>
        <technique sid="common">
          <lambert>
            <emission>
              <color sid="emission">0 0 0 1</color>
            </emission>
            <diffuse>
              <color sid="diffuse">0 0 0 1</color>
            </diffuse>
            <index_of_refraction>
              <float sid="ior">1.45</float>
            </index_of_refraction>
          </lambert>
        </technique>
      </profile_COMMON>
    </effect>
    <effect id="Material_018-effect">
      <profile_COMMON>
        <technique sid="common">
          <lambert>
            <emission>
              <color sid="emission">0 0 0 1</color>
            </emission>
            <diffuse>
              <color sid="diffuse">1 0 0 1</color>
            </diffuse>
            <index_of_refraction>
              <float sid="ior">1.45</float>
            </index_of_refraction>
          </lambert>
        </technique>
      </profile_COMMON>
    </effect>
    <effect id="Material_019-effect">
      <profile_COMMON>
        <technique sid="common">
          <lambert>
            <emission>
              <color sid="emission">0 0 0 1</color>
            </emission>
            <diffuse>
              <color sid="diffuse">0 0 0 1</color>
            </diffuse>
            <index_of_refraction>
              <float sid="ior">1.45</float>
            </index_of_refraction>
          </lambert>
        </technique>
      </profile_COMMON>
    </effect>
    <effect id="Material_023-effect">
      <profile_COMMON>
        <technique sid="common">
          <lambert>
            <emission>
              <color sid="emission">0 0 0 1</color>
            </emission>
            <diffuse>
              <color sid="diffuse">0 0 0 1</color>
            </diffuse>
            <index_of_refraction>
              <float sid="ior">1.45</float>
            </index_of_refraction>
          </lambert>
        </technique>
      </profile_COMMON>
    </effect>
  </library_effects>
  <library_images/>
  <library_materials>
    <material id="Material_016-material" name="Material.016">
      <instance_effect url="#Material_016-effect"/>
    </material>
    <material id="Material_024-material" name="Material.024">
      <instance_effect url="#Material_024-effect"/>
    </material>
    <material id="Material_001-material" name="Material.001">
      <instance_effect url="#Material_001-effect"/>
    </material>
    <material id="Material_003-material" name="Material.003">
      <instance_effect url="#Material_003-effect"/>
    </material>
    <material id="Material_004-material" name="Material.004">
      <instance_effect url="#Material_004-effect"/>
    </material>
    <material id="Material_006-material" name="Material.006">
      <instance_effect url="#Material_006-effect"/>
    </material>
    <material id="Material_005-material" name="Material.005">
      <instance_effect url="#Material_005-effect"/>
    </material>
    <material id="Material_010-material" name="Material.010">
      <instance_effect url="#Material_010-effect"/>
    </material>
    <material id="Material_009-material" name="Material.009">
      <instance_effect url="#Material_009-effect"/>
    </material>
    <material id="Material_007-material" name="Material.007">
      <instance_effect url="#Material_007-effect"/>
    </material>
    <material id="Material_008-material" name="Material.008">
      <instance_effect url="#Material_008-effect"/>
    </material>
    <material id="Material_012-material" name="Material.012">
      <instance_effect url="#Material_012-effect"/>
    </material>
    <material id="Material_013-material" name="Material.013">
      <instance_effect url="#Material_013-effect"/>
    </material>
    <material id="Material_015-material" name="Material.015">
      <instance_effect url="#Material_015-effect"/>
    </material>
    <material id="Material_014-material" name="Material.014">
      <instance_effect url="#Material_014-effect"/>
    </material>
    <material id="Material_017-material" name="Material.017">
      <instance_effect url="#Material_017-effect"/>
    </material>
    <material id="Material_020-material" name="Material.020">
      <instance_effect url="#Material_020-effect"/>
    </material>
    <material id="Material_021-material" name="Material.021">
      <instance_effect url="#Material_021-effect"/>
    </material>
    <material id="Material_018-material" name="Material.018">
      <instance_effect url="#Material_018-effect"/>
    </material>
    <material id="Material_019-material" name="Material.019">
      <instance_effect url="#Material_019-effect"/>
    </material>
    <material id="Material_023-material" name="Material.023">
      <instance_effect url="#Material_023-effect"/>
    </material>
  </library_materials>
  <library_geometries>
    <geometry id="Cylinder_004-mesh" name="Cylinder.004">
      <mesh>
        <source id="Cylinder_004-mesh-positions">
          <float_array id="Cylinder_004-mesh-positions-array" count="768">0 1 -1 0 1 1 0.1950903 0.9807853 -1 0.1950903 0.9807853 1 0.3826835 0.9238795 -1 0.3826835 0.9238795 1 0.5555703 0.8314696 -1 0.5555703 0.8314696 1 0.7071068 0.7071068 -1 0.7071068 0.7071068 1 0.8314696 0.5555703 -1 0.8314696 0.5555703 1 0.9238795 0.3826834 -1 0.9238795 0.3826834 1 0.9807853 0.1950903 -1 0.9807853 0.1950903 1 1 0 -1 1 0 1 0.9807853 -0.1950903 -1 0.9807853 -0.1950903 1 0.9238796 -0.3826834 -1 0.9238796 -0.3826834 1 0.8314697 -0.5555702 -1 0.8314697 -0.5555702 1 0.7071068 -0.7071068 -1 0.7071068 -0.7071068 1 0.5555702 -0.8314697 -1 0.5555702 -0.8314697 1 0.3826835 -0.9238795 -1 0.3826835 -0.9238795 1 0.1950903 -0.9807853 -1 0.1950903 -0.9807853 1 0 -1 -1 0 -1 1 -0.1950902 -0.9807853 -1 -0.1950902 -0.9807853 1 -0.3826834 -0.9238795 -1 -0.3826834 -0.9238795 1 -0.5555703 -0.8314695 -1 -0.5555703 -0.8314695 1 -0.7071067 -0.7071068 -1 -0.7071067 -0.7071068 1 -0.8314695 -0.5555704 -1 -0.8314695 -0.5555704 1 -0.9238795 -0.3826836 -1 -0.9238795 -0.3826836 1 -0.9807853 -0.1950904 -1 -0.9807853 -0.1950904 1 -1 0 -1 -1 0 1 -0.9807853 0.1950904 -1 -0.9807853 0.1950904 1 -0.9238795 0.3826836 -1 -0.9238795 0.3826836 1 -0.8314697 0.5555701 -1 -0.8314697 0.5555701 1 -0.7071069 0.7071067 -1 -0.7071069 0.7071067 1 -0.5555703 0.8314696 -1 -0.5555703 0.8314696 1 -0.3826834 0.9238796 -1 -0.3826834 0.9238796 1 -0.1950902 0.9807853 -1 -0.1950902 0.9807853 1 0 76 -1 0 76 1 0.1950903 75.98078 -1 0.1950903 75.98078 1 0.3826835 75.92388 -1 0.3826835 75.92388 1 0.5555703 75.83147 -1 0.5555703 75.83147 1 0.7071068 75.70711 -1 0.7071068 75.70711 1 0.8314696 75.55558 -1 0.8314696 75.55558 1 0.9238795 75.38269 -1 0.9238795 75.38269 1 0.9807853 75.19509 -1 0.9807853 75.19509 1 1 75 -1 1 75 1 0.9807853 74.80491 -1 0.9807853 74.80491 1 0.9238796 74.61732 -1 0.9238796 74.61732 1 0.8314697 74.44443 -1 0.8314697 74.44443 1 0.7071068 74.2929 -1 0.7071068 74.2929 1 0.5555702 74.16854 -1 0.5555702 74.16854 1 0.3826835 74.07612 -1 0.3826835 74.07612 1 0.1950903 74.01922 -1 0.1950903 74.01922 1 0 74 -1 0 74 1 -0.1950902 74.01922 -1 -0.1950902 74.01922 1 -0.3826834 74.07612 -1 -0.3826834 74.07612 1 -0.5555703 74.16854 -1 -0.5555703 74.16854 1 -0.7071067 74.2929 -1 -0.7071067 74.2929 1 -0.8314695 74.44443 -1 -0.8314695 74.44443 1 -0.9238795 74.61732 -1 -0.9238795 74.61732 1 -0.9807853 74.80491 -1 -0.9807853 74.80491 1 -1 75 -1 -1 75 1 -0.9807853 75.19509 -1 -0.9807853 75.19509 1 -0.9238795 75.38269 -1 -0.9238795 75.38269 1 -0.8314697 75.55558 -1 -0.8314697 75.55558 1 -0.7071069 75.70711 -1 -0.7071069 75.70711 1 -0.5555703 75.83147 -1 -0.5555703 75.83147 1 -0.3826834 75.92388 -1 -0.3826834 75.92388 1 -0.1950902 75.98078 -1 -0.1950902 75.98078 1 -7.53994e-6 0 -1.026667 -7.53994e-6 75 -1.026667 0.1950827 0 -1.026154 0.1950827 75 -1.026154 0.382676 0 -1.024637 0.382676 75 -1.024637 0.5555629 0 -1.022173 0.5555629 75 -1.022172 0.7070994 0 -1.018856 0.7070994 75 -1.018856 0.8314622 0 -1.014815 0.8314622 75 -1.014815 0.9238721 0 -1.010205 0.9238721 75 -1.010205 0.980778 0 -1.005203 0.980778 75 -1.005202 0.9999927 0 -1 0.9999927 75 -1 0.9807781 0 -0.9947977 0.9807781 75 -0.9947975 0.9238725 0 -0.9897952 0.9238725 75 -0.989795 0.8314626 0 -0.9851849 0.8314626 75 -0.9851847 0.7070997 0 -0.9811439 0.7070997 75 -0.9811438 0.5555631 0 -0.9778276 0.5555631 75 -0.9778274 0.3826764 0 -0.9753633 0.3826764 75 -0.9753631 0.1950832 0 -0.9738458 0.1950832 75 -0.9738457 -7.0631e-6 0 -0.9733334 -7.0631e-6 75 -0.9733332 -0.1950972 0 -0.9738458 -0.1950972 75 -0.9738457 -0.3826905 0 -0.9753633 -0.3826905 75 -0.9753631 -0.5555774 0 -0.9778276 -0.5555774 75 -0.9778274 -0.7071138 0 -0.9811439 -0.7071138 75 -0.9811437 -0.8314767 0 -0.9851849 -0.8314767 75 -0.9851847 -0.9238867 0 -0.9897952 -0.9238867 75 -0.989795 -0.9807925 0 -0.9947977 -0.9807925 75 -0.9947975 -1.000007 0 -1 -1.000007 75 -1 -0.9807927 0 -1.005203 -0.9807927 75 -1.005202 -0.9238869 0 -1.010205 -0.9238869 75 -1.010205 -0.8314771 0 -1.014815 -0.8314771 75 -1.014815 -0.7071143 0 -1.018856 -0.7071143 75 -1.018856 -0.5555778 0 -1.022173 -0.5555778 75 -1.022172 -0.3826909 0 -1.024637 -0.3826909 75 -1.024637 -0.1950977 0 -1.026154 -0.1950977 75 -1.026154 7.0631e-6 0 0.9733332 7.0631e-6 75 0.9733334 0.1950973 0 0.9738457 0.1950973 75 0.9738458 0.3826906 0 0.9753631 0.3826906 75 0.9753633 0.5555774 0 0.9778274 0.5555774 75 0.9778276 0.7071139 0 0.9811437 0.7071139 75 0.9811439 0.8314768 0 0.9851847 0.8314768 75 0.9851849 0.9238867 0 0.989795 0.9238867 75 0.9897952 0.9807925 0 0.9947975 0.9807925 75 0.9947977 1.000007 0 1 1.000007 75 1 0.9807927 0 1.005202 0.9807927 75 1.005203 0.923887 0 1.010205 0.923887 75 1.010205 0.8314771 0 1.014815 0.8314771 75 1.014815 0.7071143 0 1.018856 0.7071143 75 1.018856 0.5555776 0 1.022172 0.5555776 75 1.022173 0.382691 0 1.024637 0.382691 75 1.024637 0.1950978 0 1.026154 0.1950978 75 1.026154 7.53994e-6 0 1.026667 7.53994e-6 75 1.026667 -0.1950826 0 1.026154 -0.1950826 75 1.026154 -0.3826759 0 1.024637 -0.3826759 75 1.024637 -0.5555629 0 1.022172 -0.5555629 75 1.022173 -0.7070993 0 1.018856 -0.7070993 75 1.018856 -0.8314622 0 1.014815 -0.8314622 75 1.014815 -0.9238721 0 1.010205 -0.9238721 75 1.010205 -0.980778 0 1.005202 -0.980778 75 1.005203 -0.9999927 0 1 -0.9999927 75 1 -0.9807781 0 0.9947975 -0.9807781 75 0.9947977 -0.9238724 0 0.989795 -0.9238724 75 0.9897952 -0.8314626 0 0.9851847 -0.8314626 75 0.9851849 -0.7070998 0 0.9811438 -0.7070998 75 0.9811439 -0.5555632 0 0.9778274 -0.5555632 75 0.9778276 -0.3826763 0 0.9753631 -0.3826763 75 0.9753633 -0.1950831 0 0.9738457 -0.1950831 75 0.9738458</float_array>
          <technique_common>
            <accessor source="#Cylinder_004-mesh-positions-array" count="256" stride="3">
              <param name="X" type="float"/>
              <param name="Y" type="float"/>
              <param name="Z" type="float"/>
            </accessor>
          </technique_common>
        </source>
        <source id="Cylinder_004-mesh-normals">
          <float_array id="Cylinder_004-mesh-normals-array" count="804">0.09801697 0.9951848 0 0.2902848 0.9569403 0 0.4713967 0.8819213 0 0.634393 0.7730107 0 0.7730108 0.634393 0 0.8819214 0.4713968 0 0.9569404 0.2902847 0 0.9951848 0.09801727 0 0.9951848 -0.09801667 0 0.9569406 -0.2902842 0 0.8819215 -0.4713965 0 0.7730107 -0.634393 0 0.6343931 -0.7730107 0 0.4713965 -0.8819214 0 0.2902848 -0.9569404 0 0.09801697 -0.9951848 0 -0.09801703 -0.9951848 0 -0.2902849 -0.9569404 0 -0.4713968 -0.8819214 0 -0.6343934 -0.7730104 0 -0.7730103 -0.6343937 0 -0.8819212 -0.4713969 0 -0.9569405 -0.2902846 0 -0.9951847 -0.09801721 0 -0.9951848 0.09801661 0 -0.9569403 0.2902851 0 -0.8819212 0.4713971 0 -0.7730106 0.6343932 0 -0.6343934 0.7730104 0 -0.4713969 0.8819212 0 0 0 1 -0.2902842 0.9569405 0 -0.09801703 0.9951848 0 0 0 -1 0.2902848 0.9569404 0 0.6343933 0.7730104 0 0.7730105 0.6343934 0 0.8819216 0.4713962 0 0.9569402 0.2902853 0 0.9951848 0.09801667 0 0.9951848 -0.09801727 0 0.9569404 -0.2902847 0 0.8819212 -0.471397 0 0.7730104 -0.6343934 0 0.6343934 -0.7730104 0 0.2902848 -0.9569403 0 -0.2902848 -0.9569404 0 -0.6343931 -0.7730106 0 -0.9569403 -0.2902851 0 -0.9951848 -0.09801661 0 -0.9951847 0.09801721 0 -0.9569405 0.2902846 0 -0.8819214 0.4713966 0 1.02308e-6 0 1 -0.2902843 0.9569405 0 0 0 -1 3.97513e-6 0 -1 3.97512e-6 0 -1 3.97512e-6 0 -1 -1.02308e-6 0 -1 2.87797e-7 0 -1 0 0 -1 0.09803593 0.9951829 0 0.2902578 0.9569485 0 0.4714164 0.8819108 0 0.634382 0.7730198 0 0.7730078 0.6343967 0 0.8819245 0.4713907 0 0.9569398 0.2902869 0 0.9951848 0.09801679 0 0.9951849 -0.0980162 0 0.9569399 -0.2902863 0 0.8819247 -0.4713903 0 0.7730075 -0.6343971 0 0.6343817 -0.7730201 0 0.4714166 -0.8819107 0 0.2902578 -0.9569485 0 0.09803593 -0.9951829 0 -0.09803599 -0.9951829 0 -0.2902579 -0.9569485 0 -0.4714161 -0.8819109 0 -0.6343826 -0.7730193 0 -0.7730075 -0.6343971 0 -0.8819245 -0.4713907 0 -0.9569398 -0.2902869 0 -0.9951848 -0.09801679 0 -0.9951849 0.0980162 0 -0.9569395 0.2902874 0 -0.8819247 0.4713903 0 -0.7730075 0.6343971 0 -0.634382 0.7730198 0 -0.4714161 0.8819109 0 -0.2902578 0.9569485 0 -0.09803599 0.9951829 0 0.2902578 0.9569485 0 0.6343823 0.7730196 0 0.7730075 0.6343971 0 0.8819247 0.4713903 0 0.9569395 0.2902874 0 0.9951849 0.0980162 0 0.9951848 -0.09801679 0 0.9569398 -0.2902869 0 0.8819245 -0.4713907 0 0.773007 -0.6343975 0 0.634382 -0.7730198 0 0.2902578 -0.9569485 0 0.09803593 -0.9951829 0 -0.2902578 -0.9569485 0 -0.6343823 -0.7730196 0 -0.9569395 -0.2902874 0 -0.9951849 -0.0980162 0 -0.9951848 0.09801679 0 -0.9569398 0.2902869 0 -0.881925 0.4713898 0 -0.2902579 0.9569485 0 -0.09803599 0.9951829 0 0.002624809 0 -0.9999966 0.008089244 0 -0.9999673 0.01425176 0 -0.9998985 0.02187883 0 -0.9997607 0.03247755 0 -0.9994725 0.0498265 0 -0.998758 0.08756959 0 -0.9961584 0.261352 0 -0.9652436 0.2613439 0 0.9652458 0.08756995 0 0.9961584 0.04982864 0 0.9987578 0.03247755 0 0.9994725 0.02187883 0 0.9997607 0.01425176 0 0.9998984 0.008089244 0 0.9999673 0.002625882 0 0.9999966 -0.002626895 0 0.9999966 -0.008089244 0 0.9999673 -0.0142517 0 0.9998985 -0.0218802 0 0.9997607 -0.03247594 0 0.9994726 -0.04982644 0 0.998758 -0.08756959 0 0.9961584 -0.261352 0 0.9652436 -0.2613439 0 -0.9652458 -0.08756625 0 -0.9961587 -0.04983091 0 -0.9987577 -0.03247761 0 -0.9994724 -0.02187752 0 -0.9997607 -0.0142529 0 -0.9998985 0 1 2.86102e-4 -0.008090317 0 -0.9999673 -0.002625882 0 -0.9999966 0 -1 0 0.002627968 0 -0.9999966 0.008089244 0 -0.9999673 0.0142529 0 -0.9998985 0.02187752 0 -0.9997607 0.03247755 0 -0.9994725 0.04982864 0 -0.9987578 0.08756959 0 -0.9961584 0.2613329 0 -0.9652488 0.2613439 0 0.9652458 0.08756995 0 0.9961584 0.0498265 0 0.998758 0.03247594 0 0.9994725 0.0218802 0 0.9997607 0.01425176 0 0.9998984 0.008089244 0 0.9999673 0.002626895 0 0.9999966 -0.002625882 0 0.9999966 -0.008089244 0 0.9999673 -0.0142517 0 0.9998985 -0.02187889 0 0.9997607 -0.03247755 0 0.9994726 -0.04982864 0 0.9987578 -0.08756959 0 0.9961584 -0.2613329 0 0.9652488 -0.2613439 0 -0.9652458 -0.08756977 0 -0.9961584 -0.04982656 0 -0.9987579 -0.03247594 0 -0.9994726 -0.0218802 0 -0.9997607 -0.01425176 0 -0.9998985 0 1 0 0 0.9999793 -0.006442129 0 0.9999545 0.009541273 0 0.9999546 0.009539544 0 0.9999545 -0.00954014 0 0.9999546 0.0095402 0 0.999997 0.002455353 0 0.9999983 -0.001866519 0 0.9999996 9.33256e-4 0 0.9999985 -0.001724421 0 0.9999971 0.002455294 -0.008088111 0 -0.9999673 -0.002626895 0 -0.9999966 0.002626895 0 -0.9999966 0.008089244 0 -0.9999673 0.01425176 0 -0.9998984 0.0218802 0 -0.9997607 0.03247594 0 -0.9994725 0.0498265 0 -0.998758 0.08756959 0 -0.9961584 0.2613424 0 -0.9652463 0.2613344 0 0.9652484 0.08756995 0 0.9961584 0.04983085 0 0.9987577 0.03247755 0 0.9994725 0.02187883 0 0.9997607 0.01425296 0 0.9998984 0.008089244 0 0.9999673 0.002627968 0 0.9999966 -0.002626895 0 0.9999966 -0.008088111 0 0.9999673 -0.0142517 0 0.9998985 -0.02187889 0 0.9997607 -0.03247755 0 0.9994726 -0.04982644 0 0.998758 -0.08756959 0 0.9961584 -0.2613424 0 0.9652463 -0.2613344 0 -0.9652484 -0.08756977 0 -0.9961584 -0.0498287 0 -0.9987578 -0.03247761 0 -0.9994724 -0.02187883 0 -0.9997607 -0.0142517 0 -0.9998985 -0.008089244 0 -0.9999673 -0.002625882 0 -0.9999966 0.002625882 0 -0.9999966 0.008089244 0 -0.9999673 0.01425176 0 -0.9998984 0.02187883 0 -0.9997607 0.03247755 0 -0.9994725 0.04982864 0 -0.9987578 0.08756959 0 -0.9961584 0.2613424 0 -0.9652463 0.2613534 0 0.9652432 0.08756643 0 0.9961587 0.0498265 0 0.998758 0.03247594 0 0.9994725 0.02187883 0 0.9997607 0.01425176 0 0.9998984 0.008089244 0 0.9999673 0.002624809 0 0.9999966 -0.002625882 0 0.9999966 -0.008090317 0 0.9999673 -0.0142529 0 0.9998985 -0.02187752 0 0.9997607 -0.03247755 0 0.9994726 -0.04982864 0 0.9987578 -0.08756959 0 0.9961584 -0.2613424 0 0.9652463 -0.2613534 0 -0.9652432 -0.08756977 0 -0.9961584 -0.04982656 0 -0.9987579 -0.03247594 0 -0.9994726 -0.0218802 0 -0.9997607 -0.0142517 0 -0.9998985 0 0.9999793 -0.006442666 0 0.9999546 0.009539127 0 0.9999546 -0.009539902 0 0.9999545 0.009539127 0 0.9999545 -0.009540557 0 0.9999545 -0.009539604 0 0.9999997 -9.33257e-4 0 0.999997 0.002455353 0 0.999997 0.002455353 0 0.9999998 6.90712e-4 0 1 -5.72206e-4 -0.008089244 0 -0.9999673 -0.002626895 0 -0.9999966</float_array>
          <technique_common>
            <accessor source="#Cylinder_004-mesh-normals-array" count="268" stride="3">
              <param name="X" type="float"/>
              <param name="Y" type="float"/>
              <param name="Z" type="float"/>
            </accessor>
          </technique_common>
        </source>
        <source id="Cylinder_004-mesh-map-0">
          <float_array id="Cylinder_004-mesh-map-0-array" count="2976">1 1 0.96875 0.5 1 0.5 0.96875 1 0.9375 0.5 0.96875 0.5 0.9375 1 0.90625 0.5 0.9375 0.5 0.90625 1 0.8750001 0.5 0.90625 0.5 0.8750001 1 0.84375 0.5 0.8750001 0.5 0.84375 1 0.8125 0.5 0.84375 0.5 0.8125 1 0.78125 0.5 0.8125 0.5 0.78125 1 0.75 0.5 0.78125 0.5 0.75 1 0.71875 0.5 0.75 0.5 0.71875 1 0.6875 0.5 0.71875 0.5 0.6875 1 0.65625 0.5 0.6875 0.5 0.65625 1 0.625 0.5 0.65625 0.5 0.625 1 0.59375 0.5 0.625 0.5 0.59375 1 0.5625 0.5 0.59375 0.5 0.5625 1 0.53125 0.5 0.5625 0.5 0.53125 1 0.5 0.5 0.53125 0.5 0.5 1 0.46875 0.5 0.5 0.5 0.46875 1 0.4375 0.5 0.46875 0.5 0.4375 1 0.40625 0.5 0.4375 0.5 0.40625 1 0.375 0.5 0.40625 0.5 0.375 1 0.34375 0.5 0.375 0.5 0.34375 1 0.3125 0.5 0.34375 0.5 0.3125 1 0.28125 0.5 0.3125 0.5 0.28125 1 0.25 0.5 0.28125 0.5 0.25 1 0.21875 0.5 0.25 0.5 0.21875 1 0.1875 0.5 0.21875 0.5 0.1875 1 0.15625 0.5 0.1875 0.5 0.15625 1 0.125 0.5 0.15625 0.5 0.125 1 0.09375 0.5 0.125 0.5 0.09375 1 0.0625 0.5 0.09375 0.5 0.02826893 0.341844 0.1581559 0.02826887 0.4717311 0.1581559 0.0625 1 0.03125 0.5 0.0625 0.5 0.03125 1 0 0.5 0.03125 0.5 0.9853885 0.2968217 0.7968217 0.01461148 0.5146116 0.2031783 1 1 0.96875 1 0.96875 0.5 0.96875 1 0.9375 1 0.9375 0.5 0.9375 1 0.90625 1 0.90625 0.5 0.90625 1 0.8750001 1 0.8750001 0.5 0.8750001 1 0.84375 1 0.84375 0.5 0.84375 1 0.8125 1 0.8125 0.5 0.8125 1 0.78125 1 0.78125 0.5 0.78125 1 0.75 1 0.75 0.5 0.75 1 0.71875 1 0.71875 0.5 0.71875 1 0.6875 1 0.6875 0.5 0.6875 1 0.65625 1 0.65625 0.5 0.65625 1 0.625 1 0.625 0.5 0.625 1 0.59375 1 0.59375 0.5 0.59375 1 0.5625 1 0.5625 0.5 0.5625 1 0.53125 1 0.53125 0.5 0.53125 1 0.5 1 0.5 0.5 0.5 1 0.46875 1 0.46875 0.5 0.46875 1 0.4375 1 0.4375 0.5 0.4375 1 0.40625 1 0.40625 0.5 0.40625 1 0.375 1 0.375 0.5 0.375 1 0.34375 1 0.34375 0.5 0.34375 1 0.3125 1 0.3125 0.5 0.3125 1 0.28125 1 0.28125 0.5 0.28125 1 0.25 1 0.25 0.5 0.25 1 0.21875 1 0.21875 0.5 0.21875 1 0.1875 1 0.1875 0.5 0.1875 1 0.15625 1 0.15625 0.5 0.15625 1 0.125 1 0.125 0.5 0.125 1 0.09375 1 0.09375 0.5 0.09375 1 0.0625 1 0.0625 0.5 0.341844 0.4717311 0.2968217 0.4853885 0.1581559 0.4717311 0.2968217 0.4853885 0.25 0.49 0.1581559 0.4717311 0.25 0.49 0.2031783 0.4853885 0.1581559 0.4717311 0.1581559 0.4717311 0.116663 0.4495527 0.08029431 0.4197056 0.08029431 0.4197056 0.0504471 0.3833368 0.1581559 0.4717311 0.0504471 0.3833368 0.02826893 0.341844 0.1581559 0.4717311 0.02826893 0.341844 0.01461154 0.2968217 0.00999999 0.25 0.00999999 0.25 0.01461154 0.2031783 0.02826887 0.1581559 0.02826887 0.1581559 0.05044728 0.116663 0.08029437 0.08029437 0.08029437 0.08029437 0.116663 0.05044728 0.1581559 0.02826887 0.1581559 0.02826887 0.2031783 0.01461148 0.25 0.00999999 0.25 0.00999999 0.2968217 0.01461148 0.341844 0.02826887 0.341844 0.02826887 0.3833369 0.05044728 0.4197056 0.08029437 0.4197056 0.08029437 0.4495527 0.116663 0.4717311 0.1581559 0.4717311 0.1581559 0.4853885 0.2031783 0.49 0.25 0.49 0.25 0.4853885 0.2968217 0.4717311 0.341844 0.4717311 0.341844 0.4495527 0.3833369 0.4197056 0.4197056 0.4197056 0.4197056 0.3833369 0.4495527 0.341844 0.4717311 0.02826893 0.341844 0.00999999 0.25 0.1581559 0.02826887 0.00999999 0.25 0.02826887 0.1581559 0.1581559 0.02826887 0.02826887 0.1581559 0.08029437 0.08029437 0.1581559 0.02826887 0.1581559 0.02826887 0.25 0.00999999 0.341844 0.02826887 0.341844 0.02826887 0.4197056 0.08029437 0.1581559 0.02826887 0.4197056 0.08029437 0.4717311 0.1581559 0.1581559 0.02826887 0.4717311 0.1581559 0.49 0.25 0.341844 0.4717311 0.49 0.25 0.4717311 0.341844 0.341844 0.4717311 0.4717311 0.341844 0.4197056 0.4197056 0.341844 0.4717311 0.341844 0.4717311 0.1581559 0.4717311 0.02826893 0.341844 0.341844 0.4717311 0.02826893 0.341844 0.4717311 0.1581559 0.0625 1 0.03125 1 0.03125 0.5 0.03125 1 0 1 0 0.5 0.7031784 0.4853885 0.75 0.49 0.7968217 0.4853885 0.7968217 0.4853885 0.841844 0.4717311 0.8833369 0.4495527 0.8833369 0.4495527 0.9197056 0.4197056 0.9495527 0.3833369 0.9495527 0.3833369 0.9717311 0.341844 0.9853885 0.2968217 0.9853885 0.2968217 0.99 0.25 0.9853885 0.2031783 0.9853885 0.2031783 0.9717311 0.1581559 0.9495527 0.116663 0.9495527 0.116663 0.9197056 0.08029437 0.8833369 0.05044728 0.8833369 0.05044728 0.841844 0.02826887 0.7968217 0.01461148 0.7968217 0.01461148 0.75 0.00999999 0.7031784 0.01461148 0.7031784 0.01461148 0.658156 0.02826887 0.6166631 0.05044728 0.6166631 0.05044728 0.5802944 0.08029437 0.5504474 0.116663 0.5504474 0.116663 0.5282689 0.1581559 0.5146116 0.2031783 0.5146116 0.2031783 0.51 0.25 0.5146116 0.2968217 0.5146116 0.2968217 0.5282689 0.341844 0.5146116 0.2031783 0.5282689 0.341844 0.5504473 0.3833368 0.5146116 0.2031783 0.5504473 0.3833368 0.5802944 0.4197056 0.7031784 0.4853885 0.5802944 0.4197056 0.6166631 0.4495527 0.7031784 0.4853885 0.6166631 0.4495527 0.658156 0.4717311 0.7031784 0.4853885 0.7031784 0.4853885 0.7968217 0.4853885 0.9853885 0.2968217 0.7968217 0.4853885 0.8833369 0.4495527 0.9853885 0.2968217 0.8833369 0.4495527 0.9495527 0.3833369 0.9853885 0.2968217 0.9853885 0.2968217 0.9853885 0.2031783 0.9495527 0.116663 0.9495527 0.116663 0.8833369 0.05044728 0.9853885 0.2968217 0.8833369 0.05044728 0.7968217 0.01461148 0.9853885 0.2968217 0.7968217 0.01461148 0.7031784 0.01461148 0.5146116 0.2031783 0.7031784 0.01461148 0.6166631 0.05044728 0.5146116 0.2031783 0.6166631 0.05044728 0.5504474 0.116663 0.5146116 0.2031783 0.5146116 0.2031783 0.5504473 0.3833368 0.7031784 0.4853885 0.7031784 0.4853885 0.9853885 0.2968217 0.5146116 0.2031783 1 1 0.96875 0.5 1 0.5 0.96875 1 0.9375 0.5 0.96875 0.5 0.9375 1 0.90625 0.5 0.9375 0.5 0.90625 1 0.8750001 0.5 0.90625 0.5 0.8750001 1 0.84375 0.5 0.8750001 0.5 0.84375 1 0.8125 0.5 0.84375 0.5 0.8125 1 0.78125 0.5 0.8125 0.5 0.78125 1 0.75 0.5 0.78125 0.5 0.75 1 0.71875 0.5 0.75 0.5 0.71875 1 0.6875 0.5 0.71875 0.5 0.6875 1 0.65625 0.5 0.6875 0.5 0.65625 1 0.625 0.5 0.65625 0.5 0.625 1 0.59375 0.5 0.625 0.5 0.59375 1 0.5625 0.5 0.59375 0.5 0.5625 1 0.53125 0.5 0.5625 0.5 0.53125 1 0.5 0.5 0.53125 0.5 0.5 1 0.46875 0.5 0.5 0.5 0.46875 1 0.4375 0.5 0.46875 0.5 0.4375 1 0.40625 0.5 0.4375 0.5 0.40625 1 0.375 0.5 0.40625 0.5 0.375 1 0.34375 0.5 0.375 0.5 0.34375 1 0.3125 0.5 0.34375 0.5 0.3125 1 0.28125 0.5 0.3125 0.5 0.28125 1 0.25 0.5 0.28125 0.5 0.25 1 0.21875 0.5 0.25 0.5 0.21875 1 0.1875 0.5 0.21875 0.5 0.1875 1 0.15625 0.5 0.1875 0.5 0.15625 1 0.125 0.5 0.15625 0.5 0.125 1 0.09375 0.5 0.125 0.5 0.09375 1 0.0625 0.5 0.09375 0.5 0.02826893 0.341844 0.1581559 0.02826887 0.4717311 0.1581559 0.0625 1 0.03125 0.5 0.0625 0.5 0.03125 1 0 0.5 0.03125 0.5 0.9853885 0.2968217 0.7968217 0.01461148 0.5146116 0.2031783 1 1 0.96875 1 0.96875 0.5 0.96875 1 0.9375 1 0.9375 0.5 0.9375 1 0.90625 1 0.90625 0.5 0.90625 1 0.8750001 1 0.8750001 0.5 0.8750001 1 0.84375 1 0.84375 0.5 0.84375 1 0.8125 1 0.8125 0.5 0.8125 1 0.78125 1 0.78125 0.5 0.78125 1 0.75 1 0.75 0.5 0.75 1 0.71875 1 0.71875 0.5 0.71875 1 0.6875 1 0.6875 0.5 0.6875 1 0.65625 1 0.65625 0.5 0.65625 1 0.625 1 0.625 0.5 0.625 1 0.59375 1 0.59375 0.5 0.59375 1 0.5625 1 0.5625 0.5 0.5625 1 0.53125 1 0.53125 0.5 0.53125 1 0.5 1 0.5 0.5 0.5 1 0.46875 1 0.46875 0.5 0.46875 1 0.4375 1 0.4375 0.5 0.4375 1 0.40625 1 0.40625 0.5 0.40625 1 0.375 1 0.375 0.5 0.375 1 0.34375 1 0.34375 0.5 0.34375 1 0.3125 1 0.3125 0.5 0.3125 1 0.28125 1 0.28125 0.5 0.28125 1 0.25 1 0.25 0.5 0.25 1 0.21875 1 0.21875 0.5 0.21875 1 0.1875 1 0.1875 0.5 0.1875 1 0.15625 1 0.15625 0.5 0.15625 1 0.125 1 0.125 0.5 0.125 1 0.09375 1 0.09375 0.5 0.09375 1 0.0625 1 0.0625 0.5 0.341844 0.4717311 0.2968217 0.4853885 0.1581559 0.4717311 0.2968217 0.4853885 0.25 0.49 0.1581559 0.4717311 0.25 0.49 0.2031783 0.4853885 0.1581559 0.4717311 0.1581559 0.4717311 0.116663 0.4495527 0.08029431 0.4197056 0.08029431 0.4197056 0.0504471 0.3833368 0.1581559 0.4717311 0.0504471 0.3833368 0.02826893 0.341844 0.1581559 0.4717311 0.02826893 0.341844 0.01461154 0.2968217 0.00999999 0.25 0.00999999 0.25 0.01461154 0.2031783 0.02826887 0.1581559 0.02826887 0.1581559 0.05044728 0.116663 0.08029437 0.08029437 0.08029437 0.08029437 0.116663 0.05044728 0.1581559 0.02826887 0.1581559 0.02826887 0.2031783 0.01461148 0.25 0.00999999 0.25 0.00999999 0.2968217 0.01461148 0.341844 0.02826887 0.341844 0.02826887 0.3833369 0.05044728 0.4197056 0.08029437 0.4197056 0.08029437 0.4495527 0.116663 0.4717311 0.1581559 0.4717311 0.1581559 0.4853885 0.2031783 0.49 0.25 0.49 0.25 0.4853885 0.2968217 0.4717311 0.341844 0.4717311 0.341844 0.4495527 0.3833369 0.4197056 0.4197056 0.4197056 0.4197056 0.3833369 0.4495527 0.341844 0.4717311 0.02826893 0.341844 0.00999999 0.25 0.1581559 0.02826887 0.00999999 0.25 0.02826887 0.1581559 0.1581559 0.02826887 0.02826887 0.1581559 0.08029437 0.08029437 0.1581559 0.02826887 0.1581559 0.02826887 0.25 0.00999999 0.341844 0.02826887 0.341844 0.02826887 0.4197056 0.08029437 0.1581559 0.02826887 0.4197056 0.08029437 0.4717311 0.1581559 0.1581559 0.02826887 0.4717311 0.1581559 0.49 0.25 0.341844 0.4717311 0.49 0.25 0.4717311 0.341844 0.341844 0.4717311 0.4717311 0.341844 0.4197056 0.4197056 0.341844 0.4717311 0.341844 0.4717311 0.1581559 0.4717311 0.02826893 0.341844 0.341844 0.4717311 0.02826893 0.341844 0.4717311 0.1581559 0.0625 1 0.03125 1 0.03125 0.5 0.03125 1 0 1 0 0.5 0.7031784 0.4853885 0.75 0.49 0.7968217 0.4853885 0.7968217 0.4853885 0.841844 0.4717311 0.8833369 0.4495527 0.8833369 0.4495527 0.9197056 0.4197056 0.9495527 0.3833369 0.9495527 0.3833369 0.9717311 0.341844 0.9853885 0.2968217 0.9853885 0.2968217 0.99 0.25 0.9853885 0.2031783 0.9853885 0.2031783 0.9717311 0.1581559 0.9495527 0.116663 0.9495527 0.116663 0.9197056 0.08029437 0.8833369 0.05044728 0.8833369 0.05044728 0.841844 0.02826887 0.7968217 0.01461148 0.7968217 0.01461148 0.75 0.00999999 0.7031784 0.01461148 0.7031784 0.01461148 0.658156 0.02826887 0.6166631 0.05044728 0.6166631 0.05044728 0.5802944 0.08029437 0.5504474 0.116663 0.5504474 0.116663 0.5282689 0.1581559 0.5146116 0.2031783 0.5146116 0.2031783 0.51 0.25 0.5146116 0.2968217 0.5146116 0.2968217 0.5282689 0.341844 0.5146116 0.2031783 0.5282689 0.341844 0.5504473 0.3833368 0.5146116 0.2031783 0.5504473 0.3833368 0.5802944 0.4197056 0.7031784 0.4853885 0.5802944 0.4197056 0.6166631 0.4495527 0.7031784 0.4853885 0.6166631 0.4495527 0.658156 0.4717311 0.7031784 0.4853885 0.7031784 0.4853885 0.7968217 0.4853885 0.9853885 0.2968217 0.7968217 0.4853885 0.8833369 0.4495527 0.9853885 0.2968217 0.8833369 0.4495527 0.9495527 0.3833369 0.9853885 0.2968217 0.9853885 0.2968217 0.9853885 0.2031783 0.9495527 0.116663 0.9495527 0.116663 0.8833369 0.05044728 0.9853885 0.2968217 0.8833369 0.05044728 0.7968217 0.01461148 0.9853885 0.2968217 0.7968217 0.01461148 0.7031784 0.01461148 0.5146116 0.2031783 0.7031784 0.01461148 0.6166631 0.05044728 0.5146116 0.2031783 0.6166631 0.05044728 0.5504474 0.116663 0.5146116 0.2031783 0.5146116 0.2031783 0.5504473 0.3833368 0.7031784 0.4853885 0.7031784 0.4853885 0.9853885 0.2968217 0.5146116 0.2031783 1 1 0.96875 0.5 1 0.5 0.96875 1 0.9375 0.5 0.96875 0.5 0.9375 1 0.90625 0.5 0.9375 0.5 0.90625 1 0.8750001 0.5 0.90625 0.5 0.8750001 1 0.84375 0.5 0.8750001 0.5 0.84375 1 0.8125 0.5 0.84375 0.5 0.8125 1 0.78125 0.5 0.8125 0.5 0.78125 1 0.75 0.5 0.78125 0.5 0.75 1 0.71875 0.5 0.75 0.5 0.71875 1 0.6875 0.5 0.71875 0.5 0.6875 1 0.65625 0.5 0.6875 0.5 0.65625 1 0.625 0.5 0.65625 0.5 0.625 1 0.59375 0.5 0.625 0.5 0.59375 1 0.5625 0.5 0.59375 0.5 0.5625 1 0.53125 0.5 0.5625 0.5 0.53125 1 0.5 0.5 0.53125 0.5 0.5 1 0.46875 0.5 0.5 0.5 0.46875 1 0.4375 0.5 0.46875 0.5 0.4375 1 0.40625 0.5 0.4375 0.5 0.40625 1 0.375 0.5 0.40625 0.5 0.375 1 0.34375 0.5 0.375 0.5 0.34375 1 0.3125 0.5 0.34375 0.5 0.3125 1 0.28125 0.5 0.3125 0.5 0.28125 1 0.25 0.5 0.28125 0.5 0.25 1 0.21875 0.5 0.25 0.5 0.21875 1 0.1875 0.5 0.21875 0.5 0.1875 1 0.15625 0.5 0.1875 0.5 0.15625 1 0.125 0.5 0.15625 0.5 0.125 1 0.09375 0.5 0.125 0.5 0.09375 1 0.0625 0.5 0.09375 0.5 0.02826893 0.341844 0.1581559 0.02826887 0.4717311 0.1581559 0.0625 1 0.03125 0.5 0.0625 0.5 0.03125 1 0 0.5 0.03125 0.5 0.9853885 0.2968217 0.7968217 0.01461148 0.5146116 0.2031783 1 1 0.96875 1 0.96875 0.5 0.96875 1 0.9375 1 0.9375 0.5 0.9375 1 0.90625 1 0.90625 0.5 0.90625 1 0.8750001 1 0.8750001 0.5 0.8750001 1 0.84375 1 0.84375 0.5 0.84375 1 0.8125 1 0.8125 0.5 0.8125 1 0.78125 1 0.78125 0.5 0.78125 1 0.75 1 0.75 0.5 0.75 1 0.71875 1 0.71875 0.5 0.71875 1 0.6875 1 0.6875 0.5 0.6875 1 0.65625 1 0.65625 0.5 0.65625 1 0.625 1 0.625 0.5 0.625 1 0.59375 1 0.59375 0.5 0.59375 1 0.5625 1 0.5625 0.5 0.5625 1 0.53125 1 0.53125 0.5 0.53125 1 0.5 1 0.5 0.5 0.5 1 0.46875 1 0.46875 0.5 0.46875 1 0.4375 1 0.4375 0.5 0.4375 1 0.40625 1 0.40625 0.5 0.40625 1 0.375 1 0.375 0.5 0.375 1 0.34375 1 0.34375 0.5 0.34375 1 0.3125 1 0.3125 0.5 0.3125 1 0.28125 1 0.28125 0.5 0.28125 1 0.25 1 0.25 0.5 0.25 1 0.21875 1 0.21875 0.5 0.21875 1 0.1875 1 0.1875 0.5 0.1875 1 0.15625 1 0.15625 0.5 0.15625 1 0.125 1 0.125 0.5 0.125 1 0.09375 1 0.09375 0.5 0.09375 1 0.0625 1 0.0625 0.5 0.341844 0.4717311 0.2968217 0.4853885 0.1581559 0.4717311 0.2968217 0.4853885 0.25 0.49 0.1581559 0.4717311 0.25 0.49 0.2031783 0.4853885 0.1581559 0.4717311 0.1581559 0.4717311 0.116663 0.4495527 0.08029431 0.4197056 0.08029431 0.4197056 0.0504471 0.3833368 0.1581559 0.4717311 0.0504471 0.3833368 0.02826893 0.341844 0.1581559 0.4717311 0.02826893 0.341844 0.01461154 0.2968217 0.00999999 0.25 0.00999999 0.25 0.01461154 0.2031783 0.02826887 0.1581559 0.02826887 0.1581559 0.05044728 0.116663 0.08029437 0.08029437 0.08029437 0.08029437 0.116663 0.05044728 0.1581559 0.02826887 0.1581559 0.02826887 0.2031783 0.01461148 0.25 0.00999999 0.25 0.00999999 0.2968217 0.01461148 0.341844 0.02826887 0.341844 0.02826887 0.3833369 0.05044728 0.4197056 0.08029437 0.4197056 0.08029437 0.4495527 0.116663 0.4717311 0.1581559 0.4717311 0.1581559 0.4853885 0.2031783 0.49 0.25 0.49 0.25 0.4853885 0.2968217 0.4717311 0.341844 0.4717311 0.341844 0.4495527 0.3833369 0.4197056 0.4197056 0.4197056 0.4197056 0.3833369 0.4495527 0.341844 0.4717311 0.02826893 0.341844 0.00999999 0.25 0.1581559 0.02826887 0.00999999 0.25 0.02826887 0.1581559 0.1581559 0.02826887 0.02826887 0.1581559 0.08029437 0.08029437 0.1581559 0.02826887 0.1581559 0.02826887 0.25 0.00999999 0.341844 0.02826887 0.341844 0.02826887 0.4197056 0.08029437 0.1581559 0.02826887 0.4197056 0.08029437 0.4717311 0.1581559 0.1581559 0.02826887 0.4717311 0.1581559 0.49 0.25 0.341844 0.4717311 0.49 0.25 0.4717311 0.341844 0.341844 0.4717311 0.4717311 0.341844 0.4197056 0.4197056 0.341844 0.4717311 0.341844 0.4717311 0.1581559 0.4717311 0.02826893 0.341844 0.341844 0.4717311 0.02826893 0.341844 0.4717311 0.1581559 0.0625 1 0.03125 1 0.03125 0.5 0.03125 1 0 1 0 0.5 0.7031784 0.4853885 0.75 0.49 0.7968217 0.4853885 0.7968217 0.4853885 0.841844 0.4717311 0.8833369 0.4495527 0.8833369 0.4495527 0.9197056 0.4197056 0.9495527 0.3833369 0.9495527 0.3833369 0.9717311 0.341844 0.9853885 0.2968217 0.9853885 0.2968217 0.99 0.25 0.9853885 0.2031783 0.9853885 0.2031783 0.9717311 0.1581559 0.9495527 0.116663 0.9495527 0.116663 0.9197056 0.08029437 0.8833369 0.05044728 0.8833369 0.05044728 0.841844 0.02826887 0.7968217 0.01461148 0.7968217 0.01461148 0.75 0.00999999 0.7031784 0.01461148 0.7031784 0.01461148 0.658156 0.02826887 0.6166631 0.05044728 0.6166631 0.05044728 0.5802944 0.08029437 0.5504474 0.116663 0.5504474 0.116663 0.5282689 0.1581559 0.5146116 0.2031783 0.5146116 0.2031783 0.51 0.25 0.5146116 0.2968217 0.5146116 0.2968217 0.5282689 0.341844 0.5146116 0.2031783 0.5282689 0.341844 0.5504473 0.3833368 0.5146116 0.2031783 0.5504473 0.3833368 0.5802944 0.4197056 0.7031784 0.4853885 0.5802944 0.4197056 0.6166631 0.4495527 0.7031784 0.4853885 0.6166631 0.4495527 0.658156 0.4717311 0.7031784 0.4853885 0.7031784 0.4853885 0.7968217 0.4853885 0.9853885 0.2968217 0.7968217 0.4853885 0.8833369 0.4495527 0.9853885 0.2968217 0.8833369 0.4495527 0.9495527 0.3833369 0.9853885 0.2968217 0.9853885 0.2968217 0.9853885 0.2031783 0.9495527 0.116663 0.9495527 0.116663 0.8833369 0.05044728 0.9853885 0.2968217 0.8833369 0.05044728 0.7968217 0.01461148 0.9853885 0.2968217 0.7968217 0.01461148 0.7031784 0.01461148 0.5146116 0.2031783 0.7031784 0.01461148 0.6166631 0.05044728 0.5146116 0.2031783 0.6166631 0.05044728 0.5504474 0.116663 0.5146116 0.2031783 0.5146116 0.2031783 0.5504473 0.3833368 0.7031784 0.4853885 0.7031784 0.4853885 0.9853885 0.2968217 0.5146116 0.2031783 1 1 0.96875 0.5 1 0.5 0.96875 1 0.9375 0.5 0.96875 0.5 0.9375 1 0.90625 0.5 0.9375 0.5 0.90625 1 0.8750001 0.5 0.90625 0.5 0.8750001 1 0.84375 0.5 0.8750001 0.5 0.84375 1 0.8125 0.5 0.84375 0.5 0.8125 1 0.78125 0.5 0.8125 0.5 0.78125 1 0.75 0.5 0.78125 0.5 0.75 1 0.71875 0.5 0.75 0.5 0.71875 1 0.6875 0.5 0.71875 0.5 0.6875 1 0.65625 0.5 0.6875 0.5 0.65625 1 0.625 0.5 0.65625 0.5 0.625 1 0.59375 0.5 0.625 0.5 0.59375 1 0.5625 0.5 0.59375 0.5 0.5625 1 0.53125 0.5 0.5625 0.5 0.53125 1 0.5 0.5 0.53125 0.5 0.5 1 0.46875 0.5 0.5 0.5 0.46875 1 0.4375 0.5 0.46875 0.5 0.4375 1 0.40625 0.5 0.4375 0.5 0.40625 1 0.375 0.5 0.40625 0.5 0.375 1 0.34375 0.5 0.375 0.5 0.34375 1 0.3125 0.5 0.34375 0.5 0.3125 1 0.28125 0.5 0.3125 0.5 0.28125 1 0.25 0.5 0.28125 0.5 0.25 1 0.21875 0.5 0.25 0.5 0.21875 1 0.1875 0.5 0.21875 0.5 0.1875 1 0.15625 0.5 0.1875 0.5 0.15625 1 0.125 0.5 0.15625 0.5 0.125 1 0.09375 0.5 0.125 0.5 0.09375 1 0.0625 0.5 0.09375 0.5 0.02826893 0.341844 0.1581559 0.02826887 0.4717311 0.1581559 0.0625 1 0.03125 0.5 0.0625 0.5 0.03125 1 0 0.5 0.03125 0.5 0.9853885 0.2968217 0.7968217 0.01461148 0.5146116 0.2031783 1 1 0.96875 1 0.96875 0.5 0.96875 1 0.9375 1 0.9375 0.5 0.9375 1 0.90625 1 0.90625 0.5 0.90625 1 0.8750001 1 0.8750001 0.5 0.8750001 1 0.84375 1 0.84375 0.5 0.84375 1 0.8125 1 0.8125 0.5 0.8125 1 0.78125 1 0.78125 0.5 0.78125 1 0.75 1 0.75 0.5 0.75 1 0.71875 1 0.71875 0.5 0.71875 1 0.6875 1 0.6875 0.5 0.6875 1 0.65625 1 0.65625 0.5 0.65625 1 0.625 1 0.625 0.5 0.625 1 0.59375 1 0.59375 0.5 0.59375 1 0.5625 1 0.5625 0.5 0.5625 1 0.53125 1 0.53125 0.5 0.53125 1 0.5 1 0.5 0.5 0.5 1 0.46875 1 0.46875 0.5 0.46875 1 0.4375 1 0.4375 0.5 0.4375 1 0.40625 1 0.40625 0.5 0.40625 1 0.375 1 0.375 0.5 0.375 1 0.34375 1 0.34375 0.5 0.34375 1 0.3125 1 0.3125 0.5 0.3125 1 0.28125 1 0.28125 0.5 0.28125 1 0.25 1 0.25 0.5 0.25 1 0.21875 1 0.21875 0.5 0.21875 1 0.1875 1 0.1875 0.5 0.1875 1 0.15625 1 0.15625 0.5 0.15625 1 0.125 1 0.125 0.5 0.125 1 0.09375 1 0.09375 0.5 0.09375 1 0.0625 1 0.0625 0.5 0.341844 0.4717311 0.2968217 0.4853885 0.1581559 0.4717311 0.2968217 0.4853885 0.25 0.49 0.1581559 0.4717311 0.25 0.49 0.2031783 0.4853885 0.1581559 0.4717311 0.1581559 0.4717311 0.116663 0.4495527 0.08029431 0.4197056 0.08029431 0.4197056 0.0504471 0.3833368 0.1581559 0.4717311 0.0504471 0.3833368 0.02826893 0.341844 0.1581559 0.4717311 0.02826893 0.341844 0.01461154 0.2968217 0.00999999 0.25 0.00999999 0.25 0.01461154 0.2031783 0.02826887 0.1581559 0.02826887 0.1581559 0.05044728 0.116663 0.08029437 0.08029437 0.08029437 0.08029437 0.116663 0.05044728 0.1581559 0.02826887 0.1581559 0.02826887 0.2031783 0.01461148 0.25 0.00999999 0.25 0.00999999 0.2968217 0.01461148 0.341844 0.02826887 0.341844 0.02826887 0.3833369 0.05044728 0.4197056 0.08029437 0.4197056 0.08029437 0.4495527 0.116663 0.4717311 0.1581559 0.4717311 0.1581559 0.4853885 0.2031783 0.49 0.25 0.49 0.25 0.4853885 0.2968217 0.4717311 0.341844 0.4717311 0.341844 0.4495527 0.3833369 0.4197056 0.4197056 0.4197056 0.4197056 0.3833369 0.4495527 0.341844 0.4717311 0.02826893 0.341844 0.00999999 0.25 0.1581559 0.02826887 0.00999999 0.25 0.02826887 0.1581559 0.1581559 0.02826887 0.02826887 0.1581559 0.08029437 0.08029437 0.1581559 0.02826887 0.1581559 0.02826887 0.25 0.00999999 0.341844 0.02826887 0.341844 0.02826887 0.4197056 0.08029437 0.1581559 0.02826887 0.4197056 0.08029437 0.4717311 0.1581559 0.1581559 0.02826887 0.4717311 0.1581559 0.49 0.25 0.341844 0.4717311 0.49 0.25 0.4717311 0.341844 0.341844 0.4717311 0.4717311 0.341844 0.4197056 0.4197056 0.341844 0.4717311 0.341844 0.4717311 0.1581559 0.4717311 0.02826893 0.341844 0.341844 0.4717311 0.02826893 0.341844 0.4717311 0.1581559 0.0625 1 0.03125 1 0.03125 0.5 0.03125 1 0 1 0 0.5 0.7031784 0.4853885 0.75 0.49 0.7968217 0.4853885 0.7968217 0.4853885 0.841844 0.4717311 0.8833369 0.4495527 0.8833369 0.4495527 0.9197056 0.4197056 0.9495527 0.3833369 0.9495527 0.3833369 0.9717311 0.341844 0.9853885 0.2968217 0.9853885 0.2968217 0.99 0.25 0.9853885 0.2031783 0.9853885 0.2031783 0.9717311 0.1581559 0.9495527 0.116663 0.9495527 0.116663 0.9197056 0.08029437 0.8833369 0.05044728 0.8833369 0.05044728 0.841844 0.02826887 0.7968217 0.01461148 0.7968217 0.01461148 0.75 0.00999999 0.7031784 0.01461148 0.7031784 0.01461148 0.658156 0.02826887 0.6166631 0.05044728 0.6166631 0.05044728 0.5802944 0.08029437 0.5504474 0.116663 0.5504474 0.116663 0.5282689 0.1581559 0.5146116 0.2031783 0.5146116 0.2031783 0.51 0.25 0.5146116 0.2968217 0.5146116 0.2968217 0.5282689 0.341844 0.5146116 0.2031783 0.5282689 0.341844 0.5504473 0.3833368 0.5146116 0.2031783 0.5504473 0.3833368 0.5802944 0.4197056 0.7031784 0.4853885 0.5802944 0.4197056 0.6166631 0.4495527 0.7031784 0.4853885 0.6166631 0.4495527 0.658156 0.4717311 0.7031784 0.4853885 0.7031784 0.4853885 0.7968217 0.4853885 0.9853885 0.2968217 0.7968217 0.4853885 0.8833369 0.4495527 0.9853885 0.2968217 0.8833369 0.4495527 0.9495527 0.3833369 0.9853885 0.2968217 0.9853885 0.2968217 0.9853885 0.2031783 0.9495527 0.116663 0.9495527 0.116663 0.8833369 0.05044728 0.9853885 0.2968217 0.8833369 0.05044728 0.7968217 0.01461148 0.9853885 0.2968217 0.7968217 0.01461148 0.7031784 0.01461148 0.5146116 0.2031783 0.7031784 0.01461148 0.6166631 0.05044728 0.5146116 0.2031783 0.6166631 0.05044728 0.5504474 0.116663 0.5146116 0.2031783 0.5146116 0.2031783 0.5504473 0.3833368 0.7031784 0.4853885 0.7031784 0.4853885 0.9853885 0.2968217 0.5146116 0.2031783</float_array>
          <technique_common>
            <accessor source="#Cylinder_004-mesh-map-0-array" count="1488" stride="2">
              <param name="S" type="float"/>
              <param name="T" type="float"/>
            </accessor>
          </technique_common>
        </source>
        <vertices id="Cylinder_004-mesh-vertices">
          <input semantic="POSITION" source="#Cylinder_004-mesh-positions"/>
        </vertices>
        <triangles count="496">
          <input semantic="VERTEX" source="#Cylinder_004-mesh-vertices" offset="0"/>
          <input semantic="NORMAL" source="#Cylinder_004-mesh-normals" offset="1"/>
          <input semantic="TEXCOORD" source="#Cylinder_004-mesh-map-0" offset="2" set="0"/>
          <p>1 0 0 2 0 1 0 0 2 3 1 3 4 1 4 2 1 5 5 2 6 6 2 7 4 2 8 7 3 9 8 3 10 6 3 11 9 4 12 10 4 13 8 4 14 11 5 15 12 5 16 10 5 17 13 6 18 14 6 19 12 6 20 15 7 21 16 7 22 14 7 23 17 8 24 18 8 25 16 8 26 19 9 27 20 9 28 18 9 29 21 10 30 22 10 31 20 10 32 23 11 33 24 11 34 22 11 35 25 12 36 26 12 37 24 12 38 27 13 39 28 13 40 26 13 41 29 14 42 30 14 43 28 14 44 31 15 45 32 15 46 30 15 47 33 16 48 34 16 49 32 16 50 35 17 51 36 17 52 34 17 53 37 18 54 38 18 55 36 18 56 39 19 57 40 19 58 38 19 59 41 20 60 42 20 61 40 20 62 43 21 63 44 21 64 42 21 65 45 22 66 46 22 67 44 22 68 47 23 69 48 23 70 46 23 71 49 24 72 50 24 73 48 24 74 51 25 75 52 25 76 50 25 77 53 26 78 54 26 79 52 26 80 55 27 81 56 27 82 54 27 83 57 28 84 58 28 85 56 28 86 59 29 87 60 29 88 58 29 89 53 30 90 37 30 91 21 30 92 61 31 93 62 31 94 60 31 95 63 32 96 0 32 97 62 32 98 14 33 99 30 33 100 46 33 101 1 0 102 3 0 103 2 0 104 3 34 105 5 34 106 4 34 107 5 2 108 7 2 109 6 2 110 7 35 111 9 35 112 8 35 113 9 36 114 11 36 115 10 36 116 11 37 117 13 37 118 12 37 119 13 38 120 15 38 121 14 38 122 15 39 123 17 39 124 16 39 125 17 40 126 19 40 127 18 40 128 19 41 129 21 41 130 20 41 131 21 42 132 23 42 133 22 42 134 23 43 135 25 43 136 24 43 137 25 44 138 27 44 139 26 44 140 27 13 141 29 13 142 28 13 143 29 45 144 31 45 145 30 45 146 31 15 147 33 15 148 32 15 149 33 16 150 35 16 151 34 16 152 35 46 153 37 46 154 36 46 155 37 18 156 39 18 157 38 18 158 39 47 159 41 47 160 40 47 161 41 20 162 43 20 163 42 20 164 43 21 165 45 21 166 44 21 167 45 48 168 47 48 169 46 48 170 47 49 171 49 49 172 48 49 173 49 50 174 51 50 175 50 50 176 51 51 177 53 51 178 52 51 179 53 52 180 55 52 181 54 52 182 55 27 183 57 27 184 56 27 185 57 28 186 59 28 187 58 28 188 59 29 189 61 29 190 60 29 191 5 30 192 3 30 193 61 30 194 3 30 195 1 30 196 61 30 197 1 30 198 63 30 199 61 30 200 61 30 201 59 30 202 57 30 203 57 30 204 55 30 205 61 30 206 55 30 207 53 30 208 61 30 209 53 30 210 51 30 211 49 30 212 49 30 213 47 30 214 45 30 215 45 30 216 43 30 217 41 30 218 41 30 219 39 30 220 37 30 221 37 30 222 35 30 223 33 30 224 33 30 225 31 30 226 29 30 227 29 30 228 27 30 229 25 30 230 25 30 231 23 30 232 21 30 233 21 30 234 19 30 235 17 30 236 17 30 237 15 30 238 13 30 239 13 30 240 11 30 241 9 30 242 9 30 243 7 30 244 5 30 245 53 30 246 49 30 247 37 30 248 49 30 249 45 30 250 37 30 251 45 53 252 41 53 253 37 53 254 37 30 255 33 30 256 29 30 257 29 30 258 25 30 259 37 30 260 25 30 261 21 30 262 37 30 263 21 30 264 17 30 265 5 30 266 17 30 267 13 30 268 5 30 269 13 30 270 9 30 271 5 30 272 5 30 273 61 30 274 53 30 275 5 30 276 53 30 277 21 30 278 61 54 279 63 54 280 62 54 281 63 32 282 1 32 283 0 32 284 62 55 285 0 55 286 2 55 287 2 55 288 4 55 289 6 55 290 6 55 291 8 55 292 10 55 293 10 56 294 12 56 295 14 56 296 14 55 297 16 55 298 18 55 299 18 57 300 20 57 301 22 57 302 22 55 303 24 55 304 26 55 305 26 55 306 28 55 307 30 55 308 30 55 309 32 55 310 34 55 311 34 55 312 36 55 313 38 55 314 38 55 315 40 55 316 42 55 317 42 58 318 44 58 319 46 58 320 46 55 321 48 55 322 50 55 323 50 55 324 52 55 325 46 55 326 52 55 327 54 55 328 46 55 329 54 55 330 56 55 331 62 55 332 56 55 333 58 55 334 62 55 335 58 55 336 60 55 337 62 55 338 62 55 339 2 55 340 14 55 341 2 55 342 6 55 343 14 55 344 6 55 345 10 55 346 14 55 347 14 59 348 18 59 349 22 59 350 22 55 351 26 55 352 14 55 353 26 55 354 30 55 355 14 55 356 30 55 357 34 55 358 46 55 359 34 55 360 38 55 361 46 55 362 38 55 363 42 55 364 46 55 365 46 60 366 54 60 367 62 60 368 62 61 369 14 61 370 46 61 371 65 62 372 66 62 373 64 62 374 67 63 375 68 63 376 66 63 377 69 64 378 70 64 379 68 64 380 71 65 381 72 65 382 70 65 383 73 66 384 74 66 385 72 66 386 75 67 387 76 67 388 74 67 389 77 68 390 78 68 391 76 68 392 79 69 393 80 69 394 78 69 395 81 70 396 82 70 397 80 70 398 83 71 399 84 71 400 82 71 401 85 72 402 86 72 403 84 72 404 87 73 405 88 73 406 86 73 407 89 74 408 90 74 409 88 74 410 91 75 411 92 75 412 90 75 413 93 76 414 94 76 415 92 76 416 95 77 417 96 77 418 94 77 419 97 78 420 98 78 421 96 78 422 99 79 423 100 79 424 98 79 425 101 80 426 102 80 427 100 80 428 103 81 429 104 81 430 102 81 431 105 82 432 106 82 433 104 82 434 107 83 435 108 83 436 106 83 437 109 84 438 110 84 439 108 84 440 111 85 441 112 85 442 110 85 443 113 86 444 114 86 445 112 86 446 115 87 447 116 87 448 114 87 449 117 88 450 118 88 451 116 88 452 119 89 453 120 89 454 118 89 455 121 90 456 122 90 457 120 90 458 123 91 459 124 91 460 122 91 461 117 30 462 101 30 463 85 30 464 125 92 465 126 92 466 124 92 467 127 93 468 64 93 469 126 93 470 78 55 471 94 55 472 110 55 473 65 62 474 67 62 475 66 62 476 67 94 477 69 94 478 68 94 479 69 64 480 71 64 481 70 64 482 71 95 483 73 95 484 72 95 485 73 96 486 75 96 487 74 96 488 75 97 489 77 97 490 76 97 491 77 98 492 79 98 493 78 98 494 79 99 495 81 99 496 80 99 497 81 100 498 83 100 499 82 100 500 83 101 501 85 101 502 84 101 503 85 102 504 87 102 505 86 102 506 87 103 507 89 103 508 88 103 509 89 104 510 91 104 511 90 104 512 91 75 513 93 75 514 92 75 515 93 105 516 95 105 517 94 105 518 95 106 519 97 106 520 96 106 521 97 78 522 99 78 523 98 78 524 99 107 525 101 107 526 100 107 527 101 80 528 103 80 529 102 80 530 103 108 531 105 108 532 104 108 533 105 82 534 107 82 535 106 82 536 107 83 537 109 83 538 108 83 539 109 109 540 111 109 541 110 109 542 111 110 543 113 110 544 112 110 545 113 111 546 115 111 547 114 111 548 115 112 549 117 112 550 116 112 551 117 113 552 119 113 553 118 113 554 119 89 555 121 89 556 120 89 557 121 90 558 123 90 559 122 90 560 123 91 561 125 91 562 124 91 563 69 30 564 67 30 565 125 30 566 67 30 567 65 30 568 125 30 569 65 30 570 127 30 571 125 30 572 125 30 573 123 30 574 121 30 575 121 30 576 119 30 577 125 30 578 119 30 579 117 30 580 125 30 581 117 30 582 115 30 583 113 30 584 113 30 585 111 30 586 109 30 587 109 30 588 107 30 589 105 30 590 105 30 591 103 30 592 101 30 593 101 30 594 99 30 595 97 30 596 97 30 597 95 30 598 93 30 599 93 30 600 91 30 601 89 30 602 89 30 603 87 30 604 85 30 605 85 30 606 83 30 607 81 30 608 81 30 609 79 30 610 77 30 611 77 30 612 75 30 613 73 30 614 73 30 615 71 30 616 69 30 617 117 30 618 113 30 619 101 30 620 113 30 621 109 30 622 101 30 623 109 30 624 105 30 625 101 30 626 101 30 627 97 30 628 93 30 629 93 30 630 89 30 631 101 30 632 89 30 633 85 30 634 101 30 635 85 30 636 81 30 637 69 30 638 81 30 639 77 30 640 69 30 641 77 30 642 73 30 643 69 30 644 69 30 645 125 30 646 117 30 647 69 30 648 117 30 649 85 30 650 125 114 651 127 114 652 126 114 653 127 115 654 65 115 655 64 115 656 126 55 657 64 55 658 66 55 659 66 55 660 68 55 661 70 55 662 70 55 663 72 55 664 74 55 665 74 55 666 76 55 667 78 55 668 78 55 669 80 55 670 82 55 671 82 55 672 84 55 673 86 55 674 86 55 675 88 55 676 90 55 677 90 55 678 92 55 679 94 55 680 94 55 681 96 55 682 98 55 683 98 55 684 100 55 685 102 55 686 102 55 687 104 55 688 106 55 689 106 55 690 108 55 691 110 55 692 110 55 693 112 55 694 114 55 695 114 55 696 116 55 697 110 55 698 116 55 699 118 55 700 110 55 701 118 55 702 120 55 703 126 55 704 120 55 705 122 55 706 126 55 707 122 55 708 124 55 709 126 55 710 126 55 711 66 55 712 78 55 713 66 55 714 70 55 715 78 55 716 70 55 717 74 55 718 78 55 719 78 55 720 82 55 721 86 55 722 86 55 723 90 55 724 78 55 725 90 55 726 94 55 727 78 55 728 94 55 729 98 55 730 110 55 731 98 55 732 102 55 733 110 55 734 102 55 735 106 55 736 110 55 737 110 55 738 118 55 739 126 55 740 126 55 741 78 55 742 110 55 743 129 116 744 130 116 745 128 116 746 131 117 747 132 117 748 130 117 749 133 118 750 134 118 751 132 118 752 135 119 753 136 119 754 134 119 755 137 120 756 138 120 757 136 120 758 139 121 759 140 121 760 138 121 761 141 122 762 142 122 763 140 122 764 143 123 765 144 123 766 142 123 767 145 124 768 146 124 769 144 124 770 147 125 771 148 125 772 146 125 773 149 126 774 150 126 775 148 126 776 151 127 777 152 127 778 150 127 779 153 128 780 154 128 781 152 128 782 155 129 783 156 129 784 154 129 785 157 130 786 158 130 787 156 130 788 159 131 789 160 131 790 158 131 791 161 132 792 162 132 793 160 132 794 163 133 795 164 133 796 162 133 797 165 134 798 166 134 799 164 134 800 167 135 801 168 135 802 166 135 803 169 136 804 170 136 805 168 136 806 171 137 807 172 137 808 170 137 809 173 138 810 174 138 811 172 138 812 175 139 813 176 139 814 174 139 815 177 140 816 178 140 817 176 140 818 179 141 819 180 141 820 178 141 821 181 142 822 182 142 823 180 142 824 183 143 825 184 143 826 182 143 827 185 144 828 186 144 829 184 144 830 187 145 831 188 145 832 186 145 833 181 146 834 165 146 835 149 146 836 189 147 837 190 147 838 188 147 839 191 148 840 128 148 841 190 148 842 142 149 843 158 149 844 174 149 845 129 150 846 131 150 847 130 150 848 131 151 849 133 151 850 132 151 851 133 152 852 135 152 853 134 152 854 135 153 855 137 153 856 136 153 857 137 154 858 139 154 859 138 154 860 139 155 861 141 155 862 140 155 863 141 156 864 143 156 865 142 156 866 143 157 867 145 157 868 144 157 869 145 158 870 147 158 871 146 158 872 147 159 873 149 159 874 148 159 875 149 160 876 151 160 877 150 160 878 151 161 879 153 161 880 152 161 881 153 162 882 155 162 883 154 162 884 155 163 885 157 163 886 156 163 887 157 164 888 159 164 889 158 164 890 159 165 891 161 165 892 160 165 893 161 166 894 163 166 895 162 166 896 163 167 897 165 167 898 164 167 899 165 168 900 167 168 901 166 168 902 167 169 903 169 169 904 168 169 905 169 170 906 171 170 907 170 170 908 171 171 909 173 171 910 172 171 911 173 172 912 175 172 913 174 172 914 175 173 915 177 173 916 176 173 917 177 174 918 179 174 919 178 174 920 179 175 921 181 175 922 180 175 923 181 176 924 183 176 925 182 176 926 183 177 927 185 177 928 184 177 929 185 178 930 187 178 931 186 178 932 187 179 933 189 179 934 188 179 935 133 180 936 131 180 937 189 180 938 131 181 939 129 181 940 189 181 941 129 182 942 191 182 943 189 182 944 189 183 945 187 183 946 185 183 947 185 180 948 183 180 949 189 180 950 183 180 951 181 180 952 189 180 953 181 180 954 179 180 955 177 180 956 177 180 957 175 180 958 173 180 959 173 184 960 171 184 961 169 184 962 169 180 963 167 180 964 165 180 965 165 185 966 163 185 967 161 185 968 161 180 969 159 180 970 157 180 971 157 180 972 155 180 973 153 180 974 153 180 975 151 180 976 149 180 977 149 180 978 147 180 979 145 180 980 145 180 981 143 180 982 141 180 983 141 180 984 139 180 985 137 180 986 137 180 987 135 180 988 133 180 989 181 180 990 177 180 991 165 180 992 177 180 993 173 180 994 165 180 995 173 186 996 169 186 997 165 186 998 165 180 999 161 180 1000 157 180 1001 157 180 1002 153 180 1003 165 180 1004 153 187 1005 149 187 1006 165 187 1007 149 188 1008 145 188 1009 133 188 1010 145 189 1011 141 189 1012 133 189 1013 141 190 1014 137 190 1015 133 190 1016 133 180 1017 189 180 1018 181 180 1019 133 180 1020 181 180 1021 149 180 1022 189 191 1023 191 191 1024 190 191 1025 191 192 1026 129 192 1027 128 192 1028 190 149 1029 128 149 1030 130 149 1031 130 149 1032 132 149 1033 134 149 1034 134 149 1035 136 149 1036 138 149 1037 138 149 1038 140 149 1039 142 149 1040 142 149 1041 144 149 1042 146 149 1043 146 149 1044 148 149 1045 150 149 1046 150 149 1047 152 149 1048 154 149 1049 154 149 1050 156 149 1051 158 149 1052 158 149 1053 160 149 1054 162 149 1055 162 149 1056 164 149 1057 166 149 1058 166 149 1059 168 149 1060 170 149 1061 170 149 1062 172 149 1063 174 149 1064 174 149 1065 176 149 1066 178 149 1067 178 149 1068 180 149 1069 174 149 1070 180 149 1071 182 149 1072 174 149 1073 182 149 1074 184 149 1075 190 149 1076 184 149 1077 186 149 1078 190 149 1079 186 149 1080 188 149 1081 190 149 1082 190 149 1083 130 149 1084 142 149 1085 130 149 1086 134 149 1087 142 149 1088 134 149 1089 138 149 1090 142 149 1091 142 149 1092 146 149 1093 150 149 1094 150 149 1095 154 149 1096 142 149 1097 154 149 1098 158 149 1099 142 149 1100 158 149 1101 162 149 1102 174 149 1103 162 149 1104 166 149 1105 174 149 1106 166 149 1107 170 149 1108 174 149 1109 174 149 1110 182 149 1111 190 149 1112 190 149 1113 142 149 1114 174 149 1115 193 193 1116 194 193 1117 192 193 1118 195 194 1119 196 194 1120 194 194 1121 197 195 1122 198 195 1123 196 195 1124 199 196 1125 200 196 1126 198 196 1127 201 197 1128 202 197 1129 200 197 1130 203 198 1131 204 198 1132 202 198 1133 205 199 1134 206 199 1135 204 199 1136 207 200 1137 208 200 1138 206 200 1139 209 201 1140 210 201 1141 208 201 1142 211 202 1143 212 202 1144 210 202 1145 213 203 1146 214 203 1147 212 203 1148 215 204 1149 216 204 1150 214 204 1151 217 205 1152 218 205 1153 216 205 1154 219 206 1155 220 206 1156 218 206 1157 221 207 1158 222 207 1159 220 207 1160 223 208 1161 224 208 1162 222 208 1163 225 209 1164 226 209 1165 224 209 1166 227 210 1167 228 210 1168 226 210 1169 229 211 1170 230 211 1171 228 211 1172 231 212 1173 232 212 1174 230 212 1175 233 213 1176 234 213 1177 232 213 1178 235 214 1179 236 214 1180 234 214 1181 237 215 1182 238 215 1183 236 215 1184 239 216 1185 240 216 1186 238 216 1187 241 217 1188 242 217 1189 240 217 1190 243 218 1191 244 218 1192 242 218 1193 245 219 1194 246 219 1195 244 219 1196 247 220 1197 248 220 1198 246 220 1199 249 221 1200 250 221 1201 248 221 1202 251 222 1203 252 222 1204 250 222 1205 245 180 1206 229 180 1207 213 180 1208 253 223 1209 254 223 1210 252 223 1211 255 224 1212 192 224 1213 254 224 1214 206 149 1215 222 149 1216 238 149 1217 193 225 1218 195 225 1219 194 225 1220 195 226 1221 197 226 1222 196 226 1223 197 227 1224 199 227 1225 198 227 1226 199 228 1227 201 228 1228 200 228 1229 201 229 1230 203 229 1231 202 229 1232 203 230 1233 205 230 1234 204 230 1235 205 231 1236 207 231 1237 206 231 1238 207 232 1239 209 232 1240 208 232 1241 209 233 1242 211 233 1243 210 233 1244 211 234 1245 213 234 1246 212 234 1247 213 235 1248 215 235 1249 214 235 1250 215 236 1251 217 236 1252 216 236 1253 217 237 1254 219 237 1255 218 237 1256 219 238 1257 221 238 1258 220 238 1259 221 239 1260 223 239 1261 222 239 1262 223 240 1263 225 240 1264 224 240 1265 225 241 1266 227 241 1267 226 241 1268 227 242 1269 229 242 1270 228 242 1271 229 243 1272 231 243 1273 230 243 1274 231 244 1275 233 244 1276 232 244 1277 233 245 1278 235 245 1279 234 245 1280 235 246 1281 237 246 1282 236 246 1283 237 247 1284 239 247 1285 238 247 1286 239 248 1287 241 248 1288 240 248 1289 241 249 1290 243 249 1291 242 249 1292 243 250 1293 245 250 1294 244 250 1295 245 251 1296 247 251 1297 246 251 1298 247 252 1299 249 252 1300 248 252 1301 249 253 1302 251 253 1303 250 253 1304 251 254 1305 253 254 1306 252 254 1307 197 180 1308 195 180 1309 253 180 1310 195 255 1311 193 255 1312 253 255 1313 193 256 1314 255 256 1315 253 256 1316 253 180 1317 251 180 1318 249 180 1319 249 180 1320 247 180 1321 253 180 1322 247 180 1323 245 180 1324 253 180 1325 245 180 1326 243 180 1327 241 180 1328 241 180 1329 239 180 1330 237 180 1331 237 257 1332 235 257 1333 233 257 1334 233 180 1335 231 180 1336 229 180 1337 229 258 1338 227 258 1339 225 258 1340 225 180 1341 223 180 1342 221 180 1343 221 259 1344 219 259 1345 217 259 1346 217 180 1347 215 180 1348 213 180 1349 213 180 1350 211 180 1351 209 180 1352 209 180 1353 207 180 1354 205 180 1355 205 180 1356 203 180 1357 201 180 1358 201 260 1359 199 260 1360 197 260 1361 245 261 1362 241 261 1363 229 261 1364 241 180 1365 237 180 1366 229 180 1367 237 262 1368 233 262 1369 229 262 1370 229 180 1371 225 180 1372 221 180 1373 221 180 1374 217 180 1375 229 180 1376 217 180 1377 213 180 1378 229 180 1379 213 180 1380 209 180 1381 197 180 1382 209 180 1383 205 180 1384 197 180 1385 205 263 1386 201 263 1387 197 263 1388 197 264 1389 253 264 1390 245 264 1391 197 265 1392 245 265 1393 213 265 1394 253 266 1395 255 266 1396 254 266 1397 255 267 1398 193 267 1399 192 267 1400 254 149 1401 192 149 1402 194 149 1403 194 149 1404 196 149 1405 198 149 1406 198 149 1407 200 149 1408 202 149 1409 202 149 1410 204 149 1411 206 149 1412 206 149 1413 208 149 1414 210 149 1415 210 149 1416 212 149 1417 214 149 1418 214 149 1419 216 149 1420 218 149 1421 218 149 1422 220 149 1423 222 149 1424 222 149 1425 224 149 1426 226 149 1427 226 149 1428 228 149 1429 230 149 1430 230 149 1431 232 149 1432 234 149 1433 234 149 1434 236 149 1435 238 149 1436 238 149 1437 240 149 1438 242 149 1439 242 149 1440 244 149 1441 238 149 1442 244 149 1443 246 149 1444 238 149 1445 246 149 1446 248 149 1447 254 149 1448 248 149 1449 250 149 1450 254 149 1451 250 149 1452 252 149 1453 254 149 1454 254 149 1455 194 149 1456 206 149 1457 194 149 1458 198 149 1459 206 149 1460 198 149 1461 202 149 1462 206 149 1463 206 149 1464 210 149 1465 214 149 1466 214 149 1467 218 149 1468 206 149 1469 218 149 1470 222 149 1471 206 149 1472 222 149 1473 226 149 1474 238 149 1475 226 149 1476 230 149 1477 238 149 1478 230 149 1479 234 149 1480 238 149 1481 238 149 1482 246 149 1483 254 149 1484 254 149 1485 206 149 1486 238 149 1487</p>
        </triangles>
      </mesh>
    </geometry>
    <geometry id="Cylinder_010-mesh" name="Cylinder.010">
      <mesh>
        <source id="Cylinder_010-mesh-positions">
          <float_array id="Cylinder_010-mesh-positions-array" count="4032">0 1 -1 0 1 1 0.1950903 0.9807853 -1 0.1950903 0.9807853 1 0.3826835 0.9238795 -1 0.3826835 0.9238795 1 0.5555703 0.8314696 -1 0.5555703 0.8314696 1 0.7071068 0.7071068 -1 0.7071068 0.7071068 1 0.8314696 0.5555703 -1 0.8314696 0.5555703 1 0.9238795 0.3826834 -1 0.9238795 0.3826834 1 0.9807853 0.1950903 -1 0.9807853 0.1950903 1 1 0 -1 1 0 1 0.9807853 -0.1950903 -1 0.9807853 -0.1950903 1 0.9238796 -0.3826834 -1 0.9238796 -0.3826834 1 0.8314697 -0.5555702 -1 0.8314697 -0.5555702 1 0.7071068 -0.7071068 -1 0.7071068 -0.7071068 1 0.5555702 -0.8314697 -1 0.5555702 -0.8314697 1 0.3826835 -0.9238795 -1 0.3826835 -0.9238795 1 0.1950903 -0.9807853 -1 0.1950903 -0.9807853 1 0 -1 -1 0 -1 1 -0.1950902 -0.9807853 -1 -0.1950902 -0.9807853 1 -0.3826834 -0.9238795 -1 -0.3826834 -0.9238795 1 -0.5555703 -0.8314695 -1 -0.5555703 -0.8314695 1 -0.7071067 -0.7071068 -1 -0.7071067 -0.7071068 1 -0.8314695 -0.5555704 -1 -0.8314695 -0.5555704 1 -0.9238795 -0.3826836 -1 -0.9238795 -0.3826836 1 -0.9807853 -0.1950904 -1 -0.9807853 -0.1950904 1 -1 0 -1 -1 0 1 -0.9807853 0.1950904 -1 -0.9807853 0.1950904 1 -0.9238795 0.3826836 -1 -0.9238795 0.3826836 1 -0.8314697 0.5555701 -1 -0.8314697 0.5555701 1 -0.7071069 0.7071067 -1 -0.7071069 0.7071067 1 -0.5555703 0.8314696 -1 -0.5555703 0.8314696 1 -0.3826834 0.9238796 -1 -0.3826834 0.9238796 1 -0.1950902 0.9807853 -1 -0.1950902 0.9807853 1 75 1 4 75 1 5 75.19509 0.9807853 4 75.19509 0.9807853 5 75.38269 0.9238795 4 75.38269 0.9238795 5 75.55558 0.8314696 4 75.55558 0.8314696 5 75.70711 0.7071068 4 75.70711 0.7071068 5 75.83147 0.5555703 4 75.83147 0.5555703 5 75.92388 0.3826834 4 75.92388 0.3826834 5 75.98078 0.1950903 4 75.98078 0.1950903 5 76 0 4 76 0 5 75.98078 -0.1950902 4 75.98078 -0.1950902 5 75.92388 -0.3826833 4 75.92388 -0.3826833 5 75.83147 -0.5555702 4 75.83147 -0.5555702 5 75.70711 -0.7071068 4 75.70711 -0.7071068 5 75.55558 -0.8314697 4 75.55558 -0.8314697 5 75.38269 -0.9238795 4 75.38269 -0.9238795 5 75.19509 -0.9807853 4 75.19509 -0.9807853 5 75 -1 4 75 -1 5 74.80491 -0.9807853 4 74.80491 -0.9807853 5 74.61732 -0.9238795 4 74.61732 -0.9238795 5 74.44443 -0.8314695 4 74.44443 -0.8314695 5 74.2929 -0.7071068 4 74.2929 -0.7071068 5 74.16854 -0.5555704 4 74.16854 -0.5555704 5 74.07612 -0.3826836 4 74.07612 -0.3826836 5 74.01922 -0.1950904 4 74.01922 -0.1950904 5 74 0 4 74 0 5 74.01922 0.1950904 4 74.01922 0.1950904 5 74.07612 0.3826836 4 74.07612 0.3826836 5 74.16854 0.5555701 4 74.16854 0.5555701 5 74.2929 0.7071067 4 74.2929 0.7071067 5 74.44443 0.8314696 4 74.44443 0.8314696 5 74.61732 0.9238796 4 74.61732 0.9238796 5 74.80491 0.9807853 4 74.80491 0.9807853 5 75 1 4.999999 75 1 6.999999 75.19509 0.9807853 4.999999 75.19509 0.9807853 6.999999 75.38269 0.9238795 4.999999 75.38269 0.9238795 6.999999 75.55558 0.8314696 4.999999 75.55558 0.8314696 6.999999 75.70711 0.7071068 4.999999 75.70711 0.7071068 6.999999 75.83147 0.5555703 4.999999 75.83147 0.5555703 6.999999 75.92388 0.3826834 4.999999 75.92388 0.3826834 6.999999 75.98078 0.1950903 4.999999 75.98078 0.1950903 6.999999 76 0 4.999999 76 0 6.999999 75.98078 -0.1950902 4.999999 75.98078 -0.1950902 6.999999 75.92388 -0.3826833 4.999999 75.92388 -0.3826833 6.999999 75.83147 -0.5555702 4.999999 75.83147 -0.5555702 6.999999 75.70711 -0.7071068 4.999999 75.70711 -0.7071068 6.999999 75.55558 -0.8314697 4.999999 75.55558 -0.8314697 6.999999 75.38269 -0.9238795 4.999999 75.38269 -0.9238795 6.999999 75.19509 -0.9807853 4.999999 75.19509 -0.9807853 6.999999 75 -1 4.999999 75 -1 6.999999 74.80491 -0.9807853 4.999999 74.80491 -0.9807853 6.999999 74.61732 -0.9238795 4.999999 74.61732 -0.9238795 6.999999 74.44443 -0.8314695 4.999999 74.44443 -0.8314695 6.999999 74.2929 -0.7071068 4.999999 74.2929 -0.7071068 6.999999 74.16854 -0.5555704 4.999999 74.16854 -0.5555704 6.999999 74.07612 -0.3826836 4.999999 74.07612 -0.3826836 6.999999 74.01922 -0.1950904 4.999999 74.01922 -0.1950904 6.999999 74 0 4.999999 74 0 6.999999 74.01922 0.1950904 4.999999 74.01922 0.1950904 6.999999 74.07612 0.3826836 4.999999 74.07612 0.3826836 6.999999 74.16854 0.5555701 4.999999 74.16854 0.5555701 6.999999 74.2929 0.7071067 4.999999 74.2929 0.7071067 6.999999 74.44443 0.8314696 4.999999 74.44443 0.8314696 6.999999 74.61732 0.9238796 4.999999 74.61732 0.9238796 6.999999 74.80491 0.9807853 4.999999 74.80491 0.9807853 6.999999 75 1 2 75 1 4 75.19509 0.9807853 2 75.19509 0.9807853 4 75.38269 0.9238795 2 75.38269 0.9238795 4 75.55558 0.8314696 2 75.55558 0.8314696 4 75.70711 0.7071068 2 75.70711 0.7071068 4 75.83147 0.5555703 2 75.83147 0.5555703 4 75.92388 0.3826834 2 75.92388 0.3826834 4 75.98078 0.1950903 2 75.98078 0.1950903 4 76 0 2 76 0 4 75.98078 -0.1950903 2 75.98078 -0.1950903 4 75.92388 -0.3826834 2 75.92388 -0.3826834 4 75.83147 -0.5555702 2 75.83147 -0.5555702 4 75.70711 -0.7071068 2 75.70711 -0.7071068 4 75.55558 -0.8314697 2 75.55558 -0.8314697 4 75.38269 -0.9238795 2 75.38269 -0.9238795 4 75.19509 -0.9807853 2 75.19509 -0.9807853 4 75 -1 2 75 -1 4 74.80491 -0.9807853 2 74.80491 -0.9807853 4 74.61732 -0.9238795 2 74.61732 -0.9238795 4 74.44443 -0.8314695 2 74.44443 -0.8314695 4 74.2929 -0.7071068 2 74.2929 -0.7071068 4 74.16854 -0.5555704 2 74.16854 -0.5555704 4 74.07612 -0.3826836 2 74.07612 -0.3826836 4 74.01922 -0.1950904 2 74.01922 -0.1950904 4 74 0 2 74 0 4 74.01922 0.1950904 2 74.01922 0.1950904 4 74.07612 0.3826836 2 74.07612 0.3826836 4 74.16854 0.5555701 2 74.16854 0.5555701 4 74.2929 0.7071067 2 74.2929 0.7071067 4 74.44443 0.8314696 2 74.44443 0.8314696 4 74.61732 0.9238796 2 74.61732 0.9238796 4 74.80491 0.9807853 2 74.80491 0.9807853 4 75 1 1 75 1 2 75.19509 0.9807853 1 75.19509 0.9807853 2 75.38269 0.9238795 1 75.38269 0.9238795 2 75.55558 0.8314696 1 75.55558 0.8314696 2 75.70711 0.7071068 1 75.70711 0.7071068 2 75.83147 0.5555703 1 75.83147 0.5555703 2 75.92388 0.3826834 1 75.92388 0.3826834 2 75.98078 0.1950903 1 75.98078 0.1950903 2 76 0 1 76 0 2 75.98078 -0.1950903 1 75.98078 -0.1950903 2 75.92388 -0.3826834 1 75.92388 -0.3826834 2 75.83147 -0.5555702 1 75.83147 -0.5555702 2 75.70711 -0.7071068 1 75.70711 -0.7071068 2 75.55558 -0.8314697 1 75.55558 -0.8314697 2 75.38269 -0.9238795 1 75.38269 -0.9238795 2 75.19509 -0.9807853 1 75.19509 -0.9807853 2 75 -1 1 75 -1 2 74.80491 -0.9807853 1 74.80491 -0.9807853 2 74.61732 -0.9238795 1 74.61732 -0.9238795 2 74.44443 -0.8314695 1 74.44443 -0.8314695 2 74.2929 -0.7071068 1 74.2929 -0.7071068 2 74.16854 -0.5555704 1 74.16854 -0.5555704 2 74.07612 -0.3826836 1 74.07612 -0.3826836 2 74.01922 -0.1950904 1 74.01922 -0.1950904 2 74 0 1 74 0 2 74.01922 0.1950904 1 74.01922 0.1950904 2 74.07612 0.3826836 1 74.07612 0.3826836 2 74.16854 0.5555701 1 74.16854 0.5555701 2 74.2929 0.7071067 1 74.2929 0.7071067 2 74.44443 0.8314696 1 74.44443 0.8314696 2 74.61732 0.9238796 1 74.61732 0.9238796 2 74.80491 0.9807853 1 74.80491 0.9807853 2 75 1 -2 75 1 -1 75.19509 0.9807853 -2 75.19509 0.9807853 -1 75.38269 0.9238795 -2 75.38269 0.9238795 -1 75.55558 0.8314696 -2 75.55558 0.8314696 -1 75.70711 0.7071068 -2 75.70711 0.7071068 -1 75.83147 0.5555703 -2 75.83147 0.5555703 -1 75.92388 0.3826834 -2 75.92388 0.3826834 -1 75.98078 0.1950903 -2 75.98078 0.1950903 -1 76 0 -2 76 0 -1 75.98078 -0.1950903 -2 75.98078 -0.1950903 -1 75.92388 -0.3826834 -2 75.92388 -0.3826834 -1 75.83147 -0.5555702 -2 75.83147 -0.5555702 -1 75.70711 -0.7071068 -2 75.70711 -0.7071068 -1 75.55558 -0.8314697 -2 75.55558 -0.8314697 -1 75.38269 -0.9238795 -2 75.38269 -0.9238795 -1 75.19509 -0.9807853 -2 75.19509 -0.9807853 -1 75 -1 -2 75 -1 -1 74.80491 -0.9807853 -2 74.80491 -0.9807853 -1 74.61732 -0.9238795 -2 74.61732 -0.9238795 -1 74.44443 -0.8314695 -2 74.44443 -0.8314695 -1 74.2929 -0.7071068 -2 74.2929 -0.7071068 -1 74.16854 -0.5555704 -2 74.16854 -0.5555704 -1 74.07612 -0.3826836 -2 74.07612 -0.3826836 -1 74.01922 -0.1950904 -2 74.01922 -0.1950904 -1 74 0 -2 74 0 -1 74.01922 0.1950904 -2 74.01922 0.1950904 -1 74.07612 0.3826836 -2 74.07612 0.3826836 -1 74.16854 0.5555701 -2 74.16854 0.5555701 -1 74.2929 0.7071067 -2 74.2929 0.7071067 -1 74.44443 0.8314696 -2 74.44443 0.8314696 -1 74.61732 0.9238796 -2 74.61732 0.9238796 -1 74.80491 0.9807853 -2 74.80491 0.9807853 -1 75 1 -0.9999995 75 1 1 75.19509 0.9807853 -0.9999995 75.19509 0.9807853 1 75.38269 0.9238795 -0.9999995 75.38269 0.9238795 1 75.55558 0.8314696 -0.9999995 75.55558 0.8314696 1 75.70711 0.7071068 -0.9999995 75.70711 0.7071068 1 75.83147 0.5555703 -0.9999995 75.83147 0.5555703 1 75.92388 0.3826834 -0.9999995 75.92388 0.3826834 1 75.98078 0.1950903 -0.9999995 75.98078 0.1950903 1 76 0 -0.9999995 76 0 1 75.98078 -0.1950903 -0.9999995 75.98078 -0.1950903 1 75.92388 -0.3826834 -0.9999995 75.92388 -0.3826834 1 75.83147 -0.5555702 -0.9999995 75.83147 -0.5555702 1 75.70711 -0.7071068 -0.9999995 75.70711 -0.7071068 1 75.55558 -0.8314697 -0.9999995 75.55558 -0.8314697 1 75.38269 -0.9238795 -0.9999995 75.38269 -0.9238795 1 75.19509 -0.9807853 -0.9999995 75.19509 -0.9807853 1 75 -1 -0.9999995 75 -1 1 74.80491 -0.9807853 -0.9999995 74.80491 -0.9807853 1 74.61732 -0.9238795 -0.9999995 74.61732 -0.9238795 1 74.44443 -0.8314695 -0.9999995 74.44443 -0.8314695 1 74.2929 -0.7071068 -0.9999995 74.2929 -0.7071068 1 74.16854 -0.5555704 -0.9999995 74.16854 -0.5555704 1 74.07612 -0.3826836 -0.9999995 74.07612 -0.3826836 1 74.01922 -0.1950904 -0.9999995 74.01922 -0.1950904 1 74 0 -0.9999995 74 0 1 74.01922 0.1950904 -0.9999995 74.01922 0.1950904 1 74.07612 0.3826836 -0.9999995 74.07612 0.3826836 1 74.16854 0.5555701 -0.9999995 74.16854 0.5555701 1 74.2929 0.7071067 -0.9999995 74.2929 0.7071067 1 74.44443 0.8314696 -0.9999995 74.44443 0.8314696 1 74.61732 0.9238796 -0.9999995 74.61732 0.9238796 1 74.80491 0.9807853 -0.9999995 74.80491 0.9807853 1 75 1 -7.999999 75 1 -6.999999 75.19509 0.9807853 -7.999999 75.19509 0.9807853 -6.999999 75.38269 0.9238795 -7.999999 75.38269 0.9238795 -6.999999 75.55558 0.8314696 -7.999999 75.55558 0.8314696 -6.999999 75.70711 0.7071068 -7.999999 75.70711 0.7071068 -6.999999 75.83147 0.5555703 -7.999999 75.83147 0.5555703 -6.999999 75.92388 0.3826834 -7.999999 75.92388 0.3826834 -6.999999 75.98078 0.1950903 -7.999999 75.98078 0.1950903 -6.999999 76 0 -7.999999 76 0 -6.999999 75.98078 -0.1950903 -7.999999 75.98078 -0.1950903 -6.999999 75.92388 -0.3826834 -7.999999 75.92388 -0.3826834 -6.999999 75.83147 -0.5555702 -7.999999 75.83147 -0.5555702 -6.999999 75.70711 -0.7071068 -7.999999 75.70711 -0.7071068 -6.999999 75.55558 -0.8314697 -7.999999 75.55558 -0.8314697 -6.999999 75.38269 -0.9238795 -7.999999 75.38269 -0.9238795 -6.999999 75.19509 -0.9807853 -7.999999 75.19509 -0.9807853 -6.999999 75 -1 -7.999999 75 -1 -6.999999 74.80491 -0.9807853 -7.999999 74.80491 -0.9807853 -6.999999 74.61732 -0.9238795 -7.999999 74.61732 -0.9238795 -6.999999 74.44443 -0.8314695 -7.999999 74.44443 -0.8314695 -6.999999 74.2929 -0.7071068 -7.999999 74.2929 -0.7071068 -6.999999 74.16854 -0.5555704 -7.999999 74.16854 -0.5555704 -6.999999 74.07612 -0.3826836 -7.999999 74.07612 -0.3826836 -6.999999 74.01922 -0.1950904 -7.999999 74.01922 -0.1950904 -6.999999 74 0 -7.999999 74 0 -6.999999 74.01922 0.1950904 -7.999999 74.01922 0.1950904 -6.999999 74.07612 0.3826836 -7.999999 74.07612 0.3826836 -6.999999 74.16854 0.5555701 -7.999999 74.16854 0.5555701 -6.999999 74.2929 0.7071067 -7.999999 74.2929 0.7071067 -6.999999 74.44443 0.8314696 -7.999999 74.44443 0.8314696 -6.999999 74.61732 0.9238796 -7.999999 74.61732 0.9238796 -6.999999 74.80491 0.9807853 -7.999999 74.80491 0.9807853 -6.999999 75 1 -6.999999 75 1 -4.999999 75.19509 0.9807853 -6.999999 75.19509 0.9807853 -4.999999 75.38269 0.9238795 -6.999999 75.38269 0.9238795 -4.999999 75.55558 0.8314696 -6.999999 75.55558 0.8314696 -4.999999 75.70711 0.7071068 -6.999999 75.70711 0.7071068 -4.999999 75.83147 0.5555703 -6.999999 75.83147 0.5555703 -4.999999 75.92388 0.3826834 -6.999999 75.92388 0.3826834 -4.999999 75.98078 0.1950903 -6.999999 75.98078 0.1950903 -4.999999 76 0 -6.999999 76 0 -4.999999 75.98078 -0.1950903 -6.999999 75.98078 -0.1950903 -4.999999 75.92388 -0.3826834 -6.999999 75.92388 -0.3826834 -4.999999 75.83147 -0.5555702 -6.999999 75.83147 -0.5555702 -4.999999 75.70711 -0.7071068 -6.999999 75.70711 -0.7071068 -4.999999 75.55558 -0.8314697 -6.999999 75.55558 -0.8314697 -4.999999 75.38269 -0.9238795 -6.999999 75.38269 -0.9238795 -4.999999 75.19509 -0.9807853 -6.999999 75.19509 -0.9807853 -4.999999 75 -1 -6.999999 75 -1 -4.999999 74.80491 -0.9807853 -6.999999 74.80491 -0.9807853 -4.999999 74.61732 -0.9238795 -6.999999 74.61732 -0.9238795 -4.999999 74.44443 -0.8314695 -6.999999 74.44443 -0.8314695 -4.999999 74.2929 -0.7071068 -6.999999 74.2929 -0.7071068 -4.999999 74.16854 -0.5555704 -6.999999 74.16854 -0.5555704 -4.999999 74.07612 -0.3826836 -6.999999 74.07612 -0.3826836 -4.999999 74.01922 -0.1950904 -6.999999 74.01922 -0.1950904 -4.999999 74 0 -6.999999 74 0 -4.999999 74.01922 0.1950904 -6.999999 74.01922 0.1950904 -4.999999 74.07612 0.3826836 -6.999999 74.07612 0.3826836 -4.999999 74.16854 0.5555701 -6.999999 74.16854 0.5555701 -4.999999 74.2929 0.7071067 -6.999999 74.2929 0.7071067 -4.999999 74.44443 0.8314696 -6.999999 74.44443 0.8314696 -4.999999 74.61732 0.9238796 -6.999999 74.61732 0.9238796 -4.999999 74.80491 0.9807853 -6.999999 74.80491 0.9807853 -4.999999 75 1 -4 75 1 -2 75.19509 0.9807853 -4 75.19509 0.9807853 -2 75.38269 0.9238795 -4 75.38269 0.9238795 -2 75.55558 0.8314696 -4 75.55558 0.8314696 -2 75.70711 0.7071068 -4 75.70711 0.7071068 -2 75.83147 0.5555703 -4 75.83147 0.5555703 -2 75.92388 0.3826834 -4 75.92388 0.3826834 -2 75.98078 0.1950903 -4 75.98078 0.1950903 -2 76 0 -4 76 0 -2 75.98078 -0.1950903 -4 75.98078 -0.1950903 -2 75.92388 -0.3826834 -4 75.92388 -0.3826834 -2 75.83147 -0.5555702 -4 75.83147 -0.5555702 -2 75.70711 -0.7071068 -4 75.70711 -0.7071068 -2 75.55558 -0.8314697 -4 75.55558 -0.8314697 -2 75.38269 -0.9238795 -4 75.38269 -0.9238795 -2 75.19509 -0.9807853 -4 75.19509 -0.9807853 -2 75 -1 -4 75 -1 -2 74.80491 -0.9807853 -4 74.80491 -0.9807853 -2 74.61732 -0.9238795 -4 74.61732 -0.9238795 -2 74.44443 -0.8314695 -4 74.44443 -0.8314695 -2 74.2929 -0.7071068 -4 74.2929 -0.7071068 -2 74.16854 -0.5555704 -4 74.16854 -0.5555704 -2 74.07612 -0.3826836 -4 74.07612 -0.3826836 -2 74.01922 -0.1950904 -4 74.01922 -0.1950904 -2 74 0 -4 74 0 -2 74.01922 0.1950904 -4 74.01922 0.1950904 -2 74.07612 0.3826836 -4 74.07612 0.3826836 -2 74.16854 0.5555701 -4 74.16854 0.5555701 -2 74.2929 0.7071067 -4 74.2929 0.7071067 -2 74.44443 0.8314696 -4 74.44443 0.8314696 -2 74.61732 0.9238796 -4 74.61732 0.9238796 -2 74.80491 0.9807853 -4 74.80491 0.9807853 -2 75 1 -5 75 1 -4 75.19509 0.9807853 -5 75.19509 0.9807853 -4 75.38269 0.9238795 -5 75.38269 0.9238795 -4 75.55558 0.8314696 -5 75.55558 0.8314696 -4 75.70711 0.7071068 -5 75.70711 0.7071068 -4 75.83147 0.5555703 -5 75.83147 0.5555703 -4 75.92388 0.3826834 -5 75.92388 0.3826834 -4 75.98078 0.1950903 -5 75.98078 0.1950903 -4 76 0 -5 76 0 -4 75.98078 -0.1950903 -5 75.98078 -0.1950903 -4 75.92388 -0.3826834 -5 75.92388 -0.3826834 -4 75.83147 -0.5555702 -5 75.83147 -0.5555702 -4 75.70711 -0.7071068 -5 75.70711 -0.7071068 -4 75.55558 -0.8314697 -5 75.55558 -0.8314697 -4 75.38269 -0.9238795 -5 75.38269 -0.9238795 -4 75.19509 -0.9807853 -5 75.19509 -0.9807853 -4 75 -1 -5 75 -1 -4 74.80491 -0.9807853 -5 74.80491 -0.9807853 -4 74.61732 -0.9238795 -5 74.61732 -0.9238795 -4 74.44443 -0.8314695 -5 74.44443 -0.8314695 -4 74.2929 -0.7071068 -5 74.2929 -0.7071068 -4 74.16854 -0.5555704 -5 74.16854 -0.5555704 -4 74.07612 -0.3826836 -5 74.07612 -0.3826836 -4 74.01922 -0.1950904 -5 74.01922 -0.1950904 -4 74 0 -5 74 0 -4 74.01922 0.1950904 -5 74.01922 0.1950904 -4 74.07612 0.3826836 -5 74.07612 0.3826836 -4 74.16854 0.5555701 -5 74.16854 0.5555701 -4 74.2929 0.7071067 -5 74.2929 0.7071067 -4 74.44443 0.8314696 -5 74.44443 0.8314696 -4 74.61732 0.9238796 -5 74.61732 0.9238796 -4 74.80491 0.9807853 -5 74.80491 0.9807853 -4 -3.8147e-6 1 4.999999 -3.8147e-6 1 6.999999 0.1950865 0.9807853 4.999999 0.1950865 0.9807853 6.999999 0.3826797 0.9238795 4.999999 0.3826797 0.9238795 6.999999 0.5555665 0.8314696 4.999999 0.5555665 0.8314696 6.999999 0.707103 0.7071068 4.999999 0.707103 0.7071068 6.999999 0.8314658 0.5555703 4.999999 0.8314658 0.5555703 6.999999 0.9238757 0.3826834 4.999999 0.9238757 0.3826834 6.999999 0.9807815 0.1950903 4.999999 0.9807815 0.1950903 6.999999 0.9999962 0 4.999999 0.9999962 0 6.999999 0.9807815 -0.1950902 4.999999 0.9807815 -0.1950902 6.999999 0.9238758 -0.3826833 4.999999 0.9238758 -0.3826833 6.999999 0.8314659 -0.5555702 4.999999 0.8314659 -0.5555702 6.999999 0.707103 -0.7071068 4.999999 0.707103 -0.7071068 6.999999 0.5555664 -0.8314697 4.999999 0.5555664 -0.8314697 6.999999 0.3826797 -0.9238795 4.999999 0.3826797 -0.9238795 6.999999 0.1950865 -0.9807853 4.999999 0.1950865 -0.9807853 6.999999 -3.8147e-6 -1 4.999999 -3.8147e-6 -1 6.999999 -0.195094 -0.9807853 4.999999 -0.195094 -0.9807853 6.999999 -0.3826872 -0.9238795 4.999999 -0.3826872 -0.9238795 6.999999 -0.5555741 -0.8314695 4.999999 -0.5555741 -0.8314695 6.999999 -0.7071105 -0.7071068 4.999999 -0.7071105 -0.7071068 6.999999 -0.8314734 -0.5555704 4.999999 -0.8314734 -0.5555704 6.999999 -0.9238833 -0.3826836 4.999999 -0.9238833 -0.3826836 6.999999 -0.9807891 -0.1950904 4.999999 -0.9807891 -0.1950904 6.999999 -1.000004 0 4.999999 -1.000004 0 6.999999 -0.9807891 0.1950904 4.999999 -0.9807891 0.1950904 6.999999 -0.9238833 0.3826836 4.999999 -0.9238833 0.3826836 6.999999 -0.8314735 0.5555701 4.999999 -0.8314735 0.5555701 6.999999 -0.7071107 0.7071067 4.999999 -0.7071107 0.7071067 6.999999 -0.5555741 0.8314696 4.999999 -0.5555741 0.8314696 6.999999 -0.3826872 0.9238796 4.999999 -0.3826872 0.9238796 6.999999 -0.195094 0.9807853 4.999999 -0.195094 0.9807853 6.999999 -3.8147e-6 1 4 -3.8147e-6 1 5 0.1950865 0.9807853 4 0.1950865 0.9807853 5 0.3826797 0.9238795 4 0.3826797 0.9238795 5 0.5555665 0.8314696 4 0.5555665 0.8314696 5 0.707103 0.7071068 4 0.707103 0.7071068 5 0.8314658 0.5555703 4 0.8314658 0.5555703 5 0.9238757 0.3826834 4 0.9238757 0.3826834 5 0.9807815 0.1950903 4 0.9807815 0.1950903 5 0.9999962 0 4 0.9999962 0 5 0.9807815 -0.1950902 4 0.9807815 -0.1950902 5 0.9238758 -0.3826833 4 0.9238758 -0.3826833 5 0.8314659 -0.5555702 4 0.8314659 -0.5555702 5 0.707103 -0.7071068 4 0.707103 -0.7071068 5 0.5555664 -0.8314697 4 0.5555664 -0.8314697 5 0.3826797 -0.9238795 4 0.3826797 -0.9238795 5 0.1950865 -0.9807853 4 0.1950865 -0.9807853 5 -3.8147e-6 -1 4 -3.8147e-6 -1 5 -0.195094 -0.9807853 4 -0.195094 -0.9807853 5 -0.3826872 -0.9238795 4 -0.3826872 -0.9238795 5 -0.5555741 -0.8314695 4 -0.5555741 -0.8314695 5 -0.7071105 -0.7071068 4 -0.7071105 -0.7071068 5 -0.8314734 -0.5555704 4 -0.8314734 -0.5555704 5 -0.9238833 -0.3826836 4 -0.9238833 -0.3826836 5 -0.9807891 -0.1950904 4 -0.9807891 -0.1950904 5 -1.000004 0 4 -1.000004 0 5 -0.9807891 0.1950904 4 -0.9807891 0.1950904 5 -0.9238833 0.3826836 4 -0.9238833 0.3826836 5 -0.8314735 0.5555701 4 -0.8314735 0.5555701 5 -0.7071107 0.7071067 4 -0.7071107 0.7071067 5 -0.5555741 0.8314696 4 -0.5555741 0.8314696 5 -0.3826872 0.9238796 4 -0.3826872 0.9238796 5 -0.195094 0.9807853 4 -0.195094 0.9807853 5 -3.8147e-6 1 1 -3.8147e-6 1 2 0.1950865 0.9807853 1 0.1950865 0.9807853 2 0.3826797 0.9238795 1 0.3826797 0.9238795 2 0.5555665 0.8314696 1 0.5555665 0.8314696 2 0.707103 0.7071068 1 0.707103 0.7071068 2 0.8314658 0.5555703 1 0.8314658 0.5555703 2 0.9238757 0.3826834 1 0.9238757 0.3826834 2 0.9807815 0.1950903 1 0.9807815 0.1950903 2 0.9999962 0 1 0.9999962 0 2 0.9807815 -0.1950903 1 0.9807815 -0.1950903 2 0.9238758 -0.3826834 1 0.9238758 -0.3826834 2 0.8314659 -0.5555702 1 0.8314659 -0.5555702 2 0.707103 -0.7071068 1 0.707103 -0.7071068 2 0.5555664 -0.8314697 1 0.5555664 -0.8314697 2 0.3826797 -0.9238795 1 0.3826797 -0.9238795 2 0.1950865 -0.9807853 1 0.1950865 -0.9807853 2 -3.8147e-6 -1 1 -3.8147e-6 -1 2 -0.195094 -0.9807853 1 -0.195094 -0.9807853 2 -0.3826872 -0.9238795 1 -0.3826872 -0.9238795 2 -0.5555741 -0.8314695 1 -0.5555741 -0.8314695 2 -0.7071105 -0.7071068 1 -0.7071105 -0.7071068 2 -0.8314734 -0.5555704 1 -0.8314734 -0.5555704 2 -0.9238833 -0.3826836 1 -0.9238833 -0.3826836 2 -0.9807891 -0.1950904 1 -0.9807891 -0.1950904 2 -1.000004 0 1 -1.000004 0 2 -0.9807891 0.1950904 1 -0.9807891 0.1950904 2 -0.9238833 0.3826836 1 -0.9238833 0.3826836 2 -0.8314735 0.5555701 1 -0.8314735 0.5555701 2 -0.7071107 0.7071067 1 -0.7071107 0.7071067 2 -0.5555741 0.8314696 1 -0.5555741 0.8314696 2 -0.3826872 0.9238796 1 -0.3826872 0.9238796 2 -0.195094 0.9807853 1 -0.195094 0.9807853 2 -3.8147e-6 1 2 -3.8147e-6 1 4 0.1950865 0.9807853 2 0.1950865 0.9807853 4 0.3826797 0.9238795 2 0.3826797 0.9238795 4 0.5555665 0.8314696 2 0.5555665 0.8314696 4 0.707103 0.7071068 2 0.707103 0.7071068 4 0.8314658 0.5555703 2 0.8314658 0.5555703 4 0.9238757 0.3826834 2 0.9238757 0.3826834 4 0.9807815 0.1950903 2 0.9807815 0.1950903 4 0.9999962 0 2 0.9999962 0 4 0.9807815 -0.1950903 2 0.9807815 -0.1950903 4 0.9238758 -0.3826834 2 0.9238758 -0.3826834 4 0.8314659 -0.5555702 2 0.8314659 -0.5555702 4 0.707103 -0.7071068 2 0.707103 -0.7071068 4 0.5555664 -0.8314697 2 0.5555664 -0.8314697 4 0.3826797 -0.9238795 2 0.3826797 -0.9238795 4 0.1950865 -0.9807853 2 0.1950865 -0.9807853 4 -3.8147e-6 -1 2 -3.8147e-6 -1 4 -0.195094 -0.9807853 2 -0.195094 -0.9807853 4 -0.3826872 -0.9238795 2 -0.3826872 -0.9238795 4 -0.5555741 -0.8314695 2 -0.5555741 -0.8314695 4 -0.7071105 -0.7071068 2 -0.7071105 -0.7071068 4 -0.8314734 -0.5555704 2 -0.8314734 -0.5555704 4 -0.9238833 -0.3826836 2 -0.9238833 -0.3826836 4 -0.9807891 -0.1950904 2 -0.9807891 -0.1950904 4 -1.000004 0 2 -1.000004 0 4 -0.9807891 0.1950904 2 -0.9807891 0.1950904 4 -0.9238833 0.3826836 2 -0.9238833 0.3826836 4 -0.8314735 0.5555701 2 -0.8314735 0.5555701 4 -0.7071107 0.7071067 2 -0.7071107 0.7071067 4 -0.5555741 0.8314696 2 -0.5555741 0.8314696 4 -0.3826872 0.9238796 2 -0.3826872 0.9238796 4 -0.195094 0.9807853 2 -0.195094 0.9807853 4 -3.8147e-6 1 -2 -3.8147e-6 1 -1 0.1950865 0.9807853 -2 0.1950865 0.9807853 -1 0.3826797 0.9238795 -2 0.3826797 0.9238795 -1 0.5555665 0.8314696 -2 0.5555665 0.8314696 -1 0.707103 0.7071068 -2 0.707103 0.7071068 -1 0.8314658 0.5555703 -2 0.8314658 0.5555703 -1 0.9238757 0.3826834 -2 0.9238757 0.3826834 -1 0.9807815 0.1950903 -2 0.9807815 0.1950903 -1 0.9999962 0 -2 0.9999962 0 -1 0.9807815 -0.1950903 -2 0.9807815 -0.1950903 -1 0.9238758 -0.3826834 -2 0.9238758 -0.3826834 -1 0.8314659 -0.5555702 -2 0.8314659 -0.5555702 -1 0.707103 -0.7071068 -2 0.707103 -0.7071068 -1 0.5555664 -0.8314697 -2 0.5555664 -0.8314697 -1 0.3826797 -0.9238795 -2 0.3826797 -0.9238795 -1 0.1950865 -0.9807853 -2 0.1950865 -0.9807853 -1 -3.8147e-6 -1 -2 -3.8147e-6 -1 -1 -0.195094 -0.9807853 -2 -0.195094 -0.9807853 -1 -0.3826872 -0.9238795 -2 -0.3826872 -0.9238795 -1 -0.5555741 -0.8314695 -2 -0.5555741 -0.8314695 -1 -0.7071105 -0.7071068 -2 -0.7071105 -0.7071068 -1 -0.8314734 -0.5555704 -2 -0.8314734 -0.5555704 -1 -0.9238833 -0.3826836 -2 -0.9238833 -0.3826836 -1 -0.9807891 -0.1950904 -2 -0.9807891 -0.1950904 -1 -1.000004 0 -2 -1.000004 0 -1 -0.9807891 0.1950904 -2 -0.9807891 0.1950904 -1 -0.9238833 0.3826836 -2 -0.9238833 0.3826836 -1 -0.8314735 0.5555701 -2 -0.8314735 0.5555701 -1 -0.7071107 0.7071067 -2 -0.7071107 0.7071067 -1 -0.5555741 0.8314696 -2 -0.5555741 0.8314696 -1 -0.3826872 0.9238796 -2 -0.3826872 0.9238796 -1 -0.195094 0.9807853 -2 -0.195094 0.9807853 -1 -3.8147e-6 1 -6.999999 -3.8147e-6 1 -4.999999 0.1950865 0.9807853 -6.999999 0.1950865 0.9807853 -4.999999 0.3826797 0.9238795 -6.999999 0.3826797 0.9238795 -4.999999 0.5555665 0.8314696 -6.999999 0.5555665 0.8314696 -4.999999 0.707103 0.7071068 -6.999999 0.707103 0.7071068 -4.999999 0.8314658 0.5555703 -6.999999 0.8314658 0.5555703 -4.999999 0.9238757 0.3826834 -6.999999 0.9238757 0.3826834 -4.999999 0.9807815 0.1950903 -6.999999 0.9807815 0.1950903 -4.999999 0.9999962 0 -6.999999 0.9999962 0 -4.999999 0.9807815 -0.1950903 -6.999999 0.9807815 -0.1950903 -4.999999 0.9238758 -0.3826834 -6.999999 0.9238758 -0.3826834 -4.999999 0.8314659 -0.5555702 -6.999999 0.8314659 -0.5555702 -4.999999 0.707103 -0.7071068 -6.999999 0.707103 -0.7071068 -4.999999 0.5555664 -0.8314697 -6.999999 0.5555664 -0.8314697 -4.999999 0.3826797 -0.9238795 -6.999999 0.3826797 -0.9238795 -4.999999 0.1950865 -0.9807853 -6.999999 0.1950865 -0.9807853 -4.999999 -3.8147e-6 -1 -6.999999 -3.8147e-6 -1 -4.999999 -0.195094 -0.9807853 -6.999999 -0.195094 -0.9807853 -4.999999 -0.3826872 -0.9238795 -6.999999 -0.3826872 -0.9238795 -4.999999 -0.5555741 -0.8314695 -6.999999 -0.5555741 -0.8314695 -4.999999 -0.7071105 -0.7071068 -6.999999 -0.7071105 -0.7071068 -4.999999 -0.8314734 -0.5555704 -6.999999 -0.8314734 -0.5555704 -4.999999 -0.9238833 -0.3826836 -6.999999 -0.9238833 -0.3826836 -4.999999 -0.9807891 -0.1950904 -6.999999 -0.9807891 -0.1950904 -4.999999 -1.000004 0 -6.999999 -1.000004 0 -4.999999 -0.9807891 0.1950904 -6.999999 -0.9807891 0.1950904 -4.999999 -0.9238833 0.3826836 -6.999999 -0.9238833 0.3826836 -4.999999 -0.8314735 0.5555701 -6.999999 -0.8314735 0.5555701 -4.999999 -0.7071107 0.7071067 -6.999999 -0.7071107 0.7071067 -4.999999 -0.5555741 0.8314696 -6.999999 -0.5555741 0.8314696 -4.999999 -0.3826872 0.9238796 -6.999999 -0.3826872 0.9238796 -4.999999 -0.195094 0.9807853 -6.999999 -0.195094 0.9807853 -4.999999 -3.8147e-6 1 -7.999999 -3.8147e-6 1 -6.999999 0.1950865 0.9807853 -7.999999 0.1950865 0.9807853 -6.999999 0.3826797 0.9238795 -7.999999 0.3826797 0.9238795 -6.999999 0.5555665 0.8314696 -7.999999 0.5555665 0.8314696 -6.999999 0.707103 0.7071068 -7.999999 0.707103 0.7071068 -6.999999 0.8314658 0.5555703 -7.999999 0.8314658 0.5555703 -6.999999 0.9238757 0.3826834 -7.999999 0.9238757 0.3826834 -6.999999 0.9807815 0.1950903 -7.999999 0.9807815 0.1950903 -6.999999 0.9999962 0 -7.999999 0.9999962 0 -6.999999 0.9807815 -0.1950903 -7.999999 0.9807815 -0.1950903 -6.999999 0.9238758 -0.3826834 -7.999999 0.9238758 -0.3826834 -6.999999 0.8314659 -0.5555702 -7.999999 0.8314659 -0.5555702 -6.999999 0.707103 -0.7071068 -7.999999 0.707103 -0.7071068 -6.999999 0.5555664 -0.8314697 -7.999999 0.5555664 -0.8314697 -6.999999 0.3826797 -0.9238795 -7.999999 0.3826797 -0.9238795 -6.999999 0.1950865 -0.9807853 -7.999999 0.1950865 -0.9807853 -6.999999 -3.8147e-6 -1 -7.999999 -3.8147e-6 -1 -6.999999 -0.195094 -0.9807853 -7.999999 -0.195094 -0.9807853 -6.999999 -0.3826872 -0.9238795 -7.999999 -0.3826872 -0.9238795 -6.999999 -0.5555741 -0.8314695 -7.999999 -0.5555741 -0.8314695 -6.999999 -0.7071105 -0.7071068 -7.999999 -0.7071105 -0.7071068 -6.999999 -0.8314734 -0.5555704 -7.999999 -0.8314734 -0.5555704 -6.999999 -0.9238833 -0.3826836 -7.999999 -0.9238833 -0.3826836 -6.999999 -0.9807891 -0.1950904 -7.999999 -0.9807891 -0.1950904 -6.999999 -1.000004 0 -7.999999 -1.000004 0 -6.999999 -0.9807891 0.1950904 -7.999999 -0.9807891 0.1950904 -6.999999 -0.9238833 0.3826836 -7.999999 -0.9238833 0.3826836 -6.999999 -0.8314735 0.5555701 -7.999999 -0.8314735 0.5555701 -6.999999 -0.7071107 0.7071067 -7.999999 -0.7071107 0.7071067 -6.999999 -0.5555741 0.8314696 -7.999999 -0.5555741 0.8314696 -6.999999 -0.3826872 0.9238796 -7.999999 -0.3826872 0.9238796 -6.999999 -0.195094 0.9807853 -7.999999 -0.195094 0.9807853 -6.999999 -3.8147e-6 1 -4 -3.8147e-6 1 -2 0.1950865 0.9807853 -4 0.1950865 0.9807853 -2 0.3826797 0.9238795 -4 0.3826797 0.9238795 -2 0.5555665 0.8314696 -4 0.5555665 0.8314696 -2 0.707103 0.7071068 -4 0.707103 0.7071068 -2 0.8314658 0.5555703 -4 0.8314658 0.5555703 -2 0.9238757 0.3826834 -4 0.9238757 0.3826834 -2 0.9807815 0.1950903 -4 0.9807815 0.1950903 -2 0.9999962 0 -4 0.9999962 0 -2 0.9807815 -0.1950903 -4 0.9807815 -0.1950903 -2 0.9238758 -0.3826834 -4 0.9238758 -0.3826834 -2 0.8314659 -0.5555702 -4 0.8314659 -0.5555702 -2 0.707103 -0.7071068 -4 0.707103 -0.7071068 -2 0.5555664 -0.8314697 -4 0.5555664 -0.8314697 -2 0.3826797 -0.9238795 -4 0.3826797 -0.9238795 -2 0.1950865 -0.9807853 -4 0.1950865 -0.9807853 -2 -3.8147e-6 -1 -4 -3.8147e-6 -1 -2 -0.195094 -0.9807853 -4 -0.195094 -0.9807853 -2 -0.3826872 -0.9238795 -4 -0.3826872 -0.9238795 -2 -0.5555741 -0.8314695 -4 -0.5555741 -0.8314695 -2 -0.7071105 -0.7071068 -4 -0.7071105 -0.7071068 -2 -0.8314734 -0.5555704 -4 -0.8314734 -0.5555704 -2 -0.9238833 -0.3826836 -4 -0.9238833 -0.3826836 -2 -0.9807891 -0.1950904 -4 -0.9807891 -0.1950904 -2 -1.000004 0 -4 -1.000004 0 -2 -0.9807891 0.1950904 -4 -0.9807891 0.1950904 -2 -0.9238833 0.3826836 -4 -0.9238833 0.3826836 -2 -0.8314735 0.5555701 -4 -0.8314735 0.5555701 -2 -0.7071107 0.7071067 -4 -0.7071107 0.7071067 -2 -0.5555741 0.8314696 -4 -0.5555741 0.8314696 -2 -0.3826872 0.9238796 -4 -0.3826872 0.9238796 -2 -0.195094 0.9807853 -4 -0.195094 0.9807853 -2 -3.8147e-6 1 -5 -3.8147e-6 1 -4 0.1950865 0.9807853 -5 0.1950865 0.9807853 -4 0.3826797 0.9238795 -5 0.3826797 0.9238795 -4 0.5555665 0.8314696 -5 0.5555665 0.8314696 -4 0.707103 0.7071068 -5 0.707103 0.7071068 -4 0.8314658 0.5555703 -5 0.8314658 0.5555703 -4 0.9238757 0.3826834 -5 0.9238757 0.3826834 -4 0.9807815 0.1950903 -5 0.9807815 0.1950903 -4 0.9999962 0 -5 0.9999962 0 -4 0.9807815 -0.1950903 -5 0.9807815 -0.1950903 -4 0.9238758 -0.3826834 -5 0.9238758 -0.3826834 -4 0.8314659 -0.5555702 -5 0.8314659 -0.5555702 -4 0.707103 -0.7071068 -5 0.707103 -0.7071068 -4 0.5555664 -0.8314697 -5 0.5555664 -0.8314697 -4 0.3826797 -0.9238795 -5 0.3826797 -0.9238795 -4 0.1950865 -0.9807853 -5 0.1950865 -0.9807853 -4 -3.8147e-6 -1 -5 -3.8147e-6 -1 -4 -0.195094 -0.9807853 -5 -0.195094 -0.9807853 -4 -0.3826872 -0.9238795 -5 -0.3826872 -0.9238795 -4 -0.5555741 -0.8314695 -5 -0.5555741 -0.8314695 -4 -0.7071105 -0.7071068 -5 -0.7071105 -0.7071068 -4 -0.8314734 -0.5555704 -5 -0.8314734 -0.5555704 -4 -0.9238833 -0.3826836 -5 -0.9238833 -0.3826836 -4 -0.9807891 -0.1950904 -5 -0.9807891 -0.1950904 -4 -1.000004 0 -5 -1.000004 0 -4 -0.9807891 0.1950904 -5 -0.9807891 0.1950904 -4 -0.9238833 0.3826836 -5 -0.9238833 0.3826836 -4 -0.8314735 0.5555701 -5 -0.8314735 0.5555701 -4 -0.7071107 0.7071067 -5 -0.7071107 0.7071067 -4 -0.5555741 0.8314696 -5 -0.5555741 0.8314696 -4 -0.3826872 0.9238796 -5 -0.3826872 0.9238796 -4 -0.195094 0.9807853 -5 -0.195094 0.9807853 -4 -3.8147e-6 -1.75839e-6 7.199999 75 1.51997e-6 7.199999 -3.8147e-6 0.1950885 7.196156 75 0.1950918 7.196156 -3.8147e-6 0.3826817 7.184775 75 0.382685 7.184774 -3.8147e-6 0.5555685 7.166293 75 0.5555719 7.166293 -3.8147e-6 0.7071051 7.141421 75 0.7071084 7.14142 -3.8147e-6 0.8314679 7.111114 75 0.8314712 7.111113 -3.8147e-6 0.9238778 7.076536 75 0.9238811 7.076535 -3.8147e-6 0.9807837 7.039018 75 0.980787 7.039017 -3.8147e-6 0.9999983 7 75 1.000002 6.999999 -3.8147e-6 0.9807837 6.960981 75 0.980787 6.960981 -3.8147e-6 0.923878 6.923463 75 0.9238814 6.923462 -3.8147e-6 0.8314681 6.888885 75 0.8314715 6.888885 -3.8147e-6 0.7071052 6.858578 75 0.7071086 6.858577 -3.8147e-6 0.5555686 6.833705 75 0.555572 6.833705 -3.8147e-6 0.382682 6.815224 75 0.3826853 6.815223 -3.8147e-6 0.1950888 6.803843 75 0.195092 6.803842 -3.8147e-6 -1.51997e-6 6.799999 75 1.75839e-6 6.799999 -3.8147e-6 -0.1950917 6.803843 75 -0.1950884 6.803842 -3.8147e-6 -0.3826849 6.815224 75 -0.3826816 6.815223 -3.8147e-6 -0.5555719 6.833705 75 -0.5555685 6.833705 -3.8147e-6 -0.7071083 6.858578 75 -0.707105 6.858577 -3.8147e-6 -0.8314712 6.888885 75 -0.8314678 6.888885 -3.8147e-6 -0.9238811 6.923463 75 -0.9238778 6.923462 -3.8147e-6 -0.980787 6.960981 75 -0.9807837 6.96098 -3.8147e-6 -1.000002 7 75 -0.9999983 6.999999 -3.8147e-6 -0.980787 7.039017 75 -0.9807837 7.039017 -3.8147e-6 -0.9238812 7.076536 75 -0.9238779 7.076535 -3.8147e-6 -0.8314715 7.111114 75 -0.8314681 7.111113 -3.8147e-6 -0.7071086 7.141421 75 -0.7071053 7.14142 -3.8147e-6 -0.5555721 7.166293 75 -0.5555688 7.166293 -3.8147e-6 -0.3826851 7.184775 75 -0.3826819 7.184774 -3.8147e-6 -0.1950919 7.196156 75 -0.1950886 7.196156</float_array>
          <technique_common>
            <accessor source="#Cylinder_010-mesh-positions-array" count="1344" stride="3">
              <param name="X" type="float"/>
              <param name="Y" type="float"/>
              <param name="Z" type="float"/>
            </accessor>
          </technique_common>
        </source>
        <source id="Cylinder_010-mesh-normals">
          <float_array id="Cylinder_010-mesh-normals-array" count="2475">0.09801697 0.9951848 0 0.2902848 0.9569403 0 0.4713967 0.8819213 0 0.634393 0.7730107 0 0.7730108 0.634393 0 0.8819214 0.4713968 0 0.9569404 0.2902847 0 0.9951848 0.09801727 0 0.9951848 -0.09801667 0 0.9569406 -0.2902842 0 0.8819215 -0.4713965 0 0.7730107 -0.634393 0 0.6343931 -0.7730107 0 0.4713965 -0.8819214 0 0.2902848 -0.9569404 0 0.09801697 -0.9951848 0 -0.09801703 -0.9951848 0 -0.2902849 -0.9569404 0 -0.4713968 -0.8819214 0 -0.6343934 -0.7730104 0 -0.7730103 -0.6343937 0 -0.8819212 -0.4713969 0 -0.9569405 -0.2902846 0 -0.9951847 -0.09801721 0 -0.9951848 0.09801661 0 -0.9569403 0.2902851 0 -0.8819212 0.4713971 0 -0.7730106 0.6343932 0 -0.6343934 0.7730104 0 -0.4713969 0.8819212 0 0 0 1 -0.2902842 0.9569405 0 -0.09801703 0.9951848 0 0 0 -1 0.2902848 0.9569404 0 0.6343933 0.7730104 0 0.7730105 0.6343934 0 0.8819216 0.4713962 0 0.9569402 0.2902853 0 0.9951848 0.09801667 0 0.9951848 -0.09801727 0 0.9569404 -0.2902847 0 0.8819212 -0.471397 0 0.7730104 -0.6343934 0 0.6343934 -0.7730104 0 0.2902848 -0.9569403 0 -0.2902848 -0.9569404 0 -0.6343931 -0.7730106 0 -0.9569403 -0.2902851 0 -0.9951848 -0.09801661 0 -0.9951847 0.09801721 0 -0.9569405 0.2902846 0 -0.8819214 0.4713966 0 1.02308e-6 0 1 -0.2902843 0.9569405 0 0 0 -1 3.97513e-6 0 -1 3.97512e-6 0 -1 3.97512e-6 0 -1 -1.02308e-6 0 -1 2.87797e-7 0 -1 0 0 -1 0.09801274 0.9951852 0 0.2902871 0.9569396 0 0.4713744 0.8819333 0 0.6343967 0.7730078 0 0.7730196 0.6343823 0 0.881927 0.471386 0 0.9569485 0.2902579 0 0.9951868 0.09799742 0 0.9951791 -0.09807449 0 0.9569485 -0.2902579 0 0.8818947 -0.4714465 0 0.7730201 -0.6343817 0 0.6343975 -0.773007 0 0.4714062 -0.8819162 0 0.2902871 -0.9569396 0 0.09802031 -0.9951845 0 -0.09801274 -0.9951852 0 -0.2902871 -0.9569396 0 -0.4713746 -0.8819332 0 -0.6343967 -0.7730078 0 -0.7730196 -0.6343823 0 -0.881927 -0.471386 0 -0.9569485 -0.2902578 0 -0.9951867 -0.09799736 0 -0.9951792 0.09807443 0 -0.9569485 0.2902578 0 -0.8818943 0.4714472 0 -0.7730198 0.634382 0 -0.6343975 0.773007 0 -0.4714072 0.8819158 0 2.38418e-7 0 1 -0.2902866 0.9569398 0 -0.09802031 0.9951845 0 0.09802031 0.9951845 0 0.4714067 0.881916 0 0.6343971 0.7730075 0 0.7730198 0.634382 0 0.8818947 0.4714465 0 0.9951791 0.09807449 0 0.9951868 -0.09799742 0 0.881927 -0.471386 0 0.7730198 -0.634382 0 0.6343971 -0.7730075 0 0.4713739 -0.8819336 0 0.09801274 -0.9951852 0 -0.09802031 -0.9951845 0 -0.4714069 -0.8819158 0 -0.7730193 -0.6343826 0 -0.8818947 -0.4714465 0 -0.9951792 -0.09807443 0 -0.9951867 0.09799736 0 -0.8819267 0.4713867 0 -0.6343971 0.7730075 0 -0.4713749 0.8819331 0 -1.59034e-5 0 1 -1.59035e-5 0 1 1.59033e-5 0 1 -3.11087e-6 0 1 4.09231e-6 0 1 -1.55543e-6 0 1 2.87402e-6 0 1 4.0923e-6 0 1 -0.09801274 0.9951852 0 1.58964e-5 0 -1 1.58965e-5 0 -1 1.58964e-5 0 -1 -4.09234e-6 0 -1 0.4713745 0.8819332 0 0.6343969 0.7730076 0 0.7730197 0.6343821 0 0.8818947 -0.4714466 0 0.7730199 -0.6343818 0 0.6343973 -0.7730072 0 0.4714064 -0.8819162 0 -0.4713747 -0.881933 0 -0.7730194 -0.6343824 0 -0.8819272 -0.4713858 0 -0.8818944 0.4714471 0 -0.6343973 0.7730072 0 -0.4714073 0.8819156 0 2.38419e-7 0 -1 1.58994e-5 0 1 -2.14748e-5 0 1 1.09488e-5 0 1 3.18087e-5 0 1 1.58995e-5 0 1 -3.97507e-6 0 1 -1.58993e-5 0 1 -1.58994e-5 0 1 5.74804e-6 0 1 -4.09231e-6 0 1 -2.87402e-6 0 1 1.22769e-5 0 1 -7.95058e-6 0 -1 3.17929e-5 0 -1 7.95061e-6 0 -1 -1.59e-5 0 -1 -2.14779e-5 0 -1 -5.36882e-6 0 -1 7.95055e-6 0 -1 4.09243e-6 0 -1 -3.11084e-6 0 -1 1.15119e-6 0 -1 -2.38419e-7 0 -1 0.8819272 0.4713858 0 0.9569485 0.290258 0 0.9951867 0.09799742 0 0.9951791 -0.09807449 0 0.9569485 -0.290258 0 -0.881927 -0.4713861 0 -0.9569485 -0.2902578 0 -0.9951868 -0.09799736 0 -0.9951792 0.09807449 0 -0.9569485 0.2902578 0 1.1921e-7 0 -1 0.8818948 0.4714464 0 0.881927 -0.4713861 0 4.0923e-6 0 1 -7.94822e-6 0 -1 -7.94821e-6 0 -1 -7.94821e-6 0 -1 2.04617e-6 0 -1 -5.75597e-7 0 -1 1.1921e-7 0 -1 0.09801268 0.9951852 0 0.2902871 0.9569396 0 0.4713743 0.8819333 0 0.6343968 0.7730076 0 0.7730197 0.6343822 0 0.8819271 0.4713859 0 0.9569484 0.2902581 0 0.9951867 0.09799742 0 0.9951791 -0.09807449 0 0.9569484 -0.2902581 0 0.8818946 -0.4714467 0 0.7730199 -0.6343819 0 0.6343972 -0.7730073 0 0.4714062 -0.8819162 0 0.2902871 -0.9569396 0 0.09802031 -0.9951845 0 -0.09801268 -0.9951852 0 -0.2902871 -0.9569396 0 -0.4713745 -0.8819332 0 -0.6343966 -0.7730077 0 -0.7730194 -0.6343825 0 -0.8819269 -0.4713861 0 -0.9569485 -0.2902579 0 -0.9951867 -0.09799742 0 -0.9951791 0.09807449 0 -0.9569485 0.2902579 0 -0.8818943 0.4714472 0 -0.7730197 0.634382 0 -0.6343972 0.7730073 0 -0.4714071 0.8819158 0 -0.2902866 0.9569398 0 -0.09802031 0.9951845 0 0.09802025 0.9951845 0 0.4714066 0.881916 0 0.9569484 0.290258 0 0.9951791 0.09807455 0 0.9951868 -0.09799742 0 0.9569484 -0.290258 0 0.881927 -0.4713862 0 0.4713737 -0.8819336 0 0.09801268 -0.9951852 0 -0.09802025 -0.9951845 0 -0.4714068 -0.8819159 0 -0.8818947 -0.4714466 0 -0.9569485 -0.2902579 0 -0.9951791 -0.09807449 0 -0.9951868 0.09799736 0 -0.9569485 0.2902579 0 -0.8819267 0.4713869 0 -0.7730197 0.6343821 0 -0.4713747 0.881933 0 1.98753e-6 0 1 5.47442e-6 0 1 9.93767e-7 0 1 -1.98753e-6 0 1 -1.43701e-6 0 1 3.06923e-6 0 1 -7.77719e-7 0 1 1.43701e-6 0 1 -1.02307e-6 0 1 -0.09801268 0.9951852 0 -5.36947e-6 0 -1 2.73682e-6 0 -1 1.3685e-6 0 -1 -7.18507e-7 0 -1 7.18507e-7 0 -1 0.09801268 0.9951852 0 0.4713742 0.8819333 0 0.9951868 0.09799742 0 0.9951791 -0.09807455 0 0.8818945 -0.4714467 0 0.4714061 -0.8819163 0 0.09802025 -0.9951845 0 -0.09801268 -0.9951852 0 -0.4713745 -0.8819332 0 -0.9951868 -0.09799736 0 -0.9951791 0.09807449 0 -0.8818942 0.4714474 0 -0.4714071 0.8819158 0 0 0 1 -0.09802025 0.9951845 0 0.09802031 0.9951845 0 0.4714066 0.881916 0 0.8818947 0.4714464 0 0.9951791 0.09807449 0 0.9951867 -0.09799742 0 0.8819269 -0.4713861 0 0.4713738 -0.8819336 0 0.09801268 -0.9951852 0 -0.09802031 -0.9951845 0 -0.4714069 -0.8819159 0 -0.8818946 -0.4714467 0 -0.9951791 -0.09807449 0 -0.9951867 0.09799742 0 -0.8819267 0.4713866 0 -0.4713748 0.8819331 0 1.98742e-6 0 1 -2.68435e-6 0 1 1.98743e-6 0 1 -4.96884e-7 0 1 -1.98741e-6 0 1 -1.98742e-6 0 1 7.18505e-7 0 1 -1.02308e-6 0 1 3.8886e-7 0 1 0 0 1 -0.09801268 0.9951852 0 -3.97529e-6 0 -1 -7.94999e-6 0 -1 7.94822e-6 0 -1 7.94821e-6 0 -1 -3.97499e-6 0 -1 -1.98764e-6 0 -1 3.97531e-6 0 -1 7.94999e-6 0 -1 7.94821e-6 0 -1 -5.47363e-6 0 -1 -2.737e-6 0 -1 2.68441e-6 0 -1 1.98764e-6 0 -1 -2.04617e-6 0 -1 8.63395e-7 0 -1 -1.78815e-7 0 -1 0.09801268 0.9951852 0 0.4713743 0.8819333 0 0.9951792 -0.09807449 0 0.6343973 -0.7730073 0 0.4714062 -0.8819162 0 0.09802031 -0.9951845 0 -0.09801268 -0.9951852 0 -0.4713746 -0.8819332 0 -0.8819271 -0.471386 0 -0.9951867 -0.09799736 0 -0.9951792 0.09807443 0 -0.6343973 0.7730073 0 -0.4714072 0.8819158 0 -0.09802031 0.9951845 0 -1.1921e-7 0 -1 -0.8818947 -0.4714465 0 -0.9569485 -0.2902578 0 -0.9951792 -0.09807449 0 -0.9951868 0.09799736 0 -0.9569485 0.2902578 0 -9.93763e-7 0 1 2.73721e-6 0 1 3.97586e-6 0 1 -3.97586e-6 0 1 -3.97584e-6 0 1 -3.88859e-7 0 1 1.53461e-6 0 1 -5.11537e-7 0 1 -0.2902866 0.9569398 0 1.98764e-6 0 -1 -3.975e-6 0 -1 -1.98749e-6 0 -1 -1.98765e-6 0 -1 3.975e-6 0 -1 1.34221e-6 0 -1 -1.98764e-6 0 -1 -1.02311e-6 0 -1 7.77709e-7 0 -1 1.02311e-6 0 -1 0 0 -1 0.4713746 0.8819332 0 0.8819274 0.4713855 0 0.9569485 0.2902581 0 0.9569485 -0.2902581 0 0.4714065 -0.8819162 0 -0.9569485 -0.2902581 0 -0.9951868 -0.09799742 0 -0.9951791 0.09807449 0 -0.9569485 0.2902581 0 -0.8818944 0.471447 0 -0.7730201 0.6343817 0 -0.4714074 0.8819156 0 -2.38418e-7 0 1 -9.53678e-7 0 -1 0.4714065 0.8819162 0 0.7730201 0.6343817 0 0.4713736 -0.8819337 0 -0.9951791 -0.09807449 0 -0.9951868 0.09799742 0 -0.8819268 0.4713864 0 -0.7730196 0.6343823 0 -0.4713746 0.8819332 0 2.14748e-5 0 1 -1.09488e-5 0 1 -3.18087e-5 0 1 -3.18087e-5 0 1 -1.58995e-5 0 1 3.97507e-6 0 1 1.58993e-5 0 1 3.11087e-6 0 1 -4.0923e-6 0 1 -4.0923e-6 0 1 6.35857e-5 0 -1 6.35857e-5 0 -1 1.0948e-5 0 -1 -5.74806e-6 0 -1 -1.63693e-5 0 -1 1.14965e-5 0 -1 5.74806e-6 0 -1 -4.76839e-7 0 -1 0.4714068 0.8819159 0 0.8818948 0.4714462 0 0.471374 -0.8819335 0 -0.4714071 -0.8819158 0 -0.4713749 0.8819329 0 -7.94973e-6 0 1 1.59035e-5 0 1 7.94969e-6 0 1 3.11088e-6 0 1 -2.38418e-7 0 1 3.17929e-5 0 -1 1.59e-5 0 -1 1.59012e-5 0 -1 3.17929e-5 0 -1 -5.474e-6 0 -1 -8.18467e-6 0 -1 5.74825e-6 0 -1 -4.76839e-7 0 -1 0 0 1 0.4714068 0.881916 0 0.8818948 0.4714463 0 0.8819271 -0.471386 0 0.4713739 -0.8819335 0 -0.471407 -0.8819158 0 -0.4713749 0.881933 0 3.97485e-6 0 1 -5.3687e-6 0 1 -7.95172e-6 0 1 3.97486e-6 0 1 1.98753e-6 0 1 -3.97482e-6 0 1 7.95172e-6 0 1 7.95167e-6 0 1 -3.97485e-6 0 1 0 0 1 3.17928e-5 0 -1 5.474e-6 0 -1 -2.87403e-6 0 -1 2.87403e-6 0 -1 0.8819273 0.4713857 0 -2.38419e-7 0 -1 0.9951792 0.09807443 0 0.9951867 -0.09799736 0 -0.8818945 -0.4714467 0 -7.94969e-6 0 1 1.07374e-5 0 1 7.94965e-6 0 1 2.87402e-6 0 1 -1.55544e-6 0 1 2.38418e-7 0 1 1.58964e-5 0 -1 1.58964e-5 0 -1 1.59e-5 0 -1 1.58964e-5 0 -1 5.36882e-6 0 -1 -4.09234e-6 0 -1 3.11084e-6 0 -1 -1.1921e-7 0 -1 0.4713969 0.8819213 0 0.8819212 0.4713969 0 0.9569404 0.2902847 0 0.9951848 0.09801727 0 0.9951848 -0.09801667 0 0.9569406 -0.2902842 0 0.4713966 -0.8819214 0 -0.4713968 -0.8819212 0 -0.8819214 -0.4713968 0 -0.9569405 -0.2902845 0 -0.9951847 -0.09801721 0 -0.9951848 0.09801661 0 -0.9569403 0.2902851 0 -0.8819212 0.4713971 0 -0.4713971 0.8819212 0 2.38419e-7 0 1 2.38419e-7 0 -1 0.7730103 0.6343935 0 0.8819215 0.4713964 0 0.9569402 0.2902852 0 0.9951848 0.09801667 0 0.9951848 -0.09801727 0 0.9569404 -0.2902847 0 0.8819212 -0.4713969 0 0.7730103 -0.6343936 0 -0.7730101 -0.6343938 0 -0.8819212 -0.4713969 0 -0.9569403 -0.2902851 0 -0.9951848 -0.09801661 0 -0.9951847 0.09801721 0 -0.9569405 0.2902845 0 -0.8819214 0.4713966 0 1.59005e-5 0 1 -2.14758e-5 0 1 1.09483e-5 0 1 3.18009e-5 0 1 3.18009e-5 0 1 -3.97513e-6 0 1 -1.59004e-5 0 1 -1.59005e-5 0 1 -3.11086e-6 0 1 5.74812e-6 0 1 -4.09232e-6 0 1 -1.55543e-6 0 1 -2.87406e-6 0 1 1.22769e-5 0 1 -7.95029e-6 0 -1 3.18011e-5 0 -1 1.59005e-5 0 -1 -7.95033e-6 0 -1 7.95026e-6 0 -1 -1.59005e-5 0 -1 1.59005e-5 0 -1 -2.14757e-5 0 -1 -5.36891e-6 0 -1 7.95017e-6 0 -1 4.09231e-6 0 -1 -3.11086e-6 0 -1 1.15119e-6 0 -1 -2.38419e-7 0 -1 0.6343929 0.7730109 0 0.7730106 0.6343931 0 0.8819215 -0.4713964 0 0.7730109 -0.6343929 0 0.6343933 -0.7730106 0 -0.7730103 -0.6343935 0 -0.8819211 0.4713971 0 -0.6343936 0.7730103 0 0.6343935 0.7730103 0 0.7730106 0.6343932 0 0.6343932 -0.7730106 0 -0.6343932 0.7730106 0 -1.59005e-5 0 1 1.59004e-5 0 1 4.09232e-6 0 1 2.87406e-6 0 1 4.09231e-6 0 1 1.59005e-5 0 -1 -4.09232e-6 0 -1 0.09801697 0.9951848 0 0.2902848 0.9569404 0 0.4713968 0.8819212 0 0.6343932 0.7730106 0 0.7730107 0.634393 0 0.8819216 0.4713963 0 0.9569404 0.2902848 0 0.9951847 0.09801727 0 0.9951848 -0.09801667 0 0.9569405 -0.2902842 0 0.8819215 -0.4713966 0 0.7730107 -0.6343932 0 0.634393 -0.7730107 0 0.4713964 -0.8819214 0 0.2902848 -0.9569404 0 0.09801697 -0.9951848 0 -0.09801703 -0.9951847 0 -0.2902848 -0.9569403 0 -0.4713968 -0.8819212 0 -0.6343936 -0.7730102 0 -0.7730102 -0.6343938 0 -0.8819215 -0.4713966 0 -0.9569404 -0.2902846 0 -0.9951847 -0.09801727 0 -0.9951848 0.09801667 0 -0.9569402 0.2902852 0 -0.7730105 0.6343933 0 -0.6343933 0.7730105 0 -0.4713969 0.8819212 0 -0.2902843 0.9569405 0 -0.09801703 0.9951847 0 0.09801697 0.9951848 0 0.4713966 0.8819214 0 0.9569402 0.2902853 0 0.9951848 0.09801673 0 0.9951847 -0.09801733 0 0.9569404 -0.2902848 0 0.8819214 -0.4713966 0 0.6343936 -0.7730103 0 0.4713965 -0.8819214 0 0.09801697 -0.9951848 0 -0.09801703 -0.9951847 0 -0.2902848 -0.9569404 0 -0.4713966 -0.8819214 0 -0.634393 -0.7730107 0 -0.8819212 -0.471397 0 -0.9569402 -0.2902852 0 -0.9951848 -0.09801667 0 -0.9951847 0.09801727 0 -0.9569405 0.2902846 0 -0.8819215 0.4713963 0 -0.7730105 0.6343934 0 -0.6343936 0.7730103 0 -0.4713969 0.8819212 0 1.98757e-6 0 1 5.47413e-6 0 1 9.93783e-7 0 1 -1.98757e-6 0 1 -1.43703e-6 0 1 3.06924e-6 0 1 -7.77715e-7 0 1 1.43703e-6 0 1 -1.02308e-6 0 1 -0.2902843 0.9569405 0 -0.09801703 0.9951847 0 -7.95024e-6 0 -1 -5.36893e-6 0 -1 2.73706e-6 0 -1 1.36853e-6 0 -1 -7.18515e-7 0 -1 7.18515e-7 0 -1 -5.75593e-7 0 -1 0 0 -1 0.9569404 0.2902848 0 0.9951847 0.09801727 0 0.9951848 -0.09801667 0 -0.9569404 -0.2902846 0 -0.9951848 -0.09801727 0 -0.9951848 0.09801661 0 -0.9569402 0.2902851 0 1.19209e-7 0 -1 4.09232e-6 0 1 -7.95026e-6 0 -1 -7.95024e-6 0 -1 2.04616e-6 0 -1 0.4713968 0.8819214 0 0.9569404 0.2902848 0 0.9951847 0.09801733 0 0.9951848 -0.09801673 0 0.9569405 -0.2902842 0 0.7730106 -0.6343932 0 0.4713963 -0.8819214 0 -0.8819215 -0.4713965 0 -0.9569405 -0.2902846 0 -0.9951847 -0.09801727 0 -0.9951848 0.09801667 0 -0.9569402 0.2902852 0 -0.8819211 0.4713973 0 -0.4713968 0.8819212 0 0 0 1 0.4713966 0.8819213 0 0.7730104 0.6343935 0 0.9569401 0.2902854 0 0.9951848 0.09801667 0 0.9951847 -0.09801727 0 0.9569404 -0.2902848 0 0.7730104 -0.6343935 0 0.4713966 -0.8819214 0 -0.4713966 -0.8819214 0 -0.8819211 -0.471397 0 -0.9569402 -0.2902852 0 -0.9951848 -0.09801667 0 -0.9951847 0.09801727 0 -0.9569404 0.2902846 0 -0.8819216 0.4713961 0 -0.4713971 0.8819212 0 1.98756e-6 0 1 -2.68447e-6 0 1 -4.96891e-7 0 1 -1.98755e-6 0 1 -1.98756e-6 0 1 7.18514e-7 0 1 -1.02308e-6 0 1 3.88858e-7 0 1 0 0 1 -3.97515e-6 0 -1 -7.95025e-6 0 -1 7.95026e-6 0 -1 7.95024e-6 0 -1 -3.97512e-6 0 -1 -1.98758e-6 0 -1 3.97513e-6 0 -1 7.95024e-6 0 -1 -5.47413e-6 0 -1 -2.73706e-6 0 -1 2.68446e-6 0 -1 1.98754e-6 0 -1 -2.04616e-6 0 -1 8.6339e-7 0 -1 -1.78814e-7 0 -1 -4.76837e-7 0 -1 0.8819217 0.4713961 0 -1.09483e-5 0 1 -7.95023e-6 0 1 3.97513e-6 0 1 1.59005e-5 0 1 7.95023e-6 0 1 -4.09232e-6 0 1 3.11086e-6 0 1 -4.09231e-6 0 1 -2.38419e-7 0 1 3.1801e-5 0 -1 1.59005e-5 0 -1 3.1801e-5 0 -1 -5.47413e-6 0 -1 -8.18463e-6 0 -1 5.74812e-6 0 -1 1.15119e-6 0 -1 -4.76837e-7 0 -1 0.471397 0.8819212 0 0.8819215 0.4713963 0 0.9569404 0.2902849 0 0.9569405 -0.2902843 0 0.6343929 -0.7730109 0 0.4713968 -0.8819214 0 -0.9569404 -0.2902849 0 -0.9951848 -0.09801727 0 -0.9951848 0.09801667 0 -0.9569401 0.2902854 0 -0.8819213 0.4713969 0 -0.7730109 0.6343929 0 -0.4713972 0.8819211 0 -2.38419e-7 0 1 -9.53674e-7 0 -1 0.4713965 0.8819215 0 0.7730109 0.6343929 0 0.9569401 0.2902854 0 0.9569404 -0.2902849 0 0.7730106 -0.6343933 0 0.6343936 -0.7730103 0 0.4713962 -0.8819215 0 -0.9951848 -0.09801667 0 -0.9951848 0.09801727 0 -0.8819215 0.4713964 0 -0.7730103 0.6343935 0 -0.4713968 0.8819214 0 2.14758e-5 0 1 -3.18009e-5 0 1 3.11086e-6 0 1 6.36021e-5 0 -1 6.36019e-5 0 -1 1.09483e-5 0 -1 -5.74812e-6 0 -1 -1.63693e-5 0 -1 1.14962e-5 0 -1 5.74812e-6 0 -1 0 0 1 0.4713968 0.8819213 0 0.8819217 0.4713962 0 0.8819212 -0.4713969 0 0.4713966 -0.8819214 0 -0.4713968 -0.8819214 0 -0.471397 0.8819212 0 3.97512e-6 0 1 -5.36894e-6 0 1 -7.95026e-6 0 1 -3.97511e-6 0 1 7.95025e-6 0 1 7.95022e-6 0 1 -3.97512e-6 0 1 -1.19209e-7 0 1 3.1801e-5 0 -1 5.47413e-6 0 -1 -2.87406e-6 0 -1 2.87406e-6 0 -1 0.7730109 0.6343929 0 0.8819214 0.4713966 0 0.9951848 0.09801661 0 0.9951847 -0.09801721 0 0.8819211 -0.4713971 0 -0.8819211 -0.4713971 0 1.07379e-5 0 1 2.87406e-6 0 1 -1.55543e-6 0 1 2.38419e-7 0 1 1.59005e-5 0 -1 1.59005e-5 0 -1 5.36891e-6 0 -1 -4.09232e-6 0 -1 3.11086e-6 0 -1 0 0 -1 0 0.01969385 0.9998061 0 0.06055796 0.9981647 0 0.1062979 0.9943343 0 0.1619667 0.9867963 0 0.2367711 0.9715655 0 0.3504451 0.9365833 0 0.5504395 0.8348751 0 0.8971183 0.4417903 0 0.8971183 -0.4417903 0 0.5504409 -0.8348742 0 0.3504444 -0.9365835 0 0.2367708 -0.9715656 0 0.1619699 -0.9867958 0 0.1062952 -0.9943347 0 0.0605579 -0.9981647 0 0.01969629 -0.999806 0 -0.01969629 -0.9998061 0 -0.06055796 -0.9981647 0 -0.1062951 -0.9943346 0 -0.1619699 -0.9867957 0 -0.2367709 -0.9715655 0 -0.3504448 -0.9365834 0 -0.5504395 -0.8348751 0 -0.8971183 -0.4417903 0 -0.8971163 0.4417946 0 -0.5504457 0.834871 0 -0.3504451 0.9365833 0 -0.2367711 0.9715655 0 -0.1619669 0.9867962 0 -0.1062977 0.9943343 1 0 0 0 -0.0605579 0.9981647 0 -0.01969385 0.9998061 -1 0 0 0 0.01969629 0.999806 0 0.06055796 0.9981647 0 0.1062951 0.9943346 0 0.1619699 0.9867958 0 0.2367713 0.9715654 0 0.3504451 0.9365833 0 0.5504394 0.8348751 0 0.8971183 0.4417903 0 0.8971162 -0.4417946 0 0.5504471 -0.8348702 0 0.3504455 -0.9365832 0 0.2367711 -0.9715655 0 0.1619668 -0.9867963 0 0.1062979 -0.9943343 0 0.06055796 -0.9981647 0 0.01969385 -0.9998061 0 -0.01969385 -0.9998061 0 -0.0605579 -0.9981648 0 -0.1062978 -0.9943343 0 -0.1619669 -0.9867962 0 -0.2367711 -0.9715655 0 -0.3504451 -0.9365833 0 -0.5504394 -0.8348751 0 -0.8971183 -0.4417903 0 -0.8971183 0.4417903 0 -0.5504408 0.8348742 0 -0.3504455 0.9365832 0 -0.2367709 0.9715655 0 -0.1619699 0.9867958 0 -0.1062951 0.9943346 1 5.74803e-5 0 1 -5.74787e-5 0 0 -0.06055796 0.9981647 0 -0.01969629 0.9998061</float_array>
          <technique_common>
            <accessor source="#Cylinder_010-mesh-normals-array" count="825" stride="3">
              <param name="X" type="float"/>
              <param name="Y" type="float"/>
              <param name="Z" type="float"/>
            </accessor>
          </technique_common>
        </source>
        <source id="Cylinder_010-mesh-map-0">
          <float_array id="Cylinder_010-mesh-map-0-array" count="15624">1 1 0.96875 0.5 1 0.5 0.96875 1 0.9375 0.5 0.96875 0.5 0.9375 1 0.90625 0.5 0.9375 0.5 0.90625 1 0.8750001 0.5 0.90625 0.5 0.8750001 1 0.84375 0.5 0.8750001 0.5 0.84375 1 0.8125 0.5 0.84375 0.5 0.8125 1 0.78125 0.5 0.8125 0.5 0.78125 1 0.75 0.5 0.78125 0.5 0.75 1 0.71875 0.5 0.75 0.5 0.71875 1 0.6875 0.5 0.71875 0.5 0.6875 1 0.65625 0.5 0.6875 0.5 0.65625 1 0.625 0.5 0.65625 0.5 0.625 1 0.59375 0.5 0.625 0.5 0.59375 1 0.5625 0.5 0.59375 0.5 0.5625 1 0.53125 0.5 0.5625 0.5 0.53125 1 0.5 0.5 0.53125 0.5 0.5 1 0.46875 0.5 0.5 0.5 0.46875 1 0.4375 0.5 0.46875 0.5 0.4375 1 0.40625 0.5 0.4375 0.5 0.40625 1 0.375 0.5 0.40625 0.5 0.375 1 0.34375 0.5 0.375 0.5 0.34375 1 0.3125 0.5 0.34375 0.5 0.3125 1 0.28125 0.5 0.3125 0.5 0.28125 1 0.25 0.5 0.28125 0.5 0.25 1 0.21875 0.5 0.25 0.5 0.21875 1 0.1875 0.5 0.21875 0.5 0.1875 1 0.15625 0.5 0.1875 0.5 0.15625 1 0.125 0.5 0.15625 0.5 0.125 1 0.09375 0.5 0.125 0.5 0.09375 1 0.0625 0.5 0.09375 0.5 0.02826893 0.341844 0.1581559 0.02826887 0.4717311 0.1581559 0.0625 1 0.03125 0.5 0.0625 0.5 0.03125 1 0 0.5 0.03125 0.5 0.9853885 0.2968217 0.7968217 0.01461148 0.5146116 0.2031783 1 1 0.96875 1 0.96875 0.5 0.96875 1 0.9375 1 0.9375 0.5 0.9375 1 0.90625 1 0.90625 0.5 0.90625 1 0.8750001 1 0.8750001 0.5 0.8750001 1 0.84375 1 0.84375 0.5 0.84375 1 0.8125 1 0.8125 0.5 0.8125 1 0.78125 1 0.78125 0.5 0.78125 1 0.75 1 0.75 0.5 0.75 1 0.71875 1 0.71875 0.5 0.71875 1 0.6875 1 0.6875 0.5 0.6875 1 0.65625 1 0.65625 0.5 0.65625 1 0.625 1 0.625 0.5 0.625 1 0.59375 1 0.59375 0.5 0.59375 1 0.5625 1 0.5625 0.5 0.5625 1 0.53125 1 0.53125 0.5 0.53125 1 0.5 1 0.5 0.5 0.5 1 0.46875 1 0.46875 0.5 0.46875 1 0.4375 1 0.4375 0.5 0.4375 1 0.40625 1 0.40625 0.5 0.40625 1 0.375 1 0.375 0.5 0.375 1 0.34375 1 0.34375 0.5 0.34375 1 0.3125 1 0.3125 0.5 0.3125 1 0.28125 1 0.28125 0.5 0.28125 1 0.25 1 0.25 0.5 0.25 1 0.21875 1 0.21875 0.5 0.21875 1 0.1875 1 0.1875 0.5 0.1875 1 0.15625 1 0.15625 0.5 0.15625 1 0.125 1 0.125 0.5 0.125 1 0.09375 1 0.09375 0.5 0.09375 1 0.0625 1 0.0625 0.5 0.341844 0.4717311 0.2968217 0.4853885 0.1581559 0.4717311 0.2968217 0.4853885 0.25 0.49 0.1581559 0.4717311 0.25 0.49 0.2031783 0.4853885 0.1581559 0.4717311 0.1581559 0.4717311 0.116663 0.4495527 0.08029431 0.4197056 0.08029431 0.4197056 0.0504471 0.3833368 0.1581559 0.4717311 0.0504471 0.3833368 0.02826893 0.341844 0.1581559 0.4717311 0.02826893 0.341844 0.01461154 0.2968217 0.00999999 0.25 0.00999999 0.25 0.01461154 0.2031783 0.02826887 0.1581559 0.02826887 0.1581559 0.05044728 0.116663 0.08029437 0.08029437 0.08029437 0.08029437 0.116663 0.05044728 0.1581559 0.02826887 0.1581559 0.02826887 0.2031783 0.01461148 0.25 0.00999999 0.25 0.00999999 0.2968217 0.01461148 0.341844 0.02826887 0.341844 0.02826887 0.3833369 0.05044728 0.4197056 0.08029437 0.4197056 0.08029437 0.4495527 0.116663 0.4717311 0.1581559 0.4717311 0.1581559 0.4853885 0.2031783 0.49 0.25 0.49 0.25 0.4853885 0.2968217 0.4717311 0.341844 0.4717311 0.341844 0.4495527 0.3833369 0.4197056 0.4197056 0.4197056 0.4197056 0.3833369 0.4495527 0.341844 0.4717311 0.02826893 0.341844 0.00999999 0.25 0.1581559 0.02826887 0.00999999 0.25 0.02826887 0.1581559 0.1581559 0.02826887 0.02826887 0.1581559 0.08029437 0.08029437 0.1581559 0.02826887 0.1581559 0.02826887 0.25 0.00999999 0.341844 0.02826887 0.341844 0.02826887 0.4197056 0.08029437 0.1581559 0.02826887 0.4197056 0.08029437 0.4717311 0.1581559 0.1581559 0.02826887 0.4717311 0.1581559 0.49 0.25 0.341844 0.4717311 0.49 0.25 0.4717311 0.341844 0.341844 0.4717311 0.4717311 0.341844 0.4197056 0.4197056 0.341844 0.4717311 0.341844 0.4717311 0.1581559 0.4717311 0.02826893 0.341844 0.341844 0.4717311 0.02826893 0.341844 0.4717311 0.1581559 0.0625 1 0.03125 1 0.03125 0.5 0.03125 1 0 1 0 0.5 0.7031784 0.4853885 0.75 0.49 0.7968217 0.4853885 0.7968217 0.4853885 0.841844 0.4717311 0.8833369 0.4495527 0.8833369 0.4495527 0.9197056 0.4197056 0.9495527 0.3833369 0.9495527 0.3833369 0.9717311 0.341844 0.9853885 0.2968217 0.9853885 0.2968217 0.99 0.25 0.9853885 0.2031783 0.9853885 0.2031783 0.9717311 0.1581559 0.9495527 0.116663 0.9495527 0.116663 0.9197056 0.08029437 0.8833369 0.05044728 0.8833369 0.05044728 0.841844 0.02826887 0.7968217 0.01461148 0.7968217 0.01461148 0.75 0.00999999 0.7031784 0.01461148 0.7031784 0.01461148 0.658156 0.02826887 0.6166631 0.05044728 0.6166631 0.05044728 0.5802944 0.08029437 0.5504474 0.116663 0.5504474 0.116663 0.5282689 0.1581559 0.5146116 0.2031783 0.5146116 0.2031783 0.51 0.25 0.5146116 0.2968217 0.5146116 0.2968217 0.5282689 0.341844 0.5146116 0.2031783 0.5282689 0.341844 0.5504473 0.3833368 0.5146116 0.2031783 0.5504473 0.3833368 0.5802944 0.4197056 0.7031784 0.4853885 0.5802944 0.4197056 0.6166631 0.4495527 0.7031784 0.4853885 0.6166631 0.4495527 0.658156 0.4717311 0.7031784 0.4853885 0.7031784 0.4853885 0.7968217 0.4853885 0.9853885 0.2968217 0.7968217 0.4853885 0.8833369 0.4495527 0.9853885 0.2968217 0.8833369 0.4495527 0.9495527 0.3833369 0.9853885 0.2968217 0.9853885 0.2968217 0.9853885 0.2031783 0.9495527 0.116663 0.9495527 0.116663 0.8833369 0.05044728 0.9853885 0.2968217 0.8833369 0.05044728 0.7968217 0.01461148 0.9853885 0.2968217 0.7968217 0.01461148 0.7031784 0.01461148 0.5146116 0.2031783 0.7031784 0.01461148 0.6166631 0.05044728 0.5146116 0.2031783 0.6166631 0.05044728 0.5504474 0.116663 0.5146116 0.2031783 0.5146116 0.2031783 0.5504473 0.3833368 0.7031784 0.4853885 0.7031784 0.4853885 0.9853885 0.2968217 0.5146116 0.2031783 0 0 0 0 0 0 0 0 0 0 0 0 0 0 0 0 0 0 0 0 0 0 0 0 0 0 0 0 0 0 0 0 0 0 0 0 0 0 0 0 0 0 0 0 0 0 0 0 0 0 0 0 0 0 0 0 0 0 0 0 0 0 0 0 0 0 0 0 0 0 0 0 0 0 0 0 0 0 0 0 0 0 0 0 0 0 0 0 0 0 0 0 0 0 0 0 0 0 0 0 0 0 0 0 0 0 0 0 0 0 0 0 0 0 0 0 0 0 0 0 0 0 0 0 0 0 0 0 0 0 0 0 0 0 0 0 0 0 0 0 0 0 0 0 0 0 0 0 0 0 0 0 0 0 0 0 0 0 0 0 0 0 0 0 0 0 0 0 0 0 0 0 0 0 0 0 0 0 0 0 0 0 0 0 0 0 0 0 0 0 0 0 0 0 0 0 0 0 0 0 0 0 0 0 0 0 0 0 0 0 0 0 0 0 0 0 0 0 0 0 0 0 0 0 0 0 0 0 0 0 0 0 0 0 0 0 0 0 0 0 0 0 0 0 0 0 0 0 0 0 0 0 0 0 0 0 0 0 0 0 0 0 0 0 0 0 0 0 0 0 0 0 0 0 0 0 0 0 0 0 0 0 0 0 0 0 0 0 0 0 0 0 0 0 0 0 0 0 0 0 0 0 0 0 0 0 0 0 0 0 0 0 0 0 0 0 0 0 0 0 0 0 0 0 0 0 0 0 0 0 0 0 0 0 0 0 0 0 0 0 0 0 0 0 0 0 0 0 0 0 0 0 0 0 0 0 0 0 0 0 0 0 0 0 0 0 0 0 0 0 0 0 0 0 0 0 0 0 0 0 0 0 0 0 0 0 0 0 0 0 0 0 0 0 0 0 0 0 0 0 0 0 0 0 0 0 0 0 0 0 0 0 0 0 0 0 0 0 0 0 0 0 0 0 0 0 0 0 0 0 0 0 0 0 0 0 0 0 0 0 0 0 0 0 0 0 0 0 0 0 0 0 0 0 0 0 0 0 0 0 0 0 0 0 0 0 0 0 0 0 0 0 0 0 0 0 0 0 0 0 0 0 0 0 0 0 0 0 0 0 0 0 0 0 0 0 0 0 0 0 0 0 0 0 0 0 0 0 0 0 0 0 0 0 0 0 0 0 0 0 0 0 0 0 0 0 0 0 0 0 0 0 0 0 0 0 0 0 0 0 0 0 0 0 0 0 0 0 0 0 0 0 0 0 0 0 0 0 0 0 0 0 0 0 0 0 0 0 0 0 0 0 0 0 0 0 0 0 0 0 0 0 0 0 0 0 0 0 0 0 0 0 0 0 0 0 0 0 0 0 0 0 0 0 0 0 0 0 0 0 0 0 0 0 0 0 0 0 0 0 0 0 0 0 0 0 0 0 0 0 0 0 0 0 0 0 0 0 0 0 0 0 0 0 0 0 0 0 0 0 0 0 0 0 0 0 0 0 0 0 0 0 0 0 0 0 0 0 0 0 0 0 0 0 0 0 0 0 0 0 0 0 0 0 0 0 0 0 0 0 0 0 0 0 0 0 0 0 0 0 0 0 0 0 0 0 0 0 0 0 0 0 0 0 0 0 0 0 0 0 0 0 0 0 0 0 0 0 0 0 0 0 0 0 0 0 0 0 0 0 0 0 0 0 0 0 0 0 0 0 0 0 0 0 0 0 0 0 0 0 0 0 0 0 0 0 0 0 0 0 0 0 0 0 0 0 0 0 0 0 0 0 0 0 0 0 0 0 0 0 0 0 0 0 0 0 0 0 0 0 0 0 0 0 0 0 0 0 0 0 0 0 0 0 0 0 0 0 0 0 0 0 0 0 0 0 0 0 0 0 0 0 0 0 0 0 0 0 0 0 0 0 0 0 0 0 0 0 0 0 0 0 0 0 0 0 0 0 0 0 0 0 0 0 0 0 0 0 0 0 0 0 0 0 0 0 0 0 0 0 0 0 0 0 0 0 0 0 0 0 0 0 0 0 0 0 0 0 0 0 0 0 0 0 0 0 0 0 0 0 0 0 0 0 0 0 0 0 0 0 0 0 0 0 0 0 0 0 0 0 0 0 0 0 0 0 0 0 0 0 0 0 0 0 0 0 0 0 0 0 0 0 0 0 0 0 0 0 0 0 0 0 0 0 0 0 0 0 0 0 0 0 0 0 0 0 0 0 0 0 0 0 0 0 0 0 0 0 0 0 0 0 0 0 0 0 0 0 0 0 0 0 0 0 0 0 0 0 0 0 0 0 0 0 0 0 0 0 0 0 0 0 0 0 0 0 0 0 0 0 0 0 0 0 0 0 0 0 0 0 0 0 0 0 0 0 0 0 0 0 0 0 0 0 0 0 0 0 0 0 0 0 0 0 0 0 0 0 0 0 0 0 0 0 0 0 0 0 0 0 0 0 0 0 0 0 0 0 0 0 0 0 0 0 0 0 0 0 0 0 0 0 0 0 0 0 0 0 0 0 0 0 0 0 0 0 0 0 0 0 0 0 0 0 0 0 0 0 0 0 0 0 0 0 0 0 0 0 0 0 0 0 0 0 0 0 0 0 0 0 0 0 0 0 0 0 0 0 0 0 0 0 0 0 0 0 0 0 0 0 0 0 0 0 0 0 0 0 0 0 0 0 0 0 0 0 0 0 0 0 0 0 0 0 0 0 0 0 0 0 0 0 0 0 0 0 0 0 0 0 0 0 0 0 0 0 0 0 0 0 0 0 0 0 0 0 0 0 0 0 0 0 0 0 0 0 0 0 0 0 0 0 0 0 0 0 0 0 0 0 0 0 0 0 0 0 0 0 0 0 0 0 0 0 0 0 0 0 0 0 0 0 0 0 0 0 0 0 0 0 0 0 0 0 0 0 0 0 0 0 0 0 0 0 0 0 0 0 0 0 0 0 0 0 0 0 0 0 0 0 0 0 0 0 0 0 0 0 0 0 0 0 0 0 0 0 0 0 0 0 0 0 0 0 0 0 0 0 0 0 0 0 0 0 0 0 0 0 0 0 0 0 0 0 0 0 0 0 0 0 0 0 0 0 0 0 0 0 0 0 0 0 0 0 0 0 0 0 0 0 0 0 0 0 0 0 0 0 0 0 0 0 0 0 0 0 0 0 0 0 0 0 0 0 0 0 0 0 0 0 0 0 0 0 0 0 0 0 0 0 0 0 0 0 0 0 0 0 0 0 0 0 0 0 0 0 0 0 0 0 0 0 0 0 0 0 0 0 0 0 0 0 0 0 0 0 0 0 0 0 0 0 0 0 0 0 0 0 0 0 0 0 0 0 0 0 0 0 0 0 0 0 0 0 0 0 0 0 0 0 0 0 0 0 0 0 0 0 0 0 0 0 0 0 0 0 0 0 0 0 0 0 0 0 0 0 0 0 0 0 0 0 0 0 0 0 0 0 0 0 0 0 0 0 0 0 0 0 0 0 0 0 0 0 0 0 0 0 0 0 0 0 0 0 0 0 0 0 0 0 0 0 0 0 0 0 0 0 0 0 0 0 0 0 0 0 0 0 0 0 0 0 0 0 0 0 0 0 0 0 0 0 0 0 0 0 0 0 0 0 0 0 0 0 0 0 0 0 0 0 0 0 0 0 0 0 0 0 0 0 0 0 0 0 0 0 0 0 0 0 0 0 0 0 0 0 0 0 0 0 0 0 0 0 0 0 0 0 0 0 0 0 0 0 0 0 0 0 0 0 0 0 0 0 0 0 0 0 0 0 0 0 0 0 0 0 0 0 0 0 0 0 0 0 0 0 0 0 0 0 0 0 0 0 0 0 0 0 0 0 0 0 0 0 0 0 0 0 0 0 0 0 0 0 0 0 0 0 0 0 0 0 0 0 0 0 0 0 0 0 0 0 0 0 0 0 0 0 0 0 0 0 0 0 0 0 0 0 0 0 0 0 0 0 0 0 0 0 0 0 0 0 0 0 0 0 0 0 0 0 0 0 0 0 0 0 0 0 0 0 0 0 0 0 0 0 0 0 0 0 0 0 0 0 0 0 0 0 0 0 0 0 0 0 0 0 0 0 0 0 0 0 0 0 0 0 0 0 0 0 0 0 0 0 0 0 0 0 0 0 0 0 0 0 0 0 0 0 0 0 0 0 0 0 0 0 0 0 0 0 0 0 0 0 0 0 0 0 0 0 0 0 0 0 0 0 0 0 0 0 0 0 0 0 0 0 0 0 0 0 0 0 0 0 0 0 0 0 0 0 0 0 0 0 0 0 0 0 0 0 0 0 0 0 0 0 0 0 0 0 0 0 0 0 0 0 0 0 0 0 0 0 0 0 0 0 0 0 0 0 0 0 0 0 0 0 0 0 0 0 0 0 0 0 0 0 0 0 0 0 0 0 0 0 0 0 0 0 0 0 0 0 0 0 0 0 0 0 0 0 0 0 0 0 0 0 0 0 0 0 0 0 0 0 0 0 0 0 0 0 0 0 0 0 0 0 0 0 0 0 0 0 0 0 0 0 0 0 0 0 0 0 0 0 0 0 0 0 0 0 0 0 0 0 0 0 0 0 0 0 0 0 0 0 0 0 0 0 0 0 0 0 0 0 0 0 0 0 0 0 0 0 0 0 0 0 0 0 0 0 0 0 0 0 0 0 0 0 0 0 0 0 0 0 0 0 0 0 0 0 0 0 0 0 0 0 0 0 0 0 0 0 0 0 0 0 0 0 0 0 0 0 0 0 0 0 0 0 0 0 0 0 0 0 0 0 0 0 0 0 0 0 0 0 0 0 0 0 0 0 0 0 0 0 0 0 0 0 0 0 0 0 0 0 0 0 0 0 0 0 0 0 0 0 0 0 0 0 0 0 0 0 0 0 0 0 0 0 0 0 0 0 0 0 0 0 0 0 0 0 0 0 0 0 0 0 0 0 0 0 0 0 0 0 0 0 0 0 0 0 0 0 0 0 0 0 0 0 0 0 0 0 0 0 0 0 0 0 0 0 0 0 0 0 0 0 0 0 0 0 0 0 0 0 0 0 0 0 0 0 0 0 0 0 0 0 0 0 0 0 0 0 0 0 0 0 0 0 0 0 0 0 0 0 0 0 0 0 0 0 0 0 0 0 0 0 0 0 0 0 0 0 0 0 0 0 0 0 0 0 0 0 0 0 0 0 0 0 0 0 0 0 0 0 0 0 0 0 0 0 0 0 0 0 0 0 0 0 0 0 0 0 0 0 0 0 0 0 0 0 0 0 0 0 0 0 0 0 0 0 0 0 0 0 0 0 0 0 0 0 0 0 0 0 0 0 0 0 0 0 0 0 0 0 0 0 0 0 0 0 0 0 0 0 0 0 0 0 0 0 0 0 0 0 0 0 0 0 0 0 0 0 0 0 0 0 0 0 0 0 0 0 0 0 0 0 0 0 0 0 0 0 0 0 0 0 0 0 0 0 0 0 0 0 0 0 0 0 0 0 0 0 0 0 0 0 0 0 0 0 0 0 0 0 0 0 0 0 0 0 0 0 0 0 0 0 0 0 0 0 0 0 0 0 0 0 0 0 0 0 0 0 0 0 0 0 0 0 0 0 0 0 0 0 0 0 0 0 0 0 0 0 0 0 0 0 0 0 0 0 0 0 0 0 0 0 0 0 0 0 0 0 0 0 0 0 0 0 0 0 0 0 0 0 0 0 0 0 0 0 0 0 0 0 0 0 0 0 0 0 0 0 0 0 0 0 0 0 0 0 0 0 0 0 0 0 0 0 0 0 0 0 0 0 0 0 0 0 0 0 0 0 0 0 0 0 0 0 0 0 0 0 0 0 0 0 0 0 0 0 0 0 0 0 0 0 0 0 0 0 0 0 0 0 0 0 0 0 0 0 0 0 0 0 0 0 0 0 0 0 0 0 0 0 0 0 0 0 0 0 0 0 0 0 0 0 0 0 0 0 0 0 0 0 0 0 0 0 0 0 0 0 0 0 0 0 0 0 0 0 0 0 0 0 0 0 0 0 0 0 0 0 0 0 0 0 0 0 0 0 0 0 0 0 0 0 0 0 0 0 0 0 0 0 0 0 0 0 0 0 0 0 0 0 0 0 0 0 0 0 0 0 0 0 0 0 0 0 0 0 0 0 0 0 0 0 0 0 0 0 0 0 0 0 0 0 0 0 0 0 0 0 0 0 0 0 0 0 0 0 0 0 0 0 0 0 0 0 0 0 0 0 0 0 0 0 0 0 0 0 0 0 0 0 0 0 0 0 0 0 0 0 0 0 0 0 0 0 0 0 0 0 0 0 0 0 0 0 0 0 0 0 0 0 0 0 0 0 0 0 0 0 0 0 0 0 0 0 0 0 0 0 0 0 0 0 0 0 0 0 0 0 0 0 0 0 0 0 0 0 0 0 0 0 0 0 0 0 0 0 0 0 0 0 0 0 0 0 0 0 0 0 0 0 0 0 0 0 0 0 0 0 0 0 0 0 0 0 0 0 0 0 0 0 0 0 0 0 0 0 0 0 0 0 0 0 0 0 0 0 0 0 0 0 0 0 0 0 0 0 0 0 0 0 0 0 0 0 0 0 0 0 0 0 0 0 0 0 0 0 0 0 0 0 0 0 0 0 0 0 0 0 0 0 0 0 0 0 0 0 0 0 0 0 0 0 0 0 0 0 0 0 0 0 0 0 0 0 0 0 0 0 0 0 0 0 0 0 0 0 0 0 0 0 0 0 0 0 0 0 0 0 0 0 0 0 0 0 0 0 0 0 0 0 0 0 0 0 0 0 0 0 0 0 0 0 0 0 0 0 0 0 0 0 0 0 0 0 0 0 0 0 0 0 0 0 0 0 0 0 0 0 0 0 0 0 0 0 0 0 0 0 0 0 0 0 0 0 0 0 0 0 0 0 0 0 0 0 0 0 0 0 0 0 0 0 0 0 0 0 0 0 0 0 0 0 0 0 0 0 0 0 0 0 0 0 0 0 0 0 0 0 0 0 0 0 0 0 0 0 0 0 0 0 0 0 0 0 0 0 0 0 0 0 0 0 0 0 0 0 0 0 0 0 0 0 0 0 0 0 0 0 0 0 0 0 0 0 0 0 0 0 0 0 0 0 0 0 0 0 0 0 0 0 0 0 0 0 0 0 0 0 0 0 0 0 0 0 0 0 0 0 0 0 0 0 0 0 0 0 0 0 0 0 0 0 0 0 0 0 0 0 0 0 0 0 0 0 0 0 0 0 0 0 0 0 0 0 0 0 0 0 0 0 0 0 0 0 0 0 0 0 0 0 0 0 0 0 0 0 0 0 0 0 0 0 0 0 0 0 0 0 0 0 0 0 0 0 0 0 0 0 0 0 0 0 0 0 0 0 0 0 0 0 0 0 0 0 0 0 0 0 0 0 0 0 0 0 0 0 0 0 0 0 0 0 0 0 0 0 0 0 0 0 0 0 0 0 0 0 0 0 0 0 0 0 0 0 0 0 0 0 0 0 0 0 0 0 0 0 0 0 0 0 0 0 0 0 0 0 0 0 0 0 0 0 0 0 0 0 0 0 0 0 0 0 0 0 0 0 0 0 0 0 0 0 0 0 0 0 0 0 0 0 0 0 0 0 0 0 0 0 0 0 0 0 0 0 0 0 0 0 0 0 0 0 0 0 0 0 0 0 0 0 0 0 0 0 0 0 0 0 0 0 0 0 0 0 0 0 0 0 0 0 0 0 0 0 0 0 0 0 0 0 0 0 0 0 0 0 0 0 0 0 0 0 0 0 0 0 0 0 0 0 0 0 0 0 0 0 0 0 0 0 0 0 0 0 0 0 0 0 0 0 0 0 0 0 0 0 0 0 0 0 0 0 0 0 0 0 0 0 0 0 0 0 0 0 0 0 0 0 0 0 0 0 0 0 0 0 0 0 0 0 0 0 0 0 0 0 0 0 0 0 0 0 0 0 0 0 0 0 0 0 0 0 0 0 0 0 0 0 0 0 0 0 0 0 0 0 0 0 0 0 0 0 0 0 0 0 0 0 0 0 0 0 0 0 0 0 0 0 0 0 0 0 0 0 0 0 0 0 0 0 0 0 0 0 0 0 0 0 0 0 0 0 0 0 0 0 0 0 0 0 0 0 0 0 0 0 0 0 0 0 0 0 0 0 0 0 0 0 0 0 0 0 0 0 0 0 0 0 0 0 0 0 0 0 0 0 0 0 0 0 0 0 0 0 0 0 0 0 0 0 0 0 0 0 0 0 0 0 0 0 0 0 0 0 0 0 0 0 0 0 0 0 0 0 0 0 0 0 0 0 0 0 0 0 0 0 0 0 0 0 0 0 0 0 0 0 0 0 0 0 0 0 0 0 0 0 0 0 0 0 0 0 0 0 0 0 0 0 0 0 0 0 0 0 0 0 0 0 0 0 0 0 0 0 0 0 0 0 0 0 0 0 0 0 0 0 0 0 0 0 0 0 0 0 0 0 0 0 0 0 0 0 0 0 0 0 0 0 0 0 0 0 0 0 0 0 0 0 0 0 0 0 0 0 0 0 0 0 0 0 0 0 0 0 0 0 0 0 0 0 0 0 0 0 0 0 0 0 0 0 0 0 0 0 0 0 0 0 0 0 0 0 0 0 0 0 0 0 0 0 0 0 0 0 0 0 0 0 0 0 0 0 0 0 0 0 0 0 0 0 0 0 0 0 0 0 0 0 0 0 0 0 0 0 0 0 0 0 0 0 0 0 0 0 0 0 0 0 0 0 0 0 0 0 0 0 0 0 0 0 0 0 0 0 0 0 0 0 0 0 0 0 0 0 0 0 0 0 0 0 0 0 0 0 0 0 0 0 0 0 0 0 0 0 0 0 0 0 0 0 0 0 0 0 0 0 0 0 0 0 0 0 0 0 0 0 0 0 0 0 0 0 0 0 0 0 0 0 0 0 0 0 0 0 0 0 0 0 0 0 0 0 0 0 0 0 0 0 0 0 0 0 0 0 0 0 0 0 0 0 0 0 0 0 0 0 0 0 0 0 0 0 0 0 0 0 0 0 0 0 0 0 0 0 0 0 0 0 0 0 0 0 0 0 0 0 0 0 0 0 0 0 0 0 0 0 0 0 0 0 0 0 0 0 0 0 0 0 0 0 0 0 0 0 0 0 0 0 0 0 0 0 0 0 0 0 0 0 0 0 0 0 0 0 0 0 0 0 0 0 0 0 0 0 0 0 0 0 0 0 0 0 0 0 0 0 0 0 0 0 0 0 0 0 0 0 0 0 0 0 0 0 0 0 0 0 0 0 0 0 0 0 0 0 0 0 0 0 0 0 0 0 0 0 0 0 0 0 0 0 0 0 0 0 0 0 0 0 0 0 0 0 0 0 0 0 0 0 0 0 0 0 0 0 0 0 0 0 0 0 0 0 0 0 0 0 0 0 0 0 0 0 0 0 0 0 0 0 0 0 0 0 0 0 0 0 0 0 0 0 0 0 0 0 0 0 0 0 0 0 0 0 0 0 0 0 0 0 0 0 0 0 0 0 0 0 0 0 0 0 0 0 0 0 0 0 0 0 0 0 0 0 0 0 0 0 0 0 0 0 0 0 0 0 0 0 0 0 0 0 0 0 0 0 0 0 0 0 0 0 0 0 0 0 0 0 0 0 0 0 0 0 0 0 0 0 0 0 0 0 0 0 0 0 0 0 0 0 0 0 0 0 0 0 0 0 0 0 0 0 0 0 0 0 0 0 0 0 0 0 0 0 0 0 0 0 0 0 0 0 0 0 0 0 0 0 0 0 0 0 0 0 0 0 0 0 0 0 0 0 0 0 0 0 0 0 0 0 0 0 0 0 0 0 0 0 0 0 0 0 0 0 0 0 0 0 0 0 0 0 0 0 0 0 0 0 0 0 0 0 0 0 0 0 0 0 0 0 0 0 0 0 0 0 0 0 0 0 0 0 0 0 0 0 0 0 0 0 0 0 0 0 0 0 0 0 0 0 0 0 0 0 0 0 0 0 0 0 0 0 0 0 0 0 0 0 0 0 0 0 0 0 0 0 0 0 0 0 0 0 0 0 0 0 0 0 0 0 0 0 0 0 0 0 0 0 0 0 0 0 0 0 0 0 0 0 0 0 0 0 0 0 0 0 0 0 0 0 0 0 0 0 0 0 0 0 0 0 0 0 0 0 0 0 0 0 0 0 0 0 0 0 0 0 0 0 0 0 0 0 0 0 0 0 0 0 0 0 0 0 0 0 0 0 0 0 0 0 0 0 0 0 0 0 0 0 0 0 0 0 0 0 0 0 0 0 0 0 0 0 0 0 0 0 0 0 0 0 0 0 0 0 0 0 0 0 0 0 0 0 0 0 0 0 0 0 0 0 0 0 0 0 0 0 0 0 0 0 0 0 0 0 0 0 0 0 0 0 0 0 0 0 0 0 0 0 0 0 0 0 0 0 0 0 0 0 0 0 0 0 0 0 0 0 0 0 0 0 0 0 0 0 0 0 0 0 0 0 0 0 0 0 0 0 0 0 0 0 0 0 0 0 0 0 0 0 0 0 0 0 0 0 0 0 0 0 0 0 0 0 0 0 0 0 0 0 0 0 0 0 0 0 0 0 0 0 0 0 0 0 0 0 0 0 0 0 0 0 0 0 0 0 0 0 0 0 0 0 0 0 0 0 0 0 0 0 0 0 0 0 0 0 0 0 0 0 0 0 0 0 0 0 0 0 0 0 0 0 0 0 0 0 0 0 0 0 0 0 0 0 0 0 0 0 0 0 0 0 0 0 0 0 0 0 0 0 0 0 0 0 0 0 0 0 0 0 0 0 0 0 0 0 0 0 0 0 0 0 0 0 0 0 0 0 0 0 0 0 0 0 0 0 0 0 0 0 0 0 0 0 0 0 0 0 0 0 0 0 0 0 0 0 0 0 0 0 0 0 0 0 0 0 0 0 0 0 0 0 0 0 0 0 0 0 0 0 0 0 0 0 0 0 0 0 0 0 0 0 0 0 0 0 0 0 0 0 0 0 0 0 0 0 0 0 0 0 0 0 0 0 0 0 0 0 0 0 0 0 0 0 0 0 0 0 0 0 0 0 0 0 0 0 0 0 0 0 0 0 0 0 0 0 0 0 0 0 0 0 0 0 0 0 0 0 0 0 0 0 0 0 0 0 0 0 0 0 0 0 0 0 0 0 0 0 0 0 0 0 0 0 0 0 0 0 0 0 0 0 0 0 0 0 0 0 0 0 0 0 0 0 0 0 0 0 0 0 0 0 0 0 0 0 0 0 0 0 0 0 0 0 0 0 0 0 0 0 0 0 0 0 0 0 0 0 0 0 0 0 0 0 0 0 0 0 0 0 0 0 0 0 0 0 0 0 0 0 0 0 0 0 0 0 0 0 0 0 0 0 0 0 0 0 0 0 0 0 0 0 0 0 0 0 0 0 0 0 0 0 0 0 0 0 0 0 0 0 0 0 0 0 0 0 0 0 0 0 0 0 0 0 0 0 0 0 0 0 0 0 0 0 0 0 0 0 0 0 0 0 0 0 0 0 0 0 0 0 0 0 0 0 0 0 0 0 0 0 0 0 0 0 0 0 0 0 0 0 0 0 0 0 0 0 0 0 0 0 0 0 0 0 0 0 0 0 0 0 0 0 0 0 0 0 0 0 0 0 0 0 0 0 0 0 0 0 0 0 0 0 0 0 0 0 0 0 0 0 0 0 0 0 0 0 0 0 0 0 0 0 0 0 0 0 0 0 0 0 0 0 0 0 0 0 0 0 0 0 0 0 0 0 0 0 0 0 0 0 0 0 0 0 0 0 0 0 0 0 0 0 0 0 0 0 0 0 0 0 0 0 0 0 0 0 0 0 0 0 0 0 0 0 0 0 0 0 0 0 0 0 0 0 0 0 0 0 0 0 0 0 0 0 0 0 0 0 0 0 0 0 0 0 0 0 0 0 0 0 0 0 0 0 0 0 0 0 0 0 0 0 0 0 0 0 0 0 0 0 0 0 0 0 0 0 0 0 0 0 0 0 0 0 0 0 0 0 0 0 0 0 0 0 0 0 0 0 0 0 0 0 0 0 0 0 0 0 0 0 0 0 0 0 0 0 0 0 0 0 0 0 0 0 0 0 0 0 0 0 0 0 0 0 0 0 0 0 0 0 0 0 0 0 0 0 0 0 0 0 0 0 0 0 0 0 0 0 0 0 0 0 0 0 0 0 0 0 0 0 0 0 0 0 0 0 0 0 0 0 0 0 0 0 0 0 0 0 0 0 0 0 0 0 0 0 0 0 0 0 0 0 0 0 0 0 0 0 0 0 0 0 0 0 0 0 0 0 0 0 0 0 0 0 0 0 0 0 0 0 0 0 0 0 0 0 0 0 0 0 0 0 0 0 0 0 0 0 0 0 0 0 0 0 0 0 0 0 0 0 0 0 0 0 0 0 0 0 0 0 0 0 0 0 0 0 0 0 0 0 0 0 0 0 0 0 0 0 0 0 0 0 0 0 0 0 0 0 0 0 0 0 0 0 0 0 0 0 0 0 0 0 0 0 0 0 0 0 0 0 0 0 0 0 0 0 0 0 0 0 0 0 0 0 0 0 0 0 0 0 0 0 0 0 0 0 0 0 0 0 0 0 0 0 0 0 0 0 0 0 0 0 0 0 0 0 0 0 0 0 0 0 0 0 0 0 0 0 0 0 0 0 0 0 0 0 0 0 0 0 0 0 0 0 0 0 0 0 0 0 0 0 0 0 0 0 0 0 0 0 0 0 0 0 0 0 0 0 0 0 0 0 0 0 0 0 0 0 0 0 0 0 0 0 0 0 0 0 0 0 0 0 0 0 0 0 0 0 0 0 0 0 0 0 0 0 0 0 0 0 0 0 0 0 0 0 0 0 0 0 0 0 0 0 0 0 0 0 0 0 0 0 0 0 0 0 0 0 0 0 0 0 0 0 0 0 0 0 0 0 0 0 0 0 0 0 0 0 0 0 0 0 0 0 0 0 0 0 0 0 0 0 0 0 0 0 0 0 0 0 0 0 0 0 0 0 0 0 0 0 0 0 0 0 0 0 0 0 0 0 0 0 0 0 0 0 0 0 0 0 0 0 0 0 0 0 0 0 0 0 0 0 0 0 0 0 0 0 0 0 0 0 0 0 0 0 0 0 0 0 0 0 0 0 0 0 0 0 0 0 0 0 0 0 0 0 0 0 0 0 0 0 0 0 0 0 0 0 0 0 0 0 0 0 0 0 0 0 0 0 0 0 0 0 0 0 0 0 0 0 0 0 0 0 0 0 0 0 0 0 0 0 0 0 0 0 0 0 0 0 0 0 0 0 0 0 0 0 0 0 0 0 0 0 0 0 0 0 0 0 0 0 0 0 0 0 0 0 0 0 0 0 0 0 0 0 0 0 0 0 0 0 0 0 0 0 0 0 0 0 0 0 0 0 0 0 0 0 0 0 0 0 0 0 0 0 0 0 0 0 0 0 0 0 0 0 0 0 0 0 0 0 0 0 0 0 0 0 0 0 0 0 0 0 0 0 0 0 0 0 0 0 0 0 0 0 0 0 0 0 0 0 0 0 0 0 0 0 0 0 0 0 0 0 0 0 0 0 0 0 0 0 0 0 0 0 0 0 0 0 0 0 0 0 0 0 0 0 0 0 0 0 0 0 0 0 0 0 0 0 0 0 0 0 0 0 0 0 0 0 0 0 0 0 0 0 0 0 0 0 0 0 0 0 0 0 0 0 0 0 0 0 0 0 0 0 0 0 0 0 0 0 0 0 0 0 0 0 0 0 0 0 0 0 0 0 0 0 0 0 0 0 0 0 0 0 0 0 0 0 0 0 0 0 0 0 0 0 0 0 0 0 0 0 0 0 0 0 0 0 0 0 0 0 0 0 0 0 0 0 0 0 0 0 0 0 0 0 0 0 0 0 0 0 0 0 0 0 0 0 0 0 0 0 0 0 0 0 0 0 0 0 0 0 0 0 0 0 0 0 0 0 0 0 0 0 0 0 0 0 0 0 0 0 0 0 0 0 0 0 0 0 0 0 0 0 0 0 0 0 0 0 0 0 0 0 0 0 0 0 0 0 0 0 0 0 0 0 0 0 0 0 0 0 0 0 0 0 0 0 0 0 0 0 0 0 0 0 0 0 0 0 0 0 0 0 0 0 0 0 0 0 0 0 0 0 0 0 0 0 0 0 0 0 0 0 0 0 0 0 0 0 0 0 0 0 0 0 0 0 0 0 0 0 0 0 0 0 0 0 0 0 0 0 0 0 0 0 0 0 0 0 0 0 0 0 0 0 0 0 0 0 0 0 0 0 0 0 0 0 0 0 0 0 0 0 0 0 0 0 0 0 0 0 0 0 0 0 0 0 0 0 0 0 0 0 0 0 0 0 0 0 0 0 0 0 0 0 0 0 0 0 0 0 0 0 0 0 0 0 0 0 0 0 0 0 0 0 0 0 0 0 0 0 0 0 0 0 0 0 0 0 0 0 0 0 0 0 0 0 0 0 0 0 0 0 0 0 0 0 0 0 0 0 0 0 0 0 0 0 0 0 0 0 0 0 0 0 0 0 0 0 0 0 0 0 0 0 0 0 0 0 0 0 0 0 0 0 0 0 0 0 0 0 0 0 0 0 0 0 0 0 0 0 0 0 0 0 0 0 0 0 0 0 0 0 0 0 0 0 0 0 0 0 0 0 0 0 0 0 0 0 0 0 0 0 0 0 0 0 0 0 0 0 0 0 0 0 0 0 0 0 0 0 0 0 0 0 0 0 0 0 0 0 0 0 0 0 0 0 0 0 0 0 0 0 0 0 0 0 0 0 0 0 0 0 0 0 0 0 0 0 0 0 0 0 0 0 0 0 0 0 0 0 0 0 0 0 0 0 0 0 0 0 0 0 0 0 0 0 0 0 0 0 0 0 0 0 0 0 0 0 0 0 0 0 0 0 0 0 0 0 0 0 0 0 0 0 0 0 0 0 0 0 0 0 0 0 0 0 0 0 0 0 0 0 0 0 0 0 0 0 0 0 0 0 0 0 0 0 0 0 0 0 0 0 0 0 0 0 0 0 0 0 0 0 0 0 0 0 0 0 0 0 0 0 0 0 0 0 0 0 0 0 0 0 0 0 0 0 0 0 0 0 0 0 0 0 0 0 0 0 0 0 0 0 0 0 0 0 0 0 0 0 0 0 0 0 0 0 0 0 0 0 0 0 0 0 0 0 0 0 0 0 0 0 0 0 0 0 0 0 0 0 0 0 0 0 0 0 0 0 0 0 0 0 0 0 0 0 0 0 0 0 0 0 0 0 0 0 0 0 0 0 0 0 0 0 0 0 0 0 0 0 0 0 0 0 0 0 0 0 0 0 0 0 0 0 0 0 0 0 0 0 0 0 0 0 0 0 0 0 0 0 0 0 0 0 0 0 0 0 0 0 0 0 0 0 0 0 0 0 0 0 0 0 0 0 0 0 0 0 0 0 0 0 0 0 0 0 0 0 0 0 0 0 0 0 0 0 0 0 0 0 0 0 0 0 0 0 0 0 0 0 0 0 0 0 0 0 0 0 0 0 0 0 0 0 0 0 0 0 0 0 0 0 0 0 0 0 0 0 0 0 0 0 0 0 0 0 0 0 0 0 0 0 0 0 0 0 0 0 0 0 0 0 0 0 0 0 0 0 0 0 0 0 0 0 0 0 0 0 0 0 0 0 0 0 0 0 0 0 0 0 0 0 0 0 0 0 0 0 0 0 0 0 0 0 0 0 0 0 0 0 0 0 0 0 0 0 0 0 0 0 0 0 0 0 0 0 0 0 0 0 0 0 0 0 0 0 0 0 0 0 0 0 0 0 0 0 0 0 0 0 0 0 0 0 0 0 0 0 0 0 0 0 0 0 0 0 0 0 0 0 0 0 0 0 0 0 0 0 0 0 0 0 0 0 0 0 0 0 0 0 0 0 0 0 0 0 0 0 0 0 0 0 0 0 0 0 0 0 0 0 0 0 0 0 0 0 0 0 0 0 0 0 0 0 0 0 0 0 0 0 0 0 0 0 0 0 0 0 0 0 0 0 0 0 0 0 0 0 0 0 0 0 0 0 0 0 0 0 0 0 0 0 0 0 0 0 0 0 0 0 0 0 0 0 0 0 0 0 0 0 0 0 0 0 0 0 0 0 0 0 0 0 0 0 0 0 0 0 0 0 0 0 0 0 0 0 0 0 0 0 0 0 0 0 0 0 0 0 0 0 0 0 0 0 0 0 0 0 0 0 0 0 0 0 0 0 0 0 0 0 0 0 0 0 0 0 0 0 0 0 0 0 0 0 0 0 0 0 0 0 0 0 0 0 0 0 0 0 0 0 0 0 0 0 0 0 0 0 0 0 0 0 0 0 0 0 0 0 0 0 0 0 0 0 0 0 0 0 0 0 0 0 0 0 0 0 0 0 0 0 0 0 0 0 0 0 0 0 0 0 0 0 0 0 0 0 0 0 0 0 0 0 0 0 0 0 0 0 0 0 0 0 0 0 0 0 0 0 0 0 0 0 0 0 0 0 0 0 0 0 0 0 0 0 0 0 0 0 0 0 0 0 0 0 0 0 0 0 0 0 0 0 0 0 0 0 0 0 0 0 0 0 0 0 0 0 0 0 0 0 0 0 0 0 0 0 0 0 0 0 0 0 0 0 0 0 0 0 0 0 0 0 0 0 0 0 0 0 0 0 0 0 0 0 0 0 0 0 0 0 0 0 0 0 0 0 0 0 0 0 0 0 0 0 0 0 0 0 0 0 0 0 0 0 0 0 0 0 0 0 0 0 0 0 0 0 0 0 0 0 0 0 0 0 0 0 0 0 0 0 0 0 0 0 0 0 0 0 0 0 0 0 0 0 0 0 0 0 0 0 0 0 0 0 0 0 0 0 0 0 0 0 0 0 0 0 0 0 0 0 0 0 0 0 0 0 0 0 0 0 0 0 0 0 0 0 0 0 0 0 0 0 0 0 0 0 0 0 0 0 0 0 0 0 0 0 0 0 0 0 0 0 0 0 0 0 0 0 0 0 0 0 0 0 0 0 0 0 0 0 0 0 0 0 0 0 0 0 0 0 0 0 0 0 0 0 0 0 0 0 0 0 0 0 0 0 0 0 0 0 0 0 0 0 0 0 0 0 0 0 0 0 0 0 0 0 0 0 0 0 0 0 0 0 0 0 0 0 0 0 0 0 0 0 0 0 0 0 0 0 0 0 0 0 0 0 0 0 0 0 0 0 0 0 0 0 0 0 0 0 0 0 0 0 0 0 0 0 0 0 0 0 0 0 0 0 0 0 0 0 0 0 0 0 0 0 0 0 0 0 0 0 0 0 0 0 0 0 0 0 0 0 0 0 0 0 0 0 0 0 0 0 0 0 0 0 0 0 0 0 0 0 0 0 0 0 0 0 0 0 0 0 0 0 0 0 0 0 0 0 0 0 0 0 0 0 0 0 0 0 0 0 0 0 0 0 0 0 0 0 0 0 0 0 0 0 0 0 0 0 0 0 0 0 0 0 0 0 0 0 0 0 0 0 0 0 0 0 0 0 0 0 0 0 0 0 0 0 0 0 0 0 0 0 0 0 0 0 0 0 0 0 0 0 0 0 0 0 0 0 0 0 0 0 0 0 0 0 0 0 0 0 0 0 0 0 0 0 0 0 0 0 0 0 0 0 0 0 0 0 0 0 0 0 0 0 0 0 0 0 0 0 0 0 0 0 0 0 0 0 0 0 0 0 0 0 0 0 0 0 0 0 0 0 0 0 0 0 0 0 0 0 0 0 0 0 0 0 0 0 0 0 0 0 0 0 0 0 0 0 0 0 0 0 0 0 0 0 0 0 0 0 0 0 0 0 0 0 0 0 0 0 0 0 0 0 0 0 0 0 0 0 0 0 0 0 0 0 0 0 0 0 0 0 0 0 0 0 0 0 0 0 0 0 0 0 0 0 0 0 0 0 0 0 0 0 0 0 0 0 0 0 0 0 0 0 0 0 0 0 0 0 0 0 0 0 0 0 0 0 0 0 0 0 0 0 0 0 0 0 0 0 0 0 0 0 0 0 0 0 0 0 0 0 0 0 0 0 0 0 0 0 0 0 0 0 0 0 0 0 0 0 0 0 0 0 0 0 0 0 0 0 0 0 0 0 0 0 0 0 0 0 0 0 0 0 0 0 0 0 0 0 0 0 0 0 0 0 0 0 0 0 0 0 0 0 0 0 0 0 0 0 0 0 0 0 0 0 0 0 0 0 0 0 0 0 0 0 0 0 0 0 0 0 0 0 0 0 0 0 0 0 0 0 0 0 0 0 0 0 0 0 0 0 0 0 0 0 0 0 0 0 0 0 0 0 0 0 0 0 0 0 0 0 0 0 0 0 0 0 0 0 0 0 0 0 0 0 0 0 0 0 0 0 0 0 0 0 0 0 0 0 0 0 0 0 0 0 0 0 0 0 0 0 0 0 0 0 0 0 0 0 0 0 0 0 0 0 0 0 0 0 0 0 0 0 0 0 0 0 0 0 0 0 0 0 0 0 0 0 0 0 0 0 0 0 0 0 0 0 0 0 0 0 0 0 0 0 0 0 0 0 0 0 0 0 0 0 0 0 0 0 0 0 0 0 0 0 0 0 0 0 0 0 0 0 0 0 0 0 0 0 0 0 0 0 0 0 0 0 0 0 0 0 0 0 0 0 0 0 0 0 0 0 0 0 0 0 0 0 0 0 0 0 0 0 0 0 0 0 0 0 0 0 0 0 0 0 0 0 0 0 0 0 0 0 0 0 0 0 0 0 0 0 0 0 0 0 0 0 0 0 0 0 0 0 0 0 0 0 0 0 0 0 0 0 0 0 0 0 0 0 0 0 0 0 0 0 0 0 0 0 0 0 0 0 0 0 0 0 0 0 0 0 0 0 0 0 0 0 0 0 0 0 0 0 0 0 0 0 0 0 0 0 0 0 0 0 0 0 0 0 0 0 0 0 0 0 0 0 0 0 0 0 0 0 0 0 0 0 0 0 0 0 0 0 0 0 0 0 0 0 0 0 0 0 0 0 0 0 0 0 0 0 0 0 0 0 0 0 0 0 0 0 0 0 0 0 0 0 0 0 0 0 0 0 0 0 0 0 0 0 0 0 0 0 0 0 0 0 0 0 0 0 0 0 0 0 0 0 0 0 0 0 0 0 0 0 0 0 0 0 0 0 0 0 0 0 0 0 0 0 0 0 0 0 0 0 0 0 0 0 0 0 0 0 0 0 0 0 0 0 0 0 0 0 0 0 0 0 0 0 0 0 0 0 0 0 0 0 0 0 0 0 0 0 0 0 0 0 0 0 0 0 0 0 0 0 0 0 0 0 0 0 0 0 0 0 0 0 0 0 0 0 0 0 0 0 0 0 0 0 0 0 0 0 0 0 0 0 0 0 0 0 0 0 0 0 0 0 0 0 0 0 0 0 0 0 0 0 0 0 0 0 0 0 0 0 0 0 0 0 0 0 0 0 0 0 0 0 0 0 0 0 0 0 0 0 0 0 0 0 0 0 0 0 0 0 0 0 0 0 0 0 0 0 0 0 0 0 0 0 0 0 0 0 0 0 0 0 0 0 0 0 0 0 0 0 0 0 0 0 0 0 0 0 0 0 0 0 0 0 0 0 0 0 0 0 0 0 0 0 0 0 0 0 0 0 0 0 0 0 0 0 0 0 0 0 0 0 0 0 0 0 0 0 0 0 0 0 0 0 0 0 0 0 0 0 0 0 0 0 0 0 0 0 0 0 0 0 0 0 0 0 0 0 0 0 0 0 0 0 0 0 0 0 0 0 0 0 0 0 0 0 0 0 0 0 0 0 0 0 0 0 0 0 0 0 0 0 0 0 0 0 0 0 0 0 0 0 0 0 0 0 0 0 0 0 0 0 0 0 0 0 0 0 0 0 0 0 0 0 0 0 0 0 0 0 0 0 0 0 0 0 0 0 0 0 0 0 0 0 0 0 0 0 0 0 0 0 0 0 0 0 0 0 0 0 0 0 0 0 0 0 0 0 0 0 0 0 0 0 0 0 0 0 0 0 0 0 0 0 0 0 0 0 0 0 0 0 0 0 0 0 0 0 0 0 0 0 0 0 0 0 0 0 0 0 0 0 0 0 0 0 0 0 0 0 0 0 0 0 0 0 0 0 0 0 0 0 0 0 0 0 0 0 0 0 0 0 0 0 0 0 0 0 0 0 0 0 0 0 0 0 0 0 0 0 0 0 0 0 0 0 0 0 0 0 0 0 0 0 0 0 0 0 0 0 0 0 0 0 0 0 0 0 0 0 0 0 0 0 0 0 0 0 0 0 0 0 0 0 0 0 0 0 0 0 0 0 0 0 0 0 0 0 0 0 0 0 0 0 0 0 0 0 0 0 0 0 0 0 0 0 0 0 0 0 0 0 0 0 0 0 0 0 0 0 0 0 0 0 0 0 0 0 0 0 0 0 0 0 0 0 0 0 0 0 0 0 0 0 0 0 0 0 0 0 0 0 0 0 0 0 0 0 0 0 0 0 0 0 0 0 0 0 0 0 0 0 0 0 0 0 0 0 0 0 0 0 0 0 0 0 0 0 0 0 0 0 0 0 0 0 0 0 0 0 0 0 0 0 0 0 0 0 0 0 0 0 0 0 0 0 0 0 0 0 0 0 0 0 0 0 0 0 0 0 0 0 0 0 0 0 0 0 0 0 0 0 0 0 0 0 0 0 0 0 0 0 0 0 0 0 0 0 0 0 0 0 0 0 0 0 0 0 0 0 0 0 0 0 0 0 0 0 0 0 0 0 0 0 0 0 0 0 0 0 0 0 0 0 0 0 0 0 0 0 0 0 0 0 0 0 0 0 0 0 0 0 0 0 0 0 0 0 0 0 0 0 0 0 0 0 0 0 0 0 0 0 0 0 0 0 0 0 0 0 0 0 0 0 0 0 0 0 0 0 0 0 0 0 0 0 0 0 0 0 0 0 0 0 0 0 0 0 0 0 0 0 0 0 0 0 0 0 0 0 0 0 0 0 0 0 0 0 0 0 0 0 0 0 0 0 0 0 0 0 0 0 0 0 0 0 0 0 0 0 0 0 0 0 0 0 0 0 0 0 0 0 0 0 0 0 0 0 0 0 0 0 0 0 0 0 0 0 0 0 0 0 0 0 0 0 0 0 0 0 0 0 0 0 0 0 0 0 0 0 0 0 0 0 0 0 0 0 0 0 0 0 0 0 0 0 0 0 0 0 0 0 0 0 0 0 0 0 0 0 0 0 0 0 0 0 0 0 0 0 0 0 0 0 0 0 0 0 0 0 0 0 0 0 0 0 0 0 0 0 0 0 0 0 0 0 0 0 0 0 0 0 0 0 0 0 0 0 0 0 0 0 0 0 0 0 0 0 0 0 0 0 0 0 0 0 0 0 0 0 0 0 0 0 0 0 0 0 0 0 0 0 0 0 0 0 0 0 0 0 0 0 0 0 0 0 0 0 0 0 0 0 0 0 0 0 0 0 0 0 0 0 0 0 0 0 0 0 0 0 0 0 0 0 0 0 0 0 0 0 0 0 0 0 0 0 0 0 0 0 0 0 0 0 0 0 0 0 0 0 0 0 0 0 0 0 0 0 0 0 0 0 0 0 0 0 0 0 0 0 0 0 0 0 0 0 0 0 0 0 0 0 0 0 0 0 0 0 0 0 0 0 0 0 0 0 0 0 0 0 0 0 0 0 0 0 0 0 0 0 0 0 0 0 0 0 0 0 0 0 0 0 0 0 0 0 0 0 0 0 0 0 0 0 0 0 0 0 0 0 0 0 0 0 0 0 0 0 0 0 0 0 0 0 0 0 0 0 0 0 0 0 0 0 0 0 0 0 0 0 0 0 0 0 0 0 0 0 0 0 0 0 0 0 0 0 0 0 0 0 0 0 0 0 0 0 0 0 0 0 0 0 0 0 0 0 0 0 0 0 0 0 0 0 0 0 0 0 0 0 0 0 0 0 0 0 0 0 0 0 0 0 0 0 0 0 0 0 0 0 0 0 0 0 0 0 0 0 0 0 0 0 0 0 0 0 0 0 0 0 0 0 0 0 0 0 0 0 0 0 0 0 0 0 0 0 0 0 0 0 0 0 0 0 0 0 0 0 0 0 0 0 0 0 0 0 0 0 0 0 0 0 0 0 0 0 0 0 0 0 0 0 0 0 0 0 0 0 0 0 0 0 0 0 0 0 0 0 0 0 0 0 0 0 0 0 0 0 0 0 0 0 0 0 0 0 0 0 0 0 0 0 0 0 0 0 0 0 0 0 0 0 0 0 0 0 0 0 0 0 0 0 0 0 0 0 0 0 0 0 0 0 0 0 0 0 0 0 0 0 0 0 0 0 0 0 0 0 0 0 0 0 0 0 0 0 0 0 0 0 0 0 0 0 0 0 0 0 0 0 0 0 0 0 0 0 0 0 0 0 0 0 0 0 0 0 0 0 0 0 0 0 0 0 0 0 0 0 0 0 0 0 0 0 0 0 0 0 0 0 0 0 0 0 0 0 0 0 0 0 0 0 0 0 0 0 0 0 0 0 0 0 0 0 0 0 0 0 0 0 0 0 0 0 0 0 0 0 0 0 0 0 0 0 0 0 0 0 0 0 0 0 0 0 0 0 0 0 0 0 0 0 0 0 0 0 0 0 0 0 0 0 0 0 0 0 0 0 0 0 0 0 0 0 0 0 0 0 0 0 0 0 0 0 0 0 0 0 0 0 0 0 0 0 0 0 0 0 0 0 0 0 0 0 0 0 0 0 0 0 0 0 0 0 0 0 0 0 0 0 0 0 0 0 0 0 0 0 0 0 0 0 0 0 0 0 0 0 0 0 0 0 0 0 0 0 0 0 0 0 0 0 0 0 0 0 0 0 0 0 0 0 0 0 0 0 0 0 0 0 0 0 0 0 0 0 0 0 0 0 0 0 0 0 0 0 0 0 0 0 0 0 0 0 0 0 0 0 0 0 0 0 0 0 0 0 0 0 0 0 0 0 0 0 0 0 0 0 0 0 0 0 0 0 0 0 0 0 0 0 0 0 0 0 0 0 0 0 0 0 0 0 0 0 0 0 0 0 0 0 0 0 0 0 0 0 0 0 0 0 0 0 0 0 0 0 0 0 0 0 0 0 0 0 0 0 0 0 0 0 0 0 0 0 0 0 0 0 0 0 0 0 0 0 0 0 0 0 0 0 0 0 0 0 0 0 0 0 0 0 0 0 0 0 0 0 0 0 0 0 0 0 0 0 0 0 0 0 0 0 0 0 0 0 0 0 0 0 0 0 0 0 0 0 0 0 0 0 0 0 0 0 0 0 0 0 0 0 0 0 0 0 0 0 0 0 0 0 0 0 0 0 0 0 0 0 0 0 0 0 0 0 0 0 0 0 0 0 0 0 0 0 0 0 0 0 0 0 0 0 0 0 0 0 0 0 0 0 0 0 0 0 0 0 0 0 0 0 0 0 0 0 0 0 0 0 0 0 0 0 0 0 0 0 0 0 0 0 0 0 0 0 0 0 0 0 0 0 0 0 0 0 0 0 0 0 0 0 0 0 0 0 0 0 0 0 0 0 0 0 0 0 0 0 0 0 0 0 0 0 0 0 0 0 0 0 0 0 0 0 0 0 0 0 0 0 0 0 0 0 0 0 0 0 0 0 0 0 0 0 0 0 0 0 0 0 0 0 0 0 0 0 0 0 0 0 0 0 0 0 0 0 0 0 0 0 0 0 0 0 0 0 0 0 0 0 0 0 0 0 0 0 0 0 0 0 0 0 0 0 0 0 0 0 0 0 0 0 0 0 0 0 0 0 0 0 0 0 0 0 0 0 0 0 0 0 0 0 0 0 0 0 0 0 0 0 0 0 0 0 0 0 0 0 0 0 0 0 0 0 0 0 0 0 0 0 0 0 0 0 0 0 0 0 0 0 0 0 0 0 0 0 0 0 0 0 0 0 0 0 0 0 0 0 0 0 0 0 0 0 0 0 0 0 0 0 0 0 0 0 0 0 0 0 0 0 0 0 0 0 0 0 0 0 0 0 0 0 0 0 0 0 0 0 0 0 0 0 0 0 0 0 0 0 0 0 0 0 0 0 0 0 0 0 0 0 0 0 0 0 0 0 0 0 0 0 0 0 0 0 0 0 0 0 0 0 0 0 0 0 0 0 0 0 0 0 0 0 0 0 0 0 0 0 0 0 0 0 0 0 0 0 0 0 0 0 0 0 0 0 0 0 0 0 0 0 0 0 0 0 0 0 0 0 0 0 0 0 0 0 0 0 0 0 0 0 0 0 0 0 0 0 0 0 0 0 0 0 0 0 0 0 0 0 0 0 0 0 0 0 0 0 0 0 0 0 0 0 0 0 0 0 0 0 0 0 0 0 0 0 0 0 0 0 0 0 0 0 0 0 0 0 0 0 0 0 0 0 0 0 0 0 0 0 0 0 0 0 0 0 0 0 0 0 0 0 0 0 0 0 0 0 0 0 0 0 0 0 0 0 0 0 0 0 0 0 0 0 0 0 0 0 0 0 0 0 0 0 0 0 0 0 0 0 0 0 0 0 0 0 0 0 0 0 0 0 0 0 0 0 0 0 0 0 0 0 0 0 0 0 0 0 0 0 0 0 0 0 0 0 0 0 0 0 0 0 0 0 0 0 0 0 0 0 0 0 0 0 0 0 0 0 0 0 0 0 0 0 0 0 0 0 0 0 0 0 0 0 0 0 0 0 0 0 0 0 0 0 0 0 0 0 0 0 0 0 0 0 0 0 0 0 0 0 0 0 0 0 0 0 0 0 0 0 0 0 0 0 0 0 0 0 0 0 0 0 0 0 0 0 0 0 0 0 0 0 0 0 0 0 0 0 0 0 0 0 0 0 0 0 0 0 0 0 0 0 0 0 0 0 0 0 0 0 0 0 0 0 0 0 0 0 0 0 0 0 0 0 0 0 0 0 0 0 0 0 0 0 0 0 0 0 0 0 0 0 0 0 0 0 0 0 0 0 0 0 0 0 0 0 0 0 0 0 0 0 0 0 0 0 0 0 0 0 0 0 0 0 0 0 0 0 0 0 0 0 0 0 0 0 0 0 0 0 0 0 0 0 0 0 0 0 0 0 0 0 0 0 0 0 0 0 0 0 0 0 0 0 0 0 0 0 0 0 0 0 0 0 0 0 0 0 0 0 0 0 0 0 0 0 0 0 0 0 0 0 0 0 0 0 0 0 0 0 0 0 0 0 0 0 0 0 0 0 0 0 0 0 0 0 0 0 0 0 0 0 0 0 0 0 0 0 0 0 0 0 0 0 0 0 0 0 0 0 0 0 0 0 0 0 0 0 0 0 0 0 0 0 0 0 0 0 0 0 0 0 0 0 0 0 0 0 0 0 0 0 0 0 0 0 0 0 0 0 0 0 0 0 0 0 0 0 0 0 0 0 0 0 0 0 0 0 0 0 0 0 0 0 0 0 0 0 0 0 0 0 0 0 0 0 0 0 0 0 0 0 0 0 0 0 0 0 0 0 0 0 0 0 0 0 0 0 0 0 0 0 0 0 0 0 0 0 0 0 0 0 0 0 0 0 0 0 0 0 0 0 0 0 0 0 0 0 0 0 0 0 0 0 0 0 0 0 0 0 0 0 0 0 0 0 0 0 0 0 0 0 0 0 0 0 0 0 0 0 0 0 0 0 0 0 0 0 0 0 0 0 0 0 0 0 0 0 0 0 0 0 0 0 0 0 0 0 0 0 0 0 0 0 0 0 0 0 0 0 0 0 0 0 0 0 0 0 0 0 0 0 0 0 0 0 0 0 0 0 0 0 0 0 0 0 0 0 0 0 0 0 0 0 0 0 0 0 0 0 0 0 0 0 0 0 0 0 0 0 0 0 0 0 0 0 0 0 0 0 0 0 0 0 0 0 0 0 0 0 0 0 0 0 0 0 0 0 0 0 0 0 0 0 0 0 0 0 0 0 0 0 0 0 0 0 0 0 0 0 0 0 0 0 0 0 0 0 0 0 0 0 0 0 0 0 0 0 0 0 0 0 0 0 0 0 0 0 0 0 0 0 0 0 0 0 0 0 0 0 0 0 0 0 0 0 0 0 0 0 0 0 0 0 0 0 0 0 0 0 0 0 0 0 0 0 0 0 0 0 0 0 0 0 0 0 0 0 0 0 0 0 0 0 0 0 0 0 0 0 0 0 0 0 0 0 0 0 0 0 0 0 0 0 0 0 0 0 0 0 0 0 0 0 0 0 0 0 0 0 0 0 0 0 0 0 0 0 0 0 0 0 0 0 0 0 0 0 0 0 0 0 0 0 0 0 0 0 0 0 0 0 0 0 0 0 0 0 0 0 0 0 0 0 0 0 0 0 0 0 0 0 0 0 0 0 0 0 0 0 0 0 0 0 0 0 0 0 0 0 0 0 0 0 0 0 0 0 0 0 0 0 0 0 0 0 0 0 0 0 0 0 0 0 0 0 0 0 0 0 0 0 0 0 0 0 0 0 0 0 0 0 0 0 0 0 0 0 0 0 0 0 0 0 0 0 0 0 0 0 0 0 0 0 0 0 0 0 0 0 0 0 0 0 0 0 0 0 0 0 0 0 0 0 0 0 0 0 0 0 0 0 0 0 0 0 0 0 0 0 0 0 0 0 0 0 0 0 0 0 0 0 0 0 0 0 0 0 0 0 0 0 0 0 0 0 0 0 0 0 0 0 0 0 0 0 0 0 0 0 0 0 0 0 0 0 0 0 0 0 0 0 0 0 0 0 0 0 0 0 0 0 0 0 0 0 0 0 0 0 0 0 0 0 0 0 0 0 0 0 0 0 0 0 0 0 0 0 0 0 0 0 0 0 0 0 0 0 0 0 0 0 0 0 0 0 0 0 0 0 0 0 0 0 0 0 0 0 0 0 0 0 0 0 0 0 0 0 0 0 0 0 0 0 0 0 0 0 0 0 0 0 0 0 0 0 0 0 0 0 0 0 0 0 0 0 0 0 0 0 0 0 0 0 0 0 0 0 0 0 0 0 0 0 0 0 0 0 0 0 0 0 0 0 0 0 0 0 0 0 0 0 0 0 0 0 0 0 0 0 0 0 0 0 0 0 0 0 0 0 0 0 0 0 0 0 0 0 0 0 0 0 0 0 0 0 0 0 0 0 0 0 0 0 0 0 0 0 0 0 0 0 0 0 0 0 0 0 0 0 0 0 0 0 0 0 0 0 0 0 0 0 0 0 0 0 0 0 0 0 0 0 0 0 0 0 0 0 0 0 0 0 0 0 0 0 0 0 0 0 0 0 0 0 0 0 0 0 0 0 0 0 0 0 0 0 0 0 0 0 0 0 0 0 0 0 0 0 0 0 0 0 0 0 0 0 0 0 0 0 0 0 0 0 0 0 0 0 0 0 0 0 0 0 0 0 0 0 0 0 0 0 0 0 0 0 0 0 0 0 0 0 0 0 0 0 0 0 0 0 0 0 0 0 0 0 0 0 0 0 0 0 0 0 0 0 0 0 0 0 0 0 0 0 0 0 0 0 0 0 0 0 0 0 0 0 0 0 0 0 0 0 0 0 0 0 0 0 0 0 0 0 0 0 0 0 0 0 0 0 0 0 0 0 0 0 0 0 0 0 0 0 0 0 0 0 0 0 0 0 0 0 0 0 0 0 0 0 0 0 0 0 0 0 0 0 0 0 0 0 0 0 0 0 0 0 0 0 0 0 0 0 0 0 0 0 0 0 0 0 0 0 0 0 0 0 0 0 0 0 0 0 0 0 0 0 0 0 0 0 0 0 0 0 0 0 0 0 0 0 0 0 0 0 0 0 0 0 0 0 0 0 0 0 0 0 0 0 0 0 0 0 0 0 0 0 0 0 0 0 0 0 0 0 0 0 0 0 0 0 0 0 0 0 0 0 0 0 0 0 0 0 0 0 0 0 0 0 0 0 0 0 0 0 0 0 0 0 0 0 0 0 0 0 0 0 0 0 0 0 0 0 0 0 0 0 0 0 0 0 0 0 0 0 0 0 0 0 0 0 0 0 0 0 0 0 0 0 0 0 0 0 0 0 0 0 0 0 0 0 0 0 0 0 0 0 0 0 0 0 0 0 0 0 0 0 0 0 0 0 0 0 0 0 0 0 0 0 0 0 0 0 0 0 0 0 0 0 0 0 0 0 0 0 0 0 0 0 0 0 0 0 0 0 0 0 0 0 0 0 0 0 0 0 0 0 0 0 0 0 0 0 0 0 0 0 0 0 0 0 0 0 0 0 0 0 0 0 0 0 0 0 0 0 0 0 0 0 0 0 0 0 0 0 0 0 0 0 0 0 0 0 0 0 0 0 0 0 0 0 0 0 0 0 0 0 0 0 0 0 0 0 0 0 0 0 0 0 0 0 0 0 0 0 0 0 0 0 0 0 0 0 0 0 0 0 0 0 0 0 0 0 0 0 0 0 0 0 0 0 0 0 0 0 0 0 0 0 0 0 0 0 0 0 0 0 0 0 0 0 0 0 0 0 0 0 0 0 0 0 0 0 0 0 0 0 0 0 0 0 0 0 0 0 0 0 0 0 0 0 0 0 0 0 0 0 0 0 0 0 0 0 0 0 0 0 0 0 0 0 0 0 0 0 0 0 0 0 0 0 0 0 0 0 0 0 0 0 0 0 0 0 0 0 0 0 0 0 0 0 0 0 0 0 0 0 0 0 0 0 0 0 0 0 0 0 0 0 0 0 0 0 0 0 0 0 0 0 0 0 0 0 0 0 0 0 0 0 0 0 0 0 0 0 0 0 0 0 0 0 0 0 0 0 0 0 0 0 0 0 0 0 0 0 0 0 0 0 0 0 0 0 0 0 0 0 0 0 0 0 0 0 0 0 0 0 0 0 0 0 0 0 0 0 0 0 0 0 0 0 0 0 0 0 0 0 0 0 0 0 0 0 0 0 0 0 0 0 0 0 0 0 0 0 0 0 0 0 0 0 0 0 0 0 0 0 0 0 0 0 0 0 0 0 0 0 0 0 0 0 0 0 0 0 0 0 0 0 0 0 0 0 0 0 0 0 0 0 0 0 0 0 0 0 0 0 0 0 0 0 0 0 0 0 0 0 0 0 0 0 0 0 0 0 0 0 0 0 0 0 0 0 0 0 0 0 0 0 0 0 0 0 0 0 0 0 0 0 0 0 0 0 0 0 0 0 0 0 0 0 0 0 0 0 0 0 0 0 0 0 0 0 0 0 0 0 0 0 0 0 0 0 0 0 0 0 0 0 0 0 0 0 0 0 0 0 0 0 0 0 0 0 0 0 0 0 0 0 0 0 0 0 0 0 0 0 0 0 0 0 0 0 0 0 0 0 0 0 0 0 0 0 0 0 0 0 0 0 0 0 0 0 0 0 0 0 0 0 0 0 0 0 0 0 0 0 0 0 0 0 0 0 0 0 0 0 0 0 0 0 0 0 0 0 0 0 0 0 0 0 0 0 0 0 0 0 0 0 0 0 0 0 0 0 0 0 0 0 0 0 0 0 0 0 0 0 0 0 0 0 0 0 0 0 0 0 0 0 0 0 0 0 0 0 0 0 0 0 0 0 0 0 0 0 0 0 0 0 0 0 0 0 0 0 0 0 0 0 0 0 0 0 0 0 0 0 0 0 0 0 0 0 0 0 0 0 0 0 0 0 0 0 0 0 0 0 0 0 0 0 0 0 0 0 0 0 0 0 0 0 0 0 0 0 0 0 0 0 0 0 0 0 0 0 0 0 0 0 0 0 0 0 0 0 0 0 0 0 0 0 0 0 0 0 0 0 0 0 0 0 0 0 0 0 0 0 0 0 0 0 0 0 0 0 0 0 0 0 0 0 0 0 0 0 0 0 0 0 0 0 0 0 0 0 0 0 0 0 0 0 0 0 0 0 0 0 0 0 0 0 0 0 0 0 0 0 0 0 0 0 0 0 0 0 0 0 0 0 0 0 0 0 0 0 0 0 0 0 0 0 0 0 0 0 0 0 0 0 0 0 0 0 0 0 0 0 0 0 0 0 0 0 0 0 0 0 0 0 0 0 0 0 0 0 0 0 0 0 0 0 0 0 0 0 0 0 0 0 0 0 0 0 0 0 0 0 0 0 0 0 0 0 0 0 0 0 0 0 0 0 0 0 0 0 0 0 0 0 0 0 0 0 0 0 0 0 0 0 0 0 0 0 0 0 0 0 0 0 0 0 0 0 0 0 0 0 0 0 0 0 0 0 0 0 0 0 0 0 0 0 0 0 0 0 0 0 0 0 0 0 0 0 0 0 0 0 0 0 0 0 0 0 0 0 0 0 0 0 0 0 0 0 0 0 0 0 0 0 0 0 0 0 0 0 0 0 0 0 0 0 0 0 0 0 0 0 0 0 0 0 0 0 0 0 0 0 0 0 0 0 0 0 0 0 0 0 0 0 0 0 0 0 0 0 0 0 0 0 0 0 0 0 0 0 0 0 0 0 0 0 0 0 0 0 0 0 0 0 0 0 0 0 0 0 0 0 0 0 0 0 0 0 0 0 0 0 0 0 0 0 0 0 0 0 0 0 0 0 0 0 0 0 0 0 0 0 0 0 0 0 0 0 0 0 0 0 0 0 0 0 0 0 0 0 0 0 0 0 0 0 0 0 0 0 0 0 0 0 0 0 0 0 0 0 0 0 0 0 0 0 0 0 0 0 0 0 0 0 0 0 0 0 0 0 0 0 0 0 0 0 0 0 0 0 0 0 0 0 0 0 0 0 0 0 0 0 0 0 0 0 0 0 0 0 0 0 0 0 0 0 0 0 0 0 0 0 0 0 0 0 0 0 0 0 0 0 0 0 0 0 0 0 0 0 0 0 0 0 0 0 0 0 0 0 0 0 0 0 0 0 0 0 0 0 0 0 0 0 0 0 0 0 0 0 0 0 0 0 0 0 0 0 0 0 0 0 0 0 0 0 0 0 0 0 0 0 0 0 0 0 0 0 0 0 0 0 0 0 0 0 0 0 0 0 0 0 0 0 0 0 0 0 0 0 0 0 0 0 0 0 0 0 0 0 0 0 0 0 0 0 0 0 0 0 0 0 0 0 0 0 0 0 0 0 0 0 0 0 0 0 0 0 0 0 0 0 0 0 0 0 0 0 0 0 0 0 0 0 0 0 0 0 0 0 0 0 0 0 0 0 0 0 0 0 0 0 0 0 0 0 0 0 0 0 0 0 0 0 0 0 0 0 0 0 0 0 0 0 0 0 0 0 0 0 0 0 0 0 0 0 0 0 0 0 0 0 0 0 0 0 0 0 0 0 0 0 0 0 0 0 0 0 0 0 0 0 0 0 0 0 0 0 0 0 0 0 0 0 0 0 0 0 0 0 0 0 0 0 0 0 0 0 0 0 0 0 0 0 0 0 0 0 0 0 0 0 0 0 0 0 0 0 0 0 0 0 0 0 0 0 0 0 0 0 0 0 0 0 0 0 0 0 0 0 0 0 0 0 0 0 0 0 0 0 0 0 0 0 0 0 0 0 0 0 0 0 0 0 0 0 0 0 0 0 0 0 0 0 0 0 0 0 0 0 0 0 0 0 0 0 0 0 0 0 0 0 0 0 0 0 0 0 0 0 0 0 0 0 0 0 0 0 0 0 0 0 0 0 0 0 0 0 0 0 0 0 0 0 0 0 0 0 0 0 0 0 0 0 0 0 0 0 0 0 0 0 0 0 0 0 0 0 0 0 0 0 0 0 0 0 0 0 0 0 0 0 0 0 0 0 0 0 0 0 0 0 0 0 0 0 0 0 0 0 0 0 0 0 0 0 0 0 0 0 0 0 0 0 0 0 0 0 0 0 0 0 0 0 0 0 0 0 0 0 0 0 0 0 0 0 0 0 0 0 0 0 0 0 0 0 0 0 0 0 0 0 0 0 0 0 0 0 0 0 0 0 0 0 0 0 0 0 0 0 0 0 0 0 0 0 0 0 0 0 0 0 0 0 0 0 0 0 0 0 0 0 0 0 0 0 0 0 0 0 0 0 0 0 0 0 0 0 0 0 0 0 0 0 0 0 0 0 0 0 0 0 0 0 0 0 0 0 0 0 0 0 0 0 0 0 0 0 0 0 0 0 0 0 0 0 0 0 0 0 0 0 0 0 0 0 0 0 0 0 0 0 0 0 0 0 0 0 0 0 0 0 0 0 0 0 0 0 0 0 0 0 0 0 0 0 0 0 0 0 0 0 0 0 0 0 0 0 0 0 0 0 0 0 0 0 0 0 0 0 0 0 0 0 0 0 0 0 0 0 0 0 0 0 0 0 0 0 0 0 0 0 0 0 0 0 0 0 0 0 0 0 0 0 0 0 0 0 0 0 0 0 0 0 0 0 0 0 0 0 0 0 0 0 0 0 0 0 0 0 0 0 0 0 0 0 0 0 0 0 0 0 0 0 0 0 0 0 0 0 0 0 0 0 0 0 0 0 0 0 0 0 0 0 0 0 0 0 0 0 0 0 0 0 0 0 0 0 0 0 0 0 0 0 0 0 0 0 0 0 0 0 0 0 0 0 0 0 0 0 0 0 0 0 0 0 0 0 0 0 0 0 0 0 0 0 0 0 0 0 0 0 0 0 0 0 0 0 0 0 0 0 0 0 0 0 0 0 0 0 0 0 0 0 0 0 0 0 0 0 0 0 0 0 0 0 0 0 0 0 0 0 0 0 0 0 0 0 0 0 0 0 0 0 0 0 0 0 0 0 0 0 0 0 0 0 0 0 0 0 0 0 0 0 0 0 0 0 0 0 0 0 0 0 0 0 0 0 0 0 0 0 0 0 0 0 0 0 0 0 0 0 0 0 0 0 0 0 0 0 0 0 0 0 0 0 0 0 0 0 0 0 0 0 0 0 0 0 0 0 0 0 0 0 0 0 0 0 0 0 0 0 0 0 0 0 0 0 0 0 0 0 0 0 0 0 0 0 0 0 0 0 0 0 0 0 0 0 0 0 0 0 0 0 0 0 0 0 0 0 0 0 0 0 0 0 0 0 0 0 0 0 0 0 0 0 0 0 0 0 0 0 0 0 0 0 0 0 0 0 0 0 0 0 0 0 0 0 0 0 0 0 0 0 0 0 0 0 0 0 0 0 0 0 0 0 0 0 0 0 0 0 0 0 0 0 0 0 0 0 0 0 0 0 0 0 0 0 0 0 0 0 0 0 0 0 0 0 0 0 0 0 0 0 0 0 0 0 0 0 0 0 0 0 0 0 0 0 0 0 0 0 0 0 0 0 0 0 0 0 0 0 0 0 0 0 0 0 0 0 0 0 0 0 0 0 0 0 0 0 0 0 0 0 0 0 0 0 0 0 0 0 0 0 0 0 0 0 0 0 0 0 0 0 0 0 0 0 0 0</float_array>
          <technique_common>
            <accessor source="#Cylinder_010-mesh-map-0-array" count="7812" stride="2">
              <param name="S" type="float"/>
              <param name="T" type="float"/>
            </accessor>
          </technique_common>
        </source>
        <source id="Cylinder_010-mesh-map-1">
          <float_array id="Cylinder_010-mesh-map-1-array" count="15624">0 0 0 0 0 0 0 0 0 0 0 0 0 0 0 0 0 0 0 0 0 0 0 0 0 0 0 0 0 0 0 0 0 0 0 0 0 0 0 0 0 0 0 0 0 0 0 0 0 0 0 0 0 0 0 0 0 0 0 0 0 0 0 0 0 0 0 0 0 0 0 0 0 0 0 0 0 0 0 0 0 0 0 0 0 0 0 0 0 0 0 0 0 0 0 0 0 0 0 0 0 0 0 0 0 0 0 0 0 0 0 0 0 0 0 0 0 0 0 0 0 0 0 0 0 0 0 0 0 0 0 0 0 0 0 0 0 0 0 0 0 0 0 0 0 0 0 0 0 0 0 0 0 0 0 0 0 0 0 0 0 0 0 0 0 0 0 0 0 0 0 0 0 0 0 0 0 0 0 0 0 0 0 0 0 0 0 0 0 0 0 0 0 0 0 0 0 0 0 0 0 0 0 0 0 0 0 0 0 0 0 0 0 0 0 0 0 0 0 0 0 0 0 0 0 0 0 0 0 0 0 0 0 0 0 0 0 0 0 0 0 0 0 0 0 0 0 0 0 0 0 0 0 0 0 0 0 0 0 0 0 0 0 0 0 0 0 0 0 0 0 0 0 0 0 0 0 0 0 0 0 0 0 0 0 0 0 0 0 0 0 0 0 0 0 0 0 0 0 0 0 0 0 0 0 0 0 0 0 0 0 0 0 0 0 0 0 0 0 0 0 0 0 0 0 0 0 0 0 0 0 0 0 0 0 0 0 0 0 0 0 0 0 0 0 0 0 0 0 0 0 0 0 0 0 0 0 0 0 0 0 0 0 0 0 0 0 0 0 0 0 0 0 0 0 0 0 0 0 0 0 0 0 0 0 0 0 0 0 0 0 0 0 0 0 0 0 0 0 0 0 0 0 0 0 0 0 0 0 0 0 0 0 0 0 0 0 0 0 0 0 0 0 0 0 0 0 0 0 0 0 0 0 0 0 0 0 0 0 0 0 0 0 0 0 0 0 0 0 0 0 0 0 0 0 0 0 0 0 0 0 0 0 0 0 0 0 0 0 0 0 0 0 0 0 0 0 0 0 0 0 0 0 0 0 0 0 0 0 0 0 0 0 0 0 0 0 0 0 0 0 0 0 0 0 0 0 0 0 0 0 0 0 0 0 0 0 0 0 0 0 0 0 0 0 0 0 0 0 0 0 0 0 0 0 0 0 0 0 0 0 0 0 0 0 0 0 0 0 0 0 0 0 0 0 0 0 0 0 0 0 0 0 0 0 0 0 0 0 0 0 0 0 0 0 0 0 0 0 0 0 0 0 0 0 0 0 0 0 0 0 0 0 0 0 0 0 0 0 0 0 0 0 0 0 0 0 0 0 0 0 0 0 0 0 0 0 0 0 0 0 0 0 0 0 0 0 0 0 0 0 0 0 0 0 0 0 0 0 0 0 0 0 0 0 0 0 0 0 0 0 0 0 0 0 0 0 0 0 0 0 0 0 0 0 0 0 0 0 0 0 0 0 0 0 0 0 0 0 0 0 0 0 0 0 0 0 0 0 0 0 0 0 0 0 0 0 0 0 0 0 0 0 0 0 0 0 0 0 0 0 0 0 0 0 0 0 0 0 0 0 0 0 0 0 0 0 0 0 0 0 0 0 0 0 0 0 0 0 0 0 0 0 0 1 1 0.96875 0.5 1 0.5 0.96875 1 0.9375 0.5 0.96875 0.5 0.9375 1 0.90625 0.5 0.9375 0.5 0.90625 1 0.8750001 0.5 0.90625 0.5 0.8750001 1 0.84375 0.5 0.8750001 0.5 0.84375 1 0.8125 0.5 0.84375 0.5 0.8125 1 0.78125 0.5 0.8125 0.5 0.78125 1 0.75 0.5 0.78125 0.5 0.75 1 0.71875 0.5 0.75 0.5 0.71875 1 0.6875 0.5 0.71875 0.5 0.6875 1 0.65625 0.5 0.6875 0.5 0.65625 1 0.625 0.5 0.65625 0.5 0.625 1 0.59375 0.5 0.625 0.5 0.59375 1 0.5625 0.5 0.59375 0.5 0.5625 1 0.53125 0.5 0.5625 0.5 0.53125 1 0.5 0.5 0.53125 0.5 0.5 1 0.46875 0.5 0.5 0.5 0.46875 1 0.4375 0.5 0.46875 0.5 0.4375 1 0.40625 0.5 0.4375 0.5 0.40625 1 0.375 0.5 0.40625 0.5 0.375 1 0.34375 0.5 0.375 0.5 0.34375 1 0.3125 0.5 0.34375 0.5 0.3125 1 0.28125 0.5 0.3125 0.5 0.28125 1 0.25 0.5 0.28125 0.5 0.25 1 0.21875 0.5 0.25 0.5 0.21875 1 0.1875 0.5 0.21875 0.5 0.1875 1 0.15625 0.5 0.1875 0.5 0.15625 1 0.125 0.5 0.15625 0.5 0.125 1 0.09375 0.5 0.125 0.5 0.09375 1 0.0625 0.5 0.09375 0.5 0.02826893 0.341844 0.1581559 0.02826887 0.4717311 0.1581559 0.0625 1 0.03125 0.5 0.0625 0.5 0.03125 1 0 0.5 0.03125 0.5 0.9853885 0.2968217 0.7968217 0.01461148 0.5146116 0.2031783 1 1 0.96875 1 0.96875 0.5 0.96875 1 0.9375 1 0.9375 0.5 0.9375 1 0.90625 1 0.90625 0.5 0.90625 1 0.8750001 1 0.8750001 0.5 0.8750001 1 0.84375 1 0.84375 0.5 0.84375 1 0.8125 1 0.8125 0.5 0.8125 1 0.78125 1 0.78125 0.5 0.78125 1 0.75 1 0.75 0.5 0.75 1 0.71875 1 0.71875 0.5 0.71875 1 0.6875 1 0.6875 0.5 0.6875 1 0.65625 1 0.65625 0.5 0.65625 1 0.625 1 0.625 0.5 0.625 1 0.59375 1 0.59375 0.5 0.59375 1 0.5625 1 0.5625 0.5 0.5625 1 0.53125 1 0.53125 0.5 0.53125 1 0.5 1 0.5 0.5 0.5 1 0.46875 1 0.46875 0.5 0.46875 1 0.4375 1 0.4375 0.5 0.4375 1 0.40625 1 0.40625 0.5 0.40625 1 0.375 1 0.375 0.5 0.375 1 0.34375 1 0.34375 0.5 0.34375 1 0.3125 1 0.3125 0.5 0.3125 1 0.28125 1 0.28125 0.5 0.28125 1 0.25 1 0.25 0.5 0.25 1 0.21875 1 0.21875 0.5 0.21875 1 0.1875 1 0.1875 0.5 0.1875 1 0.15625 1 0.15625 0.5 0.15625 1 0.125 1 0.125 0.5 0.125 1 0.09375 1 0.09375 0.5 0.09375 1 0.0625 1 0.0625 0.5 0.341844 0.4717311 0.2968217 0.4853885 0.1581559 0.4717311 0.2968217 0.4853885 0.25 0.49 0.1581559 0.4717311 0.25 0.49 0.2031783 0.4853885 0.1581559 0.4717311 0.1581559 0.4717311 0.116663 0.4495527 0.08029431 0.4197056 0.08029431 0.4197056 0.0504471 0.3833368 0.1581559 0.4717311 0.0504471 0.3833368 0.02826893 0.341844 0.1581559 0.4717311 0.02826893 0.341844 0.01461154 0.2968217 0.00999999 0.25 0.00999999 0.25 0.01461154 0.2031783 0.02826887 0.1581559 0.02826887 0.1581559 0.05044728 0.116663 0.08029437 0.08029437 0.08029437 0.08029437 0.116663 0.05044728 0.1581559 0.02826887 0.1581559 0.02826887 0.2031783 0.01461148 0.25 0.00999999 0.25 0.00999999 0.2968217 0.01461148 0.341844 0.02826887 0.341844 0.02826887 0.3833369 0.05044728 0.4197056 0.08029437 0.4197056 0.08029437 0.4495527 0.116663 0.4717311 0.1581559 0.4717311 0.1581559 0.4853885 0.2031783 0.49 0.25 0.49 0.25 0.4853885 0.2968217 0.4717311 0.341844 0.4717311 0.341844 0.4495527 0.3833369 0.4197056 0.4197056 0.4197056 0.4197056 0.3833369 0.4495527 0.341844 0.4717311 0.02826893 0.341844 0.00999999 0.25 0.1581559 0.02826887 0.00999999 0.25 0.02826887 0.1581559 0.1581559 0.02826887 0.02826887 0.1581559 0.08029437 0.08029437 0.1581559 0.02826887 0.1581559 0.02826887 0.25 0.00999999 0.341844 0.02826887 0.341844 0.02826887 0.4197056 0.08029437 0.1581559 0.02826887 0.4197056 0.08029437 0.4717311 0.1581559 0.1581559 0.02826887 0.4717311 0.1581559 0.49 0.25 0.341844 0.4717311 0.49 0.25 0.4717311 0.341844 0.341844 0.4717311 0.4717311 0.341844 0.4197056 0.4197056 0.341844 0.4717311 0.341844 0.4717311 0.1581559 0.4717311 0.02826893 0.341844 0.341844 0.4717311 0.02826893 0.341844 0.4717311 0.1581559 0.0625 1 0.03125 1 0.03125 0.5 0.03125 1 0 1 0 0.5 0.7031784 0.4853885 0.75 0.49 0.7968217 0.4853885 0.7968217 0.4853885 0.841844 0.4717311 0.8833369 0.4495527 0.8833369 0.4495527 0.9197056 0.4197056 0.9495527 0.3833369 0.9495527 0.3833369 0.9717311 0.341844 0.9853885 0.2968217 0.9853885 0.2968217 0.99 0.25 0.9853885 0.2031783 0.9853885 0.2031783 0.9717311 0.1581559 0.9495527 0.116663 0.9495527 0.116663 0.9197056 0.08029437 0.8833369 0.05044728 0.8833369 0.05044728 0.841844 0.02826887 0.7968217 0.01461148 0.7968217 0.01461148 0.75 0.00999999 0.7031784 0.01461148 0.7031784 0.01461148 0.658156 0.02826887 0.6166631 0.05044728 0.6166631 0.05044728 0.5802944 0.08029437 0.5504474 0.116663 0.5504474 0.116663 0.5282689 0.1581559 0.5146116 0.2031783 0.5146116 0.2031783 0.51 0.25 0.5146116 0.2968217 0.5146116 0.2968217 0.5282689 0.341844 0.5146116 0.2031783 0.5282689 0.341844 0.5504473 0.3833368 0.5146116 0.2031783 0.5504473 0.3833368 0.5802944 0.4197056 0.7031784 0.4853885 0.5802944 0.4197056 0.6166631 0.4495527 0.7031784 0.4853885 0.6166631 0.4495527 0.658156 0.4717311 0.7031784 0.4853885 0.7031784 0.4853885 0.7968217 0.4853885 0.9853885 0.2968217 0.7968217 0.4853885 0.8833369 0.4495527 0.9853885 0.2968217 0.8833369 0.4495527 0.9495527 0.3833369 0.9853885 0.2968217 0.9853885 0.2968217 0.9853885 0.2031783 0.9495527 0.116663 0.9495527 0.116663 0.8833369 0.05044728 0.9853885 0.2968217 0.8833369 0.05044728 0.7968217 0.01461148 0.9853885 0.2968217 0.7968217 0.01461148 0.7031784 0.01461148 0.5146116 0.2031783 0.7031784 0.01461148 0.6166631 0.05044728 0.5146116 0.2031783 0.6166631 0.05044728 0.5504474 0.116663 0.5146116 0.2031783 0.5146116 0.2031783 0.5504473 0.3833368 0.7031784 0.4853885 0.7031784 0.4853885 0.9853885 0.2968217 0.5146116 0.2031783 0 0 0 0 0 0 0 0 0 0 0 0 0 0 0 0 0 0 0 0 0 0 0 0 0 0 0 0 0 0 0 0 0 0 0 0 0 0 0 0 0 0 0 0 0 0 0 0 0 0 0 0 0 0 0 0 0 0 0 0 0 0 0 0 0 0 0 0 0 0 0 0 0 0 0 0 0 0 0 0 0 0 0 0 0 0 0 0 0 0 0 0 0 0 0 0 0 0 0 0 0 0 0 0 0 0 0 0 0 0 0 0 0 0 0 0 0 0 0 0 0 0 0 0 0 0 0 0 0 0 0 0 0 0 0 0 0 0 0 0 0 0 0 0 0 0 0 0 0 0 0 0 0 0 0 0 0 0 0 0 0 0 0 0 0 0 0 0 0 0 0 0 0 0 0 0 0 0 0 0 0 0 0 0 0 0 0 0 0 0 0 0 0 0 0 0 0 0 0 0 0 0 0 0 0 0 0 0 0 0 0 0 0 0 0 0 0 0 0 0 0 0 0 0 0 0 0 0 0 0 0 0 0 0 0 0 0 0 0 0 0 0 0 0 0 0 0 0 0 0 0 0 0 0 0 0 0 0 0 0 0 0 0 0 0 0 0 0 0 0 0 0 0 0 0 0 0 0 0 0 0 0 0 0 0 0 0 0 0 0 0 0 0 0 0 0 0 0 0 0 0 0 0 0 0 0 0 0 0 0 0 0 0 0 0 0 0 0 0 0 0 0 0 0 0 0 0 0 0 0 0 0 0 0 0 0 0 0 0 0 0 0 0 0 0 0 0 0 0 0 0 0 0 0 0 0 0 0 0 0 0 0 0 0 0 0 0 0 0 0 0 0 0 0 0 0 0 0 0 0 0 0 0 0 0 0 0 0 0 0 0 0 0 0 0 0 0 0 0 0 0 0 0 0 0 0 0 0 0 0 0 0 0 0 0 0 0 0 0 0 0 0 0 0 0 0 0 0 0 0 0 0 0 0 0 0 0 0 0 0 0 0 0 0 0 0 0 0 0 0 0 0 0 0 0 0 0 0 0 0 0 0 0 0 0 0 0 0 0 0 0 0 0 0 0 0 0 0 0 0 0 0 0 0 0 0 0 0 0 0 0 0 0 0 0 0 0 0 0 0 0 0 0 0 0 0 0 0 0 0 0 0 0 0 0 0 0 0 0 0 0 0 0 0 0 0 0 0 0 0 0 0 0 0 0 0 0 0 0 0 0 0 0 0 0 0 0 0 0 0 0 0 0 0 0 0 0 0 0 0 0 0 0 0 0 0 0 0 0 0 0 0 0 0 0 0 0 0 0 0 0 0 0 0 0 0 0 0 0 0 0 0 0 0 0 0 0 0 0 0 0 0 0 0 0 0 0 0 0 0 0 0 0 0 0 0 0 0 0 0 0 0 0 0 0 0 0 0 0 0 0 0 0 0 0 0 0 0 0 0 0 0 0 0 0 0 0 0 0 0 0 0 0 0 0 0 0 0 0 0 0 0 0 0 0 0 0 0 0 0 0 0 0 0 0 0 0 0 0 0 0 0 0 0 0 0 0 0 0 0 0 0 0 0 0 0 0 0 0 0 0 0 0 0 0 0 0 0 0 0 0 0 0 0 0 0 0 0 0 0 0 0 0 0 0 0 0 0 0 0 0 0 0 0 0 0 0 0 0 0 0 0 0 0 0 0 0 0 0 0 0 0 0 0 0 0 0 0 0 0 0 0 0 0 0 0 0 0 0 0 0 0 0 0 0 0 0 0 0 0 0 0 0 0 0 0 0 0 0 0 0 0 0 0 0 0 0 0 0 0 0 0 0 0 0 0 0 0 0 0 0 0 0 0 0 0 0 0 0 0 0 0 0 0 0 0 0 0 0 0 0 0 0 0 0 0 0 0 0 0 0 0 0 0 0 0 0 0 0 0 0 0 0 0 0 0 0 0 0 0 0 0 0 0 0 0 0 0 0 0 0 0 0 0 0 0 0 0 0 0 0 0 0 0 0 0 0 0 0 0 0 0 0 0 0 0 0 0 0 0 0 0 0 0 0 0 0 0 0 0 0 0 0 0 0 0 0 0 0 0 0 0 0 0 0 0 0 0 0 0 0 0 0 0 0 0 0 0 0 0 0 0 0 0 0 0 0 0 0 0 0 0 0 0 0 0 0 0 0 0 0 0 0 0 0 0 0 0 0 0 0 0 0 0 0 0 0 0 0 0 0 0 0 0 0 0 0 0 0 0 0 0 0 0 0 0 0 0 0 0 0 0 0 0 0 0 0 0 0 0 0 0 0 0 0 0 0 0 0 0 0 0 0 0 0 0 0 0 0 0 0 0 0 0 0 0 0 0 0 0 0 0 0 0 0 0 0 0 0 0 0 0 0 0 0 0 0 0 0 0 0 0 0 0 0 0 0 0 0 0 0 0 0 0 0 0 0 0 0 0 0 0 0 0 0 0 0 0 0 0 0 0 0 0 0 0 0 0 0 0 0 0 0 0 0 0 0 0 0 0 0 0 0 0 0 0 0 0 0 0 0 0 0 0 0 0 0 0 0 0 0 0 0 0 0 0 0 0 0 0 0 0 0 0 0 0 0 0 0 0 0 0 0 0 0 0 0 0 0 0 0 0 0 0 0 0 0 0 0 0 0 0 0 0 0 0 0 0 0 0 0 0 0 0 0 0 0 0 0 0 0 0 0 0 0 0 0 0 0 0 0 0 0 0 0 0 0 0 0 0 0 0 0 0 0 0 0 0 0 0 0 0 0 0 0 0 0 0 0 0 0 0 0 0 0 0 0 0 0 0 0 0 0 0 0 0 0 0 0 0 0 0 0 0 0 0 0 0 0 0 0 0 0 0 0 0 0 0 0 0 0 0 0 0 0 0 0 0 0 0 0 0 0 0 0 0 0 0 0 0 0 0 0 0 0 0 0 0 0 0 0 0 0 0 0 0 0 0 0 0 0 0 0 0 0 0 0 0 0 0 0 0 0 0 0 0 0 0 0 0 0 0 0 0 0 0 0 0 0 0 0 0 0 0 0 0 0 0 0 0 0 0 0 0 0 0 0 0 0 0 0 0 0 0 0 0 0 0 0 0 0 0 0 0 0 0 0 0 0 0 0 0 0 0 0 0 0 0 0 0 0 0 0 0 0 0 0 0 0 0 0 0 0 0 0 0 0 0 0 0 0 0 0 0 0 0 0 0 0 0 0 0 0 0 0 0 0 0 0 0 0 0 0 0 0 0 0 0 0 0 0 0 0 0 0 0 0 0 0 0 0 0 0 0 0 0 0 0 0 0 0 0 0 0 0 0 0 0 0 0 0 0 0 0 0 0 0 0 0 0 0 0 0 0 0 0 0 0 0 0 0 0 0 0 0 0 0 0 0 0 0 0 0 0 0 0 0 0 0 0 0 0 0 0 0 0 0 0 0 0 0 0 0 0 0 0 0 0 0 0 0 0 0 0 0 0 0 0 0 0 0 0 0 0 0 0 0 0 0 0 0 0 0 0 0 0 0 0 0 0 0 0 0 0 0 0 0 0 0 0 0 0 0 0 0 0 0 0 0 0 0 0 0 0 0 0 0 0 0 0 0 0 0 0 0 0 0 0 0 0 0 0 0 0 0 0 0 0 0 0 0 0 0 0 0 0 0 0 0 0 0 0 0 0 0 0 0 0 0 0 0 0 0 0 0 0 0 0 0 0 0 0 0 0 0 0 0 0 0 0 0 0 0 0 0 0 0 0 0 0 0 0 0 0 0 0 0 0 0 0 0 0 0 0 0 0 0 0 0 0 0 0 0 0 0 0 0 0 0 0 0 0 0 0 0 0 0 0 0 0 0 0 0 0 0 0 0 0 0 0 0 0 0 0 0 0 0 0 0 0 0 0 0 0 0 0 0 0 0 0 0 0 0 0 0 0 0 0 0 0 0 0 0 0 0 0 0 0 0 0 0 0 0 0 0 0 0 0 0 0 0 0 0 0 0 0 0 0 0 0 0 0 0 0 0 0 0 0 0 0 0 0 0 0 0 0 0 0 0 0 0 0 0 0 0 0 0 0 0 0 0 0 0 0 0 0 0 0 0 0 0 0 0 0 0 0 0 0 0 0 0 0 0 0 0 0 0 0 0 0 0 0 0 0 0 0 0 0 0 0 0 0 0 0 0 0 0 0 0 0 0 0 0 0 0 0 0 0 0 0 0 0 0 0 0 0 0 0 0 0 0 0 0 0 0 0 0 0 0 0 0 0 0 0 0 0 0 0 0 0 0 0 0 0 0 0 0 0 0 0 0 0 0 0 0 0 0 0 0 0 0 0 0 0 0 0 0 0 0 0 0 0 0 0 0 0 0 0 0 0 0 0 0 0 0 0 0 0 0 0 0 0 0 0 0 0 0 0 0 0 0 0 0 0 0 0 0 0 0 0 0 0 0 0 0 0 0 0 0 0 0 0 0 0 0 0 0 0 0 0 0 0 0 0 0 0 0 0 0 0 0 0 0 0 0 0 0 0 0 0 0 0 0 0 0 0 0 0 0 0 0 0 0 0 0 0 0 0 0 0 0 0 0 0 0 0 0 0 0 0 0 0 0 0 0 0 0 0 0 0 0 0 0 0 0 0 0 0 0 0 0 0 0 0 0 0 0 0 0 0 0 0 0 0 0 0 0 0 0 0 0 0 0 0 0 0 0 0 0 0 0 0 0 0 0 0 0 0 0 0 0 0 0 0 0 0 0 0 0 0 0 0 0 0 0 0 0 0 0 0 0 0 0 0 0 0 0 0 0 0 0 0 0 0 0 0 0 0 0 0 0 0 0 0 0 0 0 0 0 0 0 0 0 0 0 0 0 0 0 0 0 0 0 0 0 0 0 0 0 0 0 0 0 0 0 0 0 0 0 0 0 0 0 0 0 0 0 0 0 0 0 0 0 0 0 0 0 0 0 0 0 0 0 0 0 0 0 0 0 0 0 0 0 0 0 0 0 0 0 0 0 0 0 0 0 0 0 0 0 0 0 0 0 0 0 0 0 0 0 0 0 0 0 0 0 0 0 0 0 0 0 0 0 0 0 0 0 0 0 0 0 0 0 0 0 0 0 0 0 0 0 0 0 0 0 0 0 0 0 0 0 0 0 0 0 0 0 0 0 0 0 0 0 0 0 0 0 0 0 0 0 0 0 0 0 0 0 0 0 0 0 0 0 0 0 0 0 0 0 0 0 0 0 0 0 0 0 0 0 0 0 0 0 0 0 0 0 0 0 0 0 0 0 0 0 0 0 0 0 0 0 0 0 0 0 0 0 0 0 0 0 0 0 0 0 0 0 0 0 0 0 0 0 0 0 0 0 0 0 0 0 0 0 0 0 0 0 0 0 0 0 0 0 0 0 0 0 0 0 0 0 0 0 0 0 0 0 0 0 0 0 0 0 0 0 0 0 0 0 0 0 0 0 0 0 0 0 0 0 0 0 0 0 0 0 0 0 0 0 0 0 0 0 0 0 0 0 0 0 0 0 0 0 0 0 0 0 0 0 0 0 0 0 0 0 0 0 0 0 0 0 0 0 0 0 0 0 0 0 0 0 0 0 0 0 0 0 0 0 0 0 0 0 0 0 0 0 0 0 0 0 0 0 0 0 0 0 0 0 0 0 0 0 0 0 0 0 0 0 0 0 0 0 0 0 0 0 0 0 0 0 0 0 0 0 0 0 0 0 0 0 0 0 0 0 0 0 0 0 0 0 0 0 0 0 0 0 0 0 0 0 0 0 0 0 0 0 0 0 0 0 0 0 0 0 0 0 0 0 0 0 0 0 0 0 0 0 0 0 0 0 0 0 0 0 0 0 0 0 0 0 0 0 0 0 0 0 0 0 0 0 0 0 0 0 0 0 0 0 0 0 0 0 0 0 0 0 0 0 0 0 0 0 0 0 0 0 0 0 0 0 0 0 0 0 0 0 0 0 0 0 0 0 0 0 0 0 0 0 0 0 0 0 0 0 0 0 0 0 0 0 0 0 0 0 0 0 0 0 0 0 0 0 0 0 0 0 0 0 0 0 0 0 0 0 0 0 0 0 0 0 0 0 0 0 0 0 0 0 0 0 0 0 0 0 0 0 0 0 0 0 0 0 0 0 0 0 0 0 0 0 0 0 0 0 0 0 0 0 0 0 0 0 0 0 0 0 0 0 0 0 0 0 0 0 0 0 0 0 0 0 0 0 0 0 0 0 0 0 0 0 0 0 0 0 0 0 0 0 0 0 0 0 0 0 0 0 0 0 0 0 0 0 0 0 0 0 0 0 0 0 0 0 0 0 0 0 0 0 0 0 0 0 0 0 0 0 0 0 0 0 0 0 0 0 0 0 0 0 0 0 0 0 0 0 0 0 0 0 0 0 0 0 0 0 0 0 0 0 0 0 0 0 0 0 0 0 0 0 0 0 0 0 0 0 0 0 0 0 0 0 0 0 0 0 0 0 0 0 0 0 0 0 0 0 0 0 0 0 0 0 0 0 0 0 0 0 0 0 0 0 0 0 0 0 0 0 0 0 0 0 0 0 0 0 0 0 0 0 0 0 0 0 0 0 0 0 0 0 0 0 0 0 0 0 0 0 0 0 0 0 0 0 0 0 0 0 0 0 0 0 0 0 0 0 0 0 0 0 0 0 0 0 0 0 0 0 0 0 0 0 0 0 0 0 0 0 0 0 0 0 0 0 0 0 0 0 0 0 0 0 0 0 0 0 0 0 0 0 0 0 0 0 0 0 0 0 0 0 0 0 0 0 0 0 0 0 0 0 0 0 0 0 0 0 0 0 0 0 0 0 0 0 0 0 0 0 0 0 0 0 0 0 0 0 0 0 0 0 0 0 0 0 0 0 0 0 0 0 0 0 0 0 0 0 0 0 0 0 0 0 0 0 0 0 0 0 0 0 0 0 0 0 0 0 0 0 0 0 0 0 0 0 0 0 0 0 0 0 0 0 0 0 0 0 0 0 0 0 0 0 0 0 0 0 0 0 0 0 0 0 0 0 0 0 0 0 0 0 0 0 0 0 0 0 0 0 0 0 0 0 0 0 0 0 0 0 0 0 0 0 0 0 0 0 0 0 0 0 0 0 0 0 0 0 0 0 0 0 0 0 0 0 0 0 0 0 0 0 0 0 0 0 0 0 0 0 0 0 0 0 0 0 0 0 0 0 0 0 0 0 0 0 0 0 0 0 0 0 0 0 0 0 0 0 0 0 0 0 0 0 0 0 0 0 0 0 0 0 0 0 0 0 0 0 0 0 0 0 0 0 0 0 0 0 0 0 0 0 0 0 0 0 0 0 0 0 0 0 0 0 0 0 0 0 0 0 0 0 0 0 0 0 0 0 0 0 0 0 0 0 0 0 0 0 0 0 0 0 0 0 0 0 0 0 0 0 0 0 0 0 0 0 0 0 0 0 0 0 0 0 0 0 0 0 0 0 0 0 0 0 0 0 0 0 0 0 0 0 0 0 0 0 0 0 0 0 0 0 0 0 0 0 0 0 0 0 0 0 0 0 0 0 0 0 0 0 0 0 0 0 0 0 0 0 0 0 0 0 0 0 0 0 0 0 0 0 0 0 0 0 0 0 0 0 0 0 0 0 0 0 0 0 0 0 0 0 0 0 0 0 0 0 0 0 0 0 0 0 0 0 0 0 0 0 0 0 0 0 0 0 0 0 0 0 0 0 0 0 0 0 0 0 0 0 0 0 0 0 0 0 0 0 0 0 0 0 0 0 0 0 0 0 0 0 0 0 0 0 0 0 0 0 0 0 0 0 0 0 0 0 0 0 0 0 0 0 0 0 0 0 0 0 0 0 0 0 0 0 0 0 0 0 0 0 0 0 0 0 0 0 0 0 0 0 0 0 0 0 0 0 0 0 0 0 0 0 0 0 0 0 0 0 0 0 0 0 0 0 0 0 0 0 0 0 0 0 0 0 0 0 0 0 0 0 0 0 0 0 0 0 0 0 0 0 0 0 0 0 0 0 0 0 0 0 0 0 0 0 0 0 0 0 0 0 0 0 0 0 0 0 0 0 0 0 0 0 0 0 0 0 0 0 0 0 0 0 0 0 0 0 0 0 0 0 0 0 0 0 0 0 0 0 0 0 0 0 0 0 0 0 0 0 0 0 0 0 0 0 0 0 0 0 0 0 0 0 0 0 0 0 0 0 0 0 0 0 0 0 0 0 0 0 0 0 0 0 0 0 0 0 0 0 0 0 0 0 0 0 0 0 0 0 0 0 0 0 0 0 0 0 0 0 0 0 0 0 0 0 0 0 0 0 0 0 0 0 0 0 0 0 0 0 0 0 0 0 0 0 0 0 0 0 0 0 0 0 0 0 0 0 0 0 0 0 0 0 0 0 0 0 0 0 0 0 0 0 0 0 0 0 0 0 0 0 0 0 0 0 0 0 0 0 0 0 0 0 0 0 0 0 0 0 0 0 0 0 0 0 0 0 0 0 0 0 0 0 0 0 0 0 0 0 0 0 0 0 0 0 0 0 0 0 0 0 0 0 0 0 0 0 0 0 0 0 0 0 0 0 0 0 0 0 0 0 0 0 0 0 0 0 0 0 0 0 0 0 0 0 0 0 0 0 0 0 0 0 0 0 0 0 0 0 0 0 0 0 0 0 0 0 0 0 0 0 0 0 0 0 0 0 0 0 0 0 0 0 0 0 0 0 0 0 0 0 0 0 0 0 0 0 0 0 0 0 0 0 0 0 0 0 0 0 0 0 0 0 0 0 0 0 0 0 0 0 0 0 0 0 0 0 0 0 0 0 0 0 0 0 0 0 0 0 0 0 0 0 0 0 0 0 0 0 0 0 0 0 0 0 0 0 0 0 0 0 0 0 0 0 0 0 0 0 0 0 0 0 0 0 0 0 0 0 0 0 0 0 0 0 0 0 0 0 0 0 0 0 0 0 0 0 0 0 0 0 0 0 0 0 0 0 0 0 0 0 0 0 0 0 0 0 0 0 0 0 0 0 0 0 0 0 0 0 0 0 0 0 0 0 0 0 0 0 0 0 0 0 0 0 0 0 0 0 0 0 0 0 0 0 0 0 0 0 0 0 0 0 0 0 0 0 0 0 0 0 0 0 0 0 0 0 0 0 0 0 0 0 0 0 0 0 0 0 0 0 0 0 0 0 0 0 0 0 0 0 0 0 0 0 0 0 0 0 0 0 0 0 0 0 0 0 0 0 0 0 0 0 0 0 0 0 0 0 0 0 0 0 0 0 0 0 0 0 0 0 0 0 0 0 0 0 0 0 0 0 0 0 0 0 0 0 0 0 0 0 0 0 0 0 0 0 0 0 0 0 0 0 0 0 0 0 0 0 0 0 0 0 0 0 0 0 0 0 0 0 0 0 0 0 0 0 0 0 0 0 0 0 0 0 0 0 0 0 0 0 0 0 0 0 0 0 0 0 0 0 0 0 0 0 0 0 0 0 0 0 0 0 0 0 0 0 0 0 0 0 0 0 0 0 0 0 0 0 0 0 0 0 0 0 0 0 0 0 0 0 0 0 0 0 0 0 0 0 0 0 0 0 0 0 0 0 0 0 0 0 0 0 0 0 0 0 0 0 0 0 0 0 0 0 0 0 0 0 0 0 0 0 0 0 0 0 0 0 0 0 0 0 0 0 0 0 0 0 0 0 0 0 0 0 0 0 0 0 0 0 0 0 0 0 0 0 0 0 0 0 0 0 0 0 0 0 0 0 0 0 0 0 0 0 0 0 0 0 0 0 0 0 0 0 0 0 0 0 0 0 0 0 0 0 0 0 0 0 0 0 0 0 0 0 0 0 0 0 0 0 0 0 0 0 0 0 0 0 0 0 0 0 0 0 0 0 0 0 0 0 0 0 0 0 0 0 0 0 0 0 0 0 0 0 0 0 0 0 0 0 0 0 0 0 0 0 0 0 0 0 0 0 0 0 0 0 0 0 0 0 0 0 0 0 0 0 0 0 0 0 0 0 0 0 0 0 0 0 0 0 0 0 0 0 0 0 0 0 0 0 0 0 0 0 0 0 0 0 0 0 0 0 0 0 0 0 0 0 0 0 0 0 0 0 0 0 0 0 0 0 0 0 0 0 0 0 0 0 0 0 0 0 0 0 0 0 0 0 0 0 0 0 0 0 0 0 0 0 0 0 0 0 0 0 0 0 0 0 0 0 0 0 0 0 0 0 0 0 0 0 0 0 0 0 0 0 0 0 0 0 0 0 0 0 0 0 0 0 0 0 0 0 0 0 0 0 0 0 0 0 0 0 0 0 0 0 0 0 0 0 0 0 0 0 0 0 0 0 0 0 0 0 0 0 0 0 0 0 0 0 0 0 0 0 0 0 0 0 0 0 0 0 0 0 0 0 0 0 0 0 0 0 0 0 0 0 0 0 0 0 0 0 0 0 0 0 0 0 0 0 0 0 0 0 0 0 0 0 0 0 0 0 0 0 0 0 0 0 0 0 0 0 0 0 0 0 0 0 0 0 0 0 0 0 0 0 0 0 0 0 0 0 0 0 0 0 0 0 0 0 0 0 0 0 0 0 0 0 0 0 0 0 0 0 0 0 0 0 0 0 0 0 0 0 0 0 0 0 0 0 0 0 0 0 0 0 0 0 0 0 0 0 0 0 0 0 0 0 0 0 0 0 0 0 0 0 0 0 0 0 0 0 0 0 0 0 0 0 0 0 0 0 0 0 0 0 0 0 0 0 0 0 0 0 0 0 0 0 0 0 0 0 0 0 0 0 0 0 0 0 0 0 0 0 0 0 0 0 0 0 0 0 0 0 0 0 0 0 0 0 0 0 0 0 0 0 0 0 0 0 0 0 0 0 0 0 0 0 0 0 0 0 0 0 0 0 0 0 0 0 0 0 0 0 0 0 0 0 0 0 0 0 0 0 0 0 0 0 0 0 0 0 0 0 0 0 0 0 0 0 0 0 0 0 0 0 0 0 0 0 0 0 0 0 0 0 0 0 0 0 0 0 0 0 0 0 0 0 0 0 0 0 0 0 0 0 0 0 0 0 0 0 0 0 0 0 0 0 0 0 0 0 0 0 0 0 0 0 0 0 0 0 0 0 0 0 0 0 0 0 0 0 0 0 0 0 0 0 0 0 0 0 0 0 0 0 0 0 0 0 0 0 0 0 0 0 0 0 0 0 0 0 0 0 0 0 0 0 0 0 0 0 0 0 0 0 0 0 0 0 0 0 0 0 0 0 0 0 0 0 0 0 0 0 0 0 0 0 0 0 0 0 0 0 0 0 0 0 0 0 0 0 0 0 0 0 0 0 0 0 0 0 0 0 0 0 0 0 0 0 0 0 0 0 0 0 0 0 0 0 0 0 0 0 0 0 0 0 0 0 0 0 0 0 0 0 0 0 0 0 0 0 0 0 0 0 0 0 0 0 0 0 0 0 0 0 0 0 0 0 0 0 0 0 0 0 0 0 0 0 0 0 0 0 0 0 0 0 0 0 0 0 0 0 0 0 0 0 0 0 0 0 0 0 0 0 0 0 0 0 0 0 0 0 0 0 0 0 0 0 0 0 0 0 0 0 0 0 0 0 0 0 0 0 0 0 0 0 0 0 0 0 0 0 0 0 0 0 0 0 0 0 0 0 0 0 0 0 0 0 0 0 0 0 0 0 0 0 0 0 0 0 0 0 0 0 0 0 0 0 0 0 0 0 0 0 0 0 0 0 0 0 0 0 0 0 0 0 0 0 0 0 0 0 0 0 0 0 0 0 0 0 0 0 0 0 0 0 0 0 0 0 0 0 0 0 0 0 0 0 0 0 0 0 0 0 0 0 0 0 0 0 0 0 0 0 0 0 0 0 0 0 0 0 0 0 0 0 0 0 0 0 0 0 0 0 0 0 0 0 0 0 0 0 0 0 0 0 0 0 0 0 0 0 0 0 0 0 0 0 0 0 0 0 0 0 0 0 0 0 0 0 0 0 0 0 0 0 0 0 0 0 0 0 0 0 0 0 0 0 0 0 0 0 0 0 0 0 0 0 0 0 0 0 0 0 0 0 0 0 0 0 0 0 0 0 0 0 0 0 0 0 0 0 0 0 0 0 0 0 0 0 0 0 0 0 0 0 0 0 0 0 0 0 0 0 0 0 0 0 0 0 0 0 0 0 0 0 0 0 0 0 0 0 0 0 0 0 0 0 0 0 0 0 0 0 0 0 0 0 0 0 0 0 0 0 0 0 0 0 0 0 0 0 0 0 0 0 0 0 0 0 0 0 0 0 0 0 0 0 0 0 0 0 0 0 0 0 0 0 0 0 0 0 0 0 0 0 0 0 0 0 0 0 0 0 0 0 0 0 0 0 0 0 0 0 0 0 0 0 0 0 0 0 0 0 0 0 0 0 0 0 0 0 0 0 0 0 0 0 0 0 0 0 0 0 0 0 0 0 0 0 0 0 0 0 0 0 0 0 0 0 0 0 0 0 0 0 0 0 0 0 0 0 0 0 0 0 0 0 0 0 0 0 0 0 0 0 0 0 0 0 0 0 0 0 0 0 0 0 0 0 0 0 0 0 0 0 0 0 0 0 0 0 0 0 0 0 0 0 0 0 0 0 0 0 0 0 0 0 0 0 0 0 0 0 0 0 0 0 0 0 0 0 0 0 0 0 0 0 0 0 0 0 0 0 0 0 0 0 0 0 0 0 0 0 0 0 0 0 0 0 0 0 0 0 0 0 0 0 0 0 0 0 0 0 0 0 0 0 0 0 0 0 0 0 0 0 0 0 0 0 0 0 0 0 0 0 0 0 0 0 0 0 0 0 0 0 0 0 0 0 0 0 0 0 0 0 0 0 0 0 0 0 0 0 0 0 0 0 0 0 0 0 0 0 0 0 0 0 0 0 0 0 0 0 0 0 0 0 0 0 0 0 0 0 0 0 0 0 0 0 0 0 0 0 0 0 0 0 0 0 0 0 0 0 0 0 0 0 0 0 0 0 0 0 0 0 0 0 0 0 0 0 0 0 0 0 0 0 0 0 0 0 0 0 0 0 0 0 0 0 0 0 0 0 0 0 0 0 0 0 0 0 0 0 0 0 0 0 0 0 0 0 0 0 0 0 0 0 0 0 0 0 0 0 0 0 0 0 0 0 0 0 0 0 0 0 0 0 0 0 0 0 0 0 0 0 0 0 0 0 0 0 0 0 0 0 0 0 0 0 0 0 0 0 0 0 0 0 0 0 0 0 0 0 0 0 0 0 0 0 0 0 0 0 0 0 0 0 0 0 0 0 0 0 0 0 0 0 0 0 0 0 0 0 0 0 0 0 0 0 0 0 0 0 0 0 0 0 0 0 0 0 0 0 0 0 0 0 0 0 0 0 0 0 0 0 0 0 0 0 0 0 0 0 0 0 0 0 0 0 0 0 0 0 0 0 0 0 0 0 0 0 0 0 0 0 0 0 0 0 0 0 0 0 0 0 0 0 0 0 0 0 0 0 0 0 0 0 0 0 0 0 0 0 0 0 0 0 0 0 0 0 0 0 0 0 0 0 0 0 0 0 0 0 0 0 0 0 0 0 0 0 0 0 0 0 0 0 0 0 0 0 0 0 0 0 0 0 0 0 0 0 0 0 0 0 0 0 0 0 0 0 0 0 0 0 0 0 0 0 0 0 0 0 0 0 0 0 0 0 0 0 0 0 0 0 0 0 0 0 0 0 0 0 0 0 0 0 0 0 0 0 0 0 0 0 0 0 0 0 0 0 0 0 0 0 0 0 0 0 0 0 0 0 0 0 0 0 0 0 0 0 0 0 0 0 0 0 0 0 0 0 0 0 0 0 0 0 0 0 0 0 0 0 0 0 0 0 0 0 0 0 0 0 0 0 0 0 0 0 0 0 0 0 0 0 0 0 0 0 0 0 0 0 0 0 0 0 0 0 0 0 0 0 0 0 0 0 0 0 0 0 0 0 0 0 0 0 0 0 0 0 0 0 0 0 0 0 0 0 0 0 0 0 0 0 0 0 0 0 0 0 0 0 0 0 0 0 0 0 0 0 0 0 0 0 0 0 0 0 0 0 0 0 0 0 0 0 0 0 0 0 0 0 0 0 0 0 0 0 0 0 0 0 0 0 0 0 0 0 0 0 0 0 0 0 0 0 0 0 0 0 0 0 0 0 0 0 0 0 0 0 0 0 0 0 0 0 0 0 0 0 0 0 0 0 0 0 0 0 0 0 0 0 0 0 0 0 0 0 0 0 0 0 0 0 0 0 0 0 0 0 0 0 0 0 0 0 0 0 0 0 0 0 0 0 0 0 0 0 0 0 0 0 0 0 0 0 0 0 0 0 0 0 0 0 0 0 0 0 0 0 0 0 0 0 0 0 0 0 0 0 0 0 0 0 0 0 0 0 0 0 0 0 0 0 0 0 0 0 0 0 0 0 0 0 0 0 0 0 0 0 0 0 0 0 0 0 0 0 0 0 0 0 0 0 0 0 0 0 0 0 0 0 0 0 0 0 0 0 0 0 0 0 0 0 0 0 0 0 0 0 0 0 0 0 0 0 0 0 0 0 0 0 0 0 0 0 0 0 0 0 0 0 0 0 0 0 0 0 0 0 0 0 0 0 0 0 0 0 0 0 0 0 0 0 0 0 0 0 0 0 0 0 0 0 0 0 0 0 0 0 0 0 0 0 0 0 0 0 0 0 0 0 0 0 0 0 0 0 0 0 0 0 0 0 0 0 0 0 0 0 0 0 0 0 0 0 0 0 0 0 0 0 0 0 0 0 0 0 0 0 0 0 0 0 0 0 0 0 0 0 0 0 0 0 0 0 0 0 0 0 0 0 0 0 0 0 0 0 0 0 0 0 0 0 0 0 0 0 0 0 0 0 0 0 0 0 0 0 0 0 0 0 0 0 0 0 0 0 0 0 0 0 0 0 0 0 0 0 0 0 0 0 0 0 0 0 0 0 0 0 0 0 0 0 0 0 0 0 0 0 0 0 0 0 0 0 0 0 0 0 0 0 0 0 0 0 0 0 0 0 0 0 0 0 0 0 0 0 0 0 0 0 0 0 0 0 0 0 0 0 0 0 0 0 0 0 0 0 0 0 0 0 0 0 0 0 0 0 0 0 0 0 0 0 0 0 0 0 0 0 0 0 0 0 0 0 0 0 0 0 0 0 0 0 0 0 0 0 0 0 0 0 0 0 0 0 0 0 0 0 0 0 0 0 0 0 0 0 0 0 0 0 0 0 0 0 0 0 0 0 0 0 0 0 0 0 0 0 0 0 0 0 0 0 0 0 0 0 0 0 0 0 0 0 0 0 0 0 0 0 0 0 0 0 0 0 0 0 0 0 0 0 0 0 0 0 0 0 0 0 0 0 0 0 0 0 0 0 0 0 0 0 0 0 0 0 0 0 0 0 0 0 0 0 0 0 0 0 0 0 0 0 0 0 0 0 0 0 0 0 0 0 0 0 0 0 0 0 0 0 0 0 0 0 0 0 0 0 0 0 0 0 0 0 0 0 0 0 0 0 0 0 0 0 0 0 0 0 0 0 0 0 0 0 0 0 0 0 0 0 0 0 0 0 0 0 0 0 0 0 0 0 0 0 0 0 0 0 0 0 0 0 0 0 0 0 0 0 0 0 0 0 0 0 0 0 0 0 0 0 0 0 0 0 0 0 0 0 0 0 0 0 0 0 0 0 0 0 0 0 0 0 0 0 0 0 0 0 0 0 0 0 0 0 0 0 0 0 0 0 0 0 0 0 0 0 0 0 0 0 0 0 0 0 0 0 0 0 0 0 0 0 0 0 0 0 0 0 0 0 0 0 0 0 0 0 0 0 0 0 0 0 0 0 0 0 0 0 0 0 0 0 0 0 0 0 0 0 0 0 0 0 0 0 0 0 0 0 0 0 0 0 0 0 0 0 0 0 0 0 0 0 0 0 0 0 0 0 0 0 0 0 0 0 0 0 0 0 0 0 0 0 0 0 0 0 0 0 0 0 0 0 0 0 0 0 0 0 0 0 0 0 0 0 0 0 0 0 0 0 0 0 0 0 0 0 0 0 0 0 0 0 0 0 0 0 0 0 0 0 0 0 0 0 0 0 0 0 0 0 0 0 0 0 0 0 0 0 0 0 0 0 0 0 0 0 0 0 0 0 0 0 0 0 0 0 0 0 0 0 0 0 0 0 0 0 0 0 0 0 0 0 0 0 0 0 0 0 0 0 0 0 0 0 0 0 0 0 0 0 0 0 0 0 0 0 0 0 0 0 0 0 0 0 0 0 0 0 0 0 0 0 0 0 0 0 0 0 0 0 0 0 0 0 0 0 0 0 0 0 0 0 0 0 0 0 0 0 0 0 0 0 0 0 0 0 0 0 0 0 0 0 0 0 0 0 0 0 0 0 0 0 0 0 0 0 0 0 0 0 0 0 0 0 0 0 0 0 0 0 0 0 0 0 0 0 0 0 0 0 0 0 0 0 0 0 0 0 0 0 0 0 0 0 0 0 0 0 0 0 0 0 0 0 0 0 0 0 0 0 0 0 0 0 0 0 0 0 0 0 0 0 0 0 0 0 0 0 0 0 0 0 0 0 0 0 0 0 0 0 0 0 0 0 0 0 0 0 0 0 0 0 0 0 0 0 0 0 0 0 0 0 0 0 0 0 0 0 0 0 0 0 0 0 0 0 0 0 0 0 0 0 0 0 0 0 0 0 0 0 0 0 0 0 0 0 0 0 0 0 0 0 0 0 0 0 0 0 0 0 0 0 0 0 0 0 0 0 0 0 0 0 0 0 0 0 0 0 0 0 0 0 0 0 0 0 0 0 0 0 0 0 0 0 0 0 0 0 0 0 0 0 0 0 0 0 0 0 0 0 0 0 0 0 0 0 0 0 0 0 0 0 0 0 0 0 0 0 0 0 0 0 0 0 0 0 0 0 0 0 0 0 0 0 0 0 0 0 0 0 0 0 0 0 0 0 0 0 0 0 0 0 0 0 0 0 0 0 0 0 0 0 0 0 0 0 0 0 0 0 0 0 0 0 0 0 0 0 0 0 0 0 0 0 0 0 0 0 0 0 0 0 0 0 0 0 0 0 0 0 0 0 0 0 0 0 0 0 0 0 0 0 0 0 0 0 0 0 0 0 0 0 0 0 0 0 0 0 0 0 0 0 0 0 0 0 0 0 0 0 0 0 0 0 0 0 0 0 0 0 0 0 0 0 0 0 0 0 0 0 0 0 0 0 0 0 0 0 0 0 0 0 0 0 0 0 0 0 0 0 0 0 0 0 0 0 0 0 0 0 0 0 0 0 0 0 0 0 0 0 0 0 0 0 0 0 0 0 0 0 0 0 0 0 0 0 0 0 0 0 0 0 0 0 0 0 0 0 0 0 0 0 0 0 0 0 0 0 0 0 0 0 0 0 0 0 0 0 0 0 0 0 0 0 0 0 0 0 0 0 0 0 0 0 0 0 0 0 0 0 0 0 0 0 0 0 0 0 0 0 0 0 0 0 0 0 0 0 0 0 0 0 0 0 0 0 0 0 0 0 0 0 0 0 0 0 0 0 0 0 0 0 0 0 0 0 0 0 0 0 0 0 0 0 0 0 0 0 0 0 0 0 0 0 0 0 0 0 0 0 0 0 0 0 0 0 0 0 0 0 0 0 0 0 0 0 0 0 0 0 0 0 0 0 0 0 0 0 0 0 0 0 0 0 0 0 0 0 0 0 0 0 0 0 0 0 0 0 0 0 0 0 0 0 0 0 0 0 0 0 0 0 0 0 0 0 0 0 0 0 0 0 0 0 0 0 0 0 0 0 0 0 0 0 0 0 0 0 0 0 0 0 0 0 0 0 0 0 0 0 0 0 0 0 0 0 0 0 0 0 0 0 0 0 0 0 0 0 0 0 0 0 0 0 0 0 0 0 0 0 0 0 0 0 0 0 0 0 0 0 0 0 0 0 0 0 0 0 0 0 0 0 0 0 0 0 0 0 0 0 0 0 0 0 0 0 0 0 0 0 0 0 0 0 0 0 0 0 0 0 0 0 0 0 0 0 0 0 0 0 0 0 0 0 0 0 0 0 0 0 0 0 0 0 0 0 0 0 0 0 0 0 0 0 0 0 0 0 0 0 0 0 0 0 0 0 0 0 0 0 0 0 0 0 0 0 0 0 0 0 0 0 0 0 0 0 0 0 0 0 0 0 0 0 0 0 0 0 0 0 0 0 0 0 0 0 0 0 0 0 0 0 0 0 0 0 0 0 0 0 0 0 0 0 0 0 0 0 0 0 0 0 0 0 0 0 0 0 0 0 0 0 0 0 0 0 0 0 0 0 0 0 0 0 0 0 0 0 0 0 0 0 0 0 0 0 0 0 0 0 0 0 0 0 0 0 0 0 0 0 0 0 0 0 0 0 0 0 0 0 0 0 0 0 0 0 0 0 0 0 0 0 0 0 0 0 0 0 0 0 0 0 0 0 0 0 0 0 0 0 0 0 0 0 0 0 0 0 0 0 0 0 0 0 0 0 0 0 0 0 0 0 0 0 0 0 0 0 0 0 0 0 0 0 0 0 0 0 0 0 0 0 0 0 0 0 0 0 0 0 0 0 0 0 0 0 0 0 0 0 0 0 0 0 0 0 0 0 0 0 0 0 0 0 0 0 0 0 0 0 0 0 0 0 0 0 0 0 0 0 0 0 0 0 0 0 0 0 0 0 0 0 0 0 0 0 0 0 0 0 0 0 0 0 0 0 0 0 0 0 0 0 0 0 0 0 0 0 0 0 0 0 0 0 0 0 0 0 0 0 0 0 0 0 0 0 0 0 0 0 0 0 0 0 0 0 0 0 0 0 0 0 0 0 0 0 0 0 0 0 0 0 0 0 0 0 0 0 0 0 0 0 0 0 0 0 0 0 0 0 0 0 0 0 0 0 0 0 0 0 0 0 0 0 0 0 0 0 0 0 0 0 0 0 0 0 0 0 0 0 0 0 0 0 0 0 0 0 0 0 0 0 0 0 0 0 0 0 0 0 0 0 0 0 0 0 0 0 0 0 0 0 0 0 0 0 0 0 0 0 0 0 0 0 0 0 0 0 0 0 0 0 0 0 0 0 0 0 0 0 0 0 0 0 0 0 0 0 0 0 0 0 0 0 0 0 0 0 0 0 0 0 0 0 0 0 0 0 0 0 0 0 0 0 0 0 0 0 0 0 0 0 0 0 0 0 0 0 0 0 0 0 0 0 0 0 0 0 0 0 0 0 0 0 0 0 0 0 0 0 0 0 0 0 0 0 0 0 0 0 0 0 0 0 0 0 0 0 0 0 0 0 0 0 0 0 0 0 0 0 0 0 0 0 0 0 0 0 0 0 0 0 0 0 0 0 0 0 0 0 0 0 0 0 0 0 0 0 0 0 0 0 0 0 0 0 0 0 0 0 0 0 0 0 0 0 0 0 0 0 0 0 0 0 0 0 0 0 0 0 0 0 0 0 0 0 0 0 0 0 0 0 0 0 0 0 0 0 0 0 0 0 0 0 0 0 0 0 0 0 0 0 0 0 0 0 0 0 0 0 0 0 0 0 0 0 0 0 0 0 0 0 0 0 0 0 0 0 0 0 0 0 0 0 0 0 0 0 0 0 0 0 0 0 0 0 0 0 0 0 0 0 0 0 0 0 0 0 0 0 0 0 0 0 0 0 0 0 0 0 0 0 0 0 0 0 0 0 0 0 0 0 0 0 0 0 0 0 0 0 0 0 0 0 0 0 0 0 0 0 0 0 0 0 0 0 0 0 0 0 0 0 0 0 0 0 0 0 0 0 0 0 0 0 0 0 0 0 0 0 0 0 0 0 0 0 0 0 0 0 0 0 0 0 0 0 0 0 0 0 0 0 0 0 0 0 0 0 0 0 0 0 0 0 0 0 0 0 0 0 0 0 0 0 0 0 0 0 0 0 0 0 0 0 0 0 0 0 0 0 0 0 0 0 0 0 0 0 0 0 0 0 0 0 0 0 0 0 0 0 0 0 0 0 0 0 0 0 0 0 0 0 0 0 0 0 0 0 0 0 0 0 0 0 0 0 0 0 0 0 0 0 0 0 0 0 0 0 0 0 0 0 0 0 0 0 0 0 0 0 0 0 0 0 0 0 0 0 0 0 0 0 0 0 0 0 0 0 0 0 0 0 0 0 0 0 0 0 0 0 0 0 0 0 0 0 0 0 0 0 0 0 0 0 0 0 0 0 0 0 0 0 0 0 0 0 0 0 0 0 0 0 0 0 0 0 0 0 0 0 0 0 0 0 0 0 0 0 0 0 0 0 0 0 0 0 0 0 0 0 0 0 0 0 0 0 0 0 0 0 0 0 0 0 0 0 0 0 0 0 0 0 0 0 0 0 0 0 0 0 0 0 0 0 0 0 0 0 0 0 0 0 0 0 0 0 0 0 0 0 0 0 0 0 0 0 0 0 0 0 0 0 0 0 0 0 0 0 0 0 0 0 0 0 0 0 0 0 0 0 0 0 0 0 0 0 0 0 0 0 0 0 0 0 0 0 0 0 0 0 0 0 0 0 0 0 0 0 0 0 0 0 0 0 0 0 0 0 0 0 0 0 0 0 0 0 0 0 0 0 0 0 0 0 0 0 0 0 0 0 0 0 0 0 0 0 0 0 0 0 0 0 0 0 0 0 0 0 0 0 0 0 0 0 0 0 0 0 0 0 0 0 0 0 0 0 0 0 0 0 0 0 0 0 0 0 0 0 0 0 0 0 0 0 0 0 0 0 0 0 0 0 0 0 0 0 0 0 0 0 0 0 0 0 0 0 0 0 0 0 0 0 0 0 0 0 0 0 0 0 0 0 0 0 0 0 0 0 0 0 0 0 0 0 0 0 0 0 0 0 0 0 0 0 0 0 0 0 0 0 0 0 0 0 0 0 0 0 0 0 0 0 0 0 0 0 0 0 0 0 0 0 0 0 0 0 0 0 0 0 0 0 0 0 0 0 0 0 0 0 0 0 0 0 0 0 0 0 0 0 0 0 0 0 0 0 0 0 0 0 0 0 0 0 0 0 0 0 0 0 0 0 0 0 0 0 0 0 0 0 0 0 0 0 0 0 0 0 0 0 0 0 0 0 0 0 0 0 0 0 0 0 0 0 0 0 0 0 0 0 0 0 0 0 0 0 0 0 0 0 0 0 0 0 0 0 0 0 0 0 0 0 0 0 0 0 0 0 0 0 0 0 0 0 0 0 0 0 0 0 0 0 0 0 0 0 0 0 0 0 0 0 0 0 0 0 0 0 0 0 0 0 0 0 0 0 0 0 0 0 0 0 0 0 0 0 0 0 0 0 0 0 0 0 0 0 0 0 0 0 0 0 0 0 0 0 0 0 0 0 0 0 0 0 0 0 0 0 0 0 0 0 0 0 0 0 0 0 0 0 0 0 0 0 0 0 0 0 0 0 0 0 0 0 0 0 0 0 0 0 0 0 0 0 0 0 0 0 0 0 0 0 0 0 0 0 0 0 0 0 0 0 0 0 0 0 0 0 0 0 0 0 0 0 0 0 0 0 0 0 0 0 0 0 0 0 0 0 0 0 0 0 0 0 0 0 0 0 0 0 0 0 0 0 0 0 0 0 0 0 0 0 0 0 0 0 0 0 0 0 0 0 0 0 0 0 0 0 0 0 0 0 0 0 0 0 0 0 0 0 0 0 0 0 0 0 0 0 0 0 0 0 0 0 0 0 0 0 0 0 0 0 0 0 0 0 0 0 0 0 0 0 0 0 0 0 0 0 0 0 0 0 0 0 0 0 0 0 0 0 0 0 0 0 0 0 0 0 0 0 0 0 0 0 0 0 0 0 0 0 0 0 0 0 0 0 0 0 0 0 0 0 0 0 0 0 0 0 0 0 0 0 0 0 0 0 0 0 0 0 0 0 0 0 0 0 0 0 0 0 0 0 0 0 0 0 0 0 0 0 0 0 0 0 0 0 0 0 0 0 0 0 0 0 0 0 0 0 0 0 0 0 0 0 0 0 0 0 0 0 0 0 0 0 0 0 0 0 0 0 0 0 0 0 0 0 0 0 0 0 0 0 0 0 0 0 0 0 0 0 0 0 0 0 0 0 0 0 0 0 0 0 0 0 0 0 0 0 0 0 0 0 0 0 0 0 0 0 0 0 0 0 0 0 0 0 0 0 0 0 0 0 0 0 0 0 0 0 0 0 0 0 0 0 0 0 0 0 0 0 0 0 0 0 0 0 0 0 0 0 0 0 0 0 0 0 0 0 0 0 0 0 0 0 0 0 0 0 0 0 0 0 0 0 0 0 0 0 0 0 0 0 0 0 0 0 0 0 0 0 0 0 0 0 0 0 0 0 0 0 0 0 0 0 0 0 0 0 0 0 0 0 0 0 0 0 0 0 0 0 0 0 0 0 0 0 0 0 0 0 0 0 0 0 0 0 0 0 0 0 0 0 0 0 0 0 0 0 0 0 0 0 0 0 0 0 0 0 0 0 0 0 0 0 0 0 0 0 0 0 0 0 0 0 0 0 0 0 0 0 0 0 0 0 0 0 0 0 0 0 0 0 0 0 0 0 0 0 0 0 0 0 0 0 0 0 0 0 0 0 0 0 0 0 0 0 0 0 0 0 0 0 0 0 0 0 0 0 0 0 0 0 0 0 0 0 0 0 0 0 0 0 0 0 0 0 0 0 0 0 0 0 0 0 0 0 0 0 0 0 0 0 0 0 0 0 0 0 0 0 0 0 0 0 0 0 0 0 0 0 0 0 0 0 0 0 0 0 0 0 0 0 0 0 0 0 0 0 0 0 0 0 0 0 0 0 0 0 0 0 0 0 0 0 0 0 0 0 0 0 0 0 0 0 0 0 0 0 0 0 0 0 0 0 0 0 0 0 0 0 0 0 0 0 0 0 0 0 0 0 0 0 0 0 0 0 0 0 0 0 0 0 0 0 0 0 0 0 0 0 0 0 0 0 0 0 0 0 0 0 0 0 0 0 0 0 0 0 0 0 0 0 0 0 0 0 0 0 0 0 0 0 0 0 0 0 0 0 0 0 0 0 0 0 0 0 0 0 0 0 0 0 0 0 0 0 0 0 0 0 0 0 0 0 0 0 0 0 0 0 0 0 0 0 0 0 0 0 0 0 0 0 0 0 0 0 0 0 0 0 0 0 0 0 0 0 0 0 0 0 0 0 0 0 0 0 0 0 0 0 0 0 0 0 0 0 0 0 0 0 0 0 0 0 0 0 0 0 0 0 0 0 0 0 0 0 0 0 0 0 0 0 0 0 0 0 0 0 0 0 0 0 0 0 0 0 0 0 0 0 0 0 0 0 0 0 0 0 0 0 0 0 0 0 0 0 0 0 0 0 0 0 0 0 0 0 0 0 0 0 0 0 0 0 0 0 0 0 0 0 0 0 0 0 0 0 0 0 0 0 0 0 0 0 0 0 0 0 0 0 0 0 0 0 0 0 0 0 0 0 0 0 0 0 0 0 0 0 0 0 0 0 0 0 0 0 0 0 0 0 0 0 0 0 0 0 0 0 0 0 0 0 0 0 0 0 0 0 0 0 0 0 0 0 0 0 0 0 0 0 0 0 0 0 0 0 0 0 0 0 0 0 0 0 0 0 0 0 0 0 0 0 0 0 0 0 0 0 0 0 0 0 0 0 0 0 0 0 0 0 0 0 0 0 0 0 0 0 0 0 0 0 0 0 0 0 0 0 0 0 0 0 0 0 0 0 0 0 0 0 0 0 0 0 0 0 0 0 0 0 0 0 0 0 0 0 0 0 0 0 0 0 0 0 0 0 0 0 0 0 0 0 0 0 0 0 0 0 0 0 0 0 0 0 0 0 0 0 0 0 0 0 0 0 0 0 0 0 0 0 0 0 0 0 0 0 0 0 0 0 0 0 0 0 0 0 0 0 0 0 0 0 0 0 0 0 0 0 0 0 0 0 0 0 0 0 0 0 0 0 0 0 0 0 0 0 0 0 0 0 0 0 0 0 0 0 0 0 0 0 0 0 0 0 0 0 0 0 0 0 0 0 0 0 0 0 0 0 0 0 0 0 0 0 0 0 0 0 0 0 0 0 0 0 0 0 0 0 0 0 0 0 0 0 0 0 0 0 0 0 0 0 0 0 0 0 0 0 0 0 0 0 0 0 0 0 0 0 0 0 0 0 0 0 0 0 0 0 0 0 0 0 0 0 0 0 0 0 0 0 0 0 0 0 0 0 0 0 0 0 0 0 0 0 0 0 0 0 0 0 0 0 0 0 0 0 0 0 0 0 0 0 0 0 0 0 0 0 0 0 0 0 0 0 0 0 0 0 0 0 0 0 0 0 0 0 0 0 0 0 0 0 0 0 0 0 0 0 0 0 0 0 0 0 0 0 0 0 0 0 0 0 0 0 0 0 0 0 0 0 0 0 0 0 0 0 0 0 0 0 0 0 0 0 0 0 0 0 0 0 0 0 0 0 0 0 0 0 0 0 0 0 0 0 0 0 0 0 0 0 0 0 0 0 0 0 0 0 0 0 0 0 0 0 0 0 0 0 0 0 0 0 0 0 0 0 0 0 0 0 0 0 0 0 0 0 0 0 0 0 0 0 0 0 0 0 0 0 0 0 0 0 0 0 0 0 0 0 0 0 0 0 0 0 0 0 0 0 0 0 0 0 0 0 0 0 0 0 0 0 0 0 0 0 0 0 0 0 0 0 0 0 0 0 0 0 0 0 0 0 0 0 0 0 0 0 0 0 0 0 0 0 0 0 0 0 0 0 0 0 0 0 0 0 0 0 0 0 0 0 0 0 0 0 0 0 0 0 0 0 0 0 0 0 0 0 0 0 0 0 0 0 0 0 0 0 0 0 0 0 0 0 0 0 0 0 0 0 0 0 0 0 0 0 0 0 0 0 0 0 0 0 0 0 0 0 0 0 0 0 0 0 0 0 0 0 0 0 0 0 0 0 0 0 0 0 0 0 0 0 0 0 0 0 0 0 0 0 0 0 0 0 0 0 0 0 0 0 0 0 0 0 0 0 0 0 0 0 0 0 0 0 0 0 0 0 0 0 0 0 0 0 0 0 0 0 0 0 0 0 0 0 0 0 0 0 0 0 0 0 0 0 0 0 0 0 0 0 0 0 0 0 0 0 0 0 0 0 0 0 0 0 0 0 0 0 0 0 0 0 0 0 0 0 0 0 0 0 0 0 0 0 0 0 0 0 0 0 0 0 0 0 0 0 0 0 0 0 0 0 0 0 0 0 0 0 0 0 0 0 0 0 0 0 0 0 0 0 0 0 0 0 0 0 0 0 0 0 0 0 0 0 0 0 0 0 0 0 0 0 0 0 0 0 0 0 0 0 0 0 0 0 0 0 0 0 0 0 0 0 0 0 0 0 0 0 0 0 0 0 0 0 0 0 0 0 0 0 0 0 0 0 0 0 0 0 0 0 0 0 0 0 0 0 0 0 0 0 0 0 0 0 0 0 0 0 0 0 0 0 0 0 0 0 0 0 0 0 0 0 0 0 0 0 0 0 0 0 0 0 0 0 0 0 0 0 0 0 0 0 0 0 0 0 0 0 0 0 0 0 0 0 0 0 0 0 0 0 0 0 0 0 0 0 0 0 0 0 0 0 0 0 0 0 0 0 0 0 0 0 0 0 0 0 0 0 0 0 0 0 0 0 0 0 0 0 0 0 0 0 0 0 0 0 0 0 0 0 0 0 0 0 0 0 0 0 0 0 0 0 0 0 0 0 0 0 0 0 0 0 0 0 0 0 0 0 0 0 0 0 0 0 0 0 0 0 0 0 0 0 0 0 0 0 0 0 0 0 0 0 0 0 0 0 0 0 0 0 0 0 0 0 0 0 0 0 0 0 0 0 0 0 0 0 0 0 0 0 0 0 0 0 0 0 0 0 0 0 0 0 0 0 0 0 0 0 0 0 0 0 0 0 0 0 0 0 0 0 0 0 0 0 0 0 0 0 0 0 0 0 0 0 0 0 0 0 0 0 0 0 0 0 0 0 0 0 0 0 0 0 0 0 0 0 0 0 0 0 0 0 0 0 0 0 0 0 0 0 0 0 0 0 0 0 0 0 0 0 0 0 0 0 0 0 0 0 0 0 0 0 0 0 0 0 0 0 0 0 0 0 0 0 0 0 0 0 0 0 0 0 0 0 0 0 0 0 0 0 0 0 0 0 0 0 0 0 0 0 0 0 0 0 0 0 0 0 0 0 0 0 0 0 0 0 0 0 0 0 0 0 0 0 0 0 0 0 0 0 0 0 0 0 0 0 0 0 0 0 0 0 0 0 0 0 0 0 0 0 0 0 0 0 0 0 0 0 0 0 0 0 0 0 0 0 0 0 0 0 0 0 0 0 0 0 0 0 0 0 0 0 0 0 0 0 0 0 0 0 0 0 0 0 0 0 0 0 0 0 0 0 0 0 0 0 0 0 0 0 0 0 0 0 0 0 0 0 0 0 0 0 0 0 0 0 0 0 0 0 0 0 0 0 0 0 0 0 0 0 0 0 0 0 0 0 0 0 0 0 0 0 0 0 0 0 0 0 0 0 0 0 0 0 0 0 0 0 0 0 0 0 0 0 0 0 0 0 0 0 0 0 0 0 0 0 0 0 0 0 0 0 0 0 0 0 0 0 0 0 0 0 0 0 0 0 0 0 0 0 0 0 0 0 0 0 0 0 0 0 0 0 0 0 0 0 0 0 0 0 0 0 0 0 0 0 0 0 0 0 0 0 0 0 0 0 0 0 0 0 0 0 0 0 0 0 0 0 0 0 0 0 0 0 0 0 0 0 0 0 0 0 0 0 0 0 0 0 0 0 0 0 0 0 0 0 0 0 0 0 0 0 0 0 0 0 0 0 0 0 0 0 0 0 0 0 0 0 0 0 0 0 0 0 0 0 0 0 0 0 0 0 0 0 0 0 0 0 0 0 0 0 0 0 0 0 0 0 0 0 0 0 0 0 0 0 0 0 0 0 0 0 0 0 0 0 0 0 0 0 0 0 0 0 0 0 0 0 0 0 0 0 0 0 0 0 0 0 0 0 0 0 0 0 0 0 0 0 0 0 0 0 0 0 0 0 0 0 0 0 0 0 0 0 0 0 0 0 0 0 0 0 0 0 0 0 0 0 0 0 0 0 0 0 0 0 0 0 0 0 0 0 0 0 0 0 0 0 0 0 0 0 0 0 0 0 0 0 0 0 0 0 0 0 0 0 0 0 0 0 0 0 0 0 0 0 0 0 0 0 0 0 0 0 0 0 0 0 0 0 0 0 0 0 0 0 0 0 0 0 0 0 0 0 0 0 0 0 0 0 0 0 0 0 0 0 0 0 0 0 0 0 0 0 0 0 0 0 0 0 0 0 0 0 0 0 0 0 0 0 0 0 0 0 0 0 0 0 0 0 0 0 0 0 0 0 0 0 0 0 0 0 0 0 0 0 0 0 0 0 0 0 0 0 0 0 0 0 0 0 0 0 0 0 0 0 0 0 0 0 0 0 0 0 0 0 0 0 0 0 0 0 0 0 0 0 0 0 0 0 0 0 0 0 0 0 0 0 0 0 0 0 0 0 0 0 0 0 0 0 0 0 0 0 0 0 0 0 0 0 0 0 0 0 0 0 0 0 0 0 0 0 0 0 0 0 0 0 0 0 0 0 0 0 0 0 0 0 0 0 0 0 0 0 0 0 0 0 0 0 0 0 0 0 0 0 0 0 0 0 0 0 0 0 0 0 0 0 0 0 0 0 0 0 0 0 0 0 0 0 0 0 0 0 0 0 0 0 0 0 0 0 0 0 0 0 0 0 0 0 0 0 0 0 0 0 0 0 0 0 0 0 0 0 0 0 0 0 0 0 0 0 0 0 0 0 0 0 0 0 0 0 0 0 0 0 0 0 0 0 0 0 0 0 0 0 0 0 0 0 0 0 0 0 0 0 0 0 0 0 0 0 0 0 0 0 0 0 0 0 0 0 0 0 0 0 0 0 0 0 0 0 0 0 0 0 0 0 0 0 0 0 0 0 0 0 0 0 0 0 0 0 0 0 0 0 0 0 0 0 0 0 0 0 0 0 0 0 0 0 0 0 0 0 0 0 0 0 0 0 0 0 0 0 0 0 0 0 0 0 0 0 0 0 0 0 0 0 0 0 0 0 0 0 0 0 0 0 0 0 0 0 0 0 0 0 0 0 0 0 0 0 0 0 0 0 0 0 0 0 0 0 0 0 0 0 0 0 0 0 0 0 0 0 0 0 0 0 0 0 0 0 0 0 0 0 0 0 0 0 0 0 0 0 0 0 0 0 0 0 0 0 0 0 0 0 0 0 0 0 0 0 0 0 0 0 0 0 0 0 0 0 0 0 0 0 0 0 0 0 0 0 0 0 0 0 0 0 0 0 0 0 0 0 0 0 0 0 0 0 0 0 0 0 0 0 0 0 0 0 0 0 0 0 0 0 0 0 0 0 0 0 0 0 0 0 0 0 0 0 0 0 0 0 0 0 0 0 0 0 0 0 0 0 0 0 0 0 0 0 0 0 0 0 0 0 0 0 0 0 0 0 0 0 0 0 0 0 0 0 0 0 0 0 0 0 0 0 0 0 0 0 0 0 0 0 0 0 0 0 0 0 0 0 0 0 0 0 0 0 0 0 0 0 0 0 0 0 0 0 0 0 0 0 0 0 0 0 0 0 0 0 0 0 0 0 0 0 0 0 0 0 0 0 0 0 0 0 0 0 0 0 0 0 0 0 0 0 0 0 0 0 0 0 0 0 0 0 0 0 0 0 0 0 0 0 0 0 0 0 0 0 0 0 0 0 0 0 0 0 0 0 0 0 0 0 0 0 0 0 0 0 0 0 0 0 0 0 0 0 0 0 0 0 0 0 0 0 0 0 0 0 0 0 0 0 0 0 0 0 0 0 0 0 0 0 0 0 0 0 0 0 0 0 0 0 0 0 0 0 0 0 0 0 0 0 0 0 0 0 0 0 0 0 0 0 0 0 0 0 0 0 0 0 0 0 0 0 0 0 0 0 0 0 0 0 0 0 0 0 0 0 0 0 0 0 0 0 0 0 0 0 0 0 0 0 0 0 0 0 0 0 0 0 0 0 0 0 0 0 0 0 0 0 0 0 0 0 0 0 0 0 0 0 0 0 0 0 0 0 0 0 0 0 0 0 0 0 0 0 0 0 0 0 0 0 0 0 0 0 0 0 0 0 0 0 0 0 0 0 0 0 0 0 0 0 0 0 0 0 0 0 0 0 0 0 0 0 0 0 0 0 0 0 0 0 0 0 0 0 0 0 0 0 0 0 0 0 0 0 0 0 0 0 0 0 0 0 0 0 0 0 0 0 0 0 0 0 0 0 0 0 0 0 0 0 0 0 0 0 0 0 0 0 0 0 0 0 0 0 0 0 0 0 0 0 0 0 0 0 0 0 0 0 0 0 0 0 0 0 0 0 0 0 0 0 0 0 0 0 0 0 0 0 0 0 0 0 0 0 0 0 0 0 0 0 0 0 0 0 0 0 0 0 0 0 0 0 0 0 0 0 0 0 0 0 0 0 0 0 0 0 0 0 0 0 0 0 0 0 0 0 0 0 0 0 0 0 0 0 0 0 0 0 0 0 0 0 0 0 0 0 0 0 0 0 0 0 0 0 0 0 0 0 0 0 0 0 0 0 0 0 0 0 0 0 0 0 0 0 0 0 0 0 0 0 0 0 0 0 0 0 0 0 0 0 0 0 0 0 0 0 0 0 0 0 0 0 0 0 0 0 0 0 0 0 0 0 0 0 0 0 0 0 0 0 0 0 0 0 0 0 0 0 0 0 0 0 0 0 0 0 0 0 0 0 0 0 0 0 0 0 0 0 0 0 0 0 0 0 0 0 0 0 0 0 0 0 0 0 0 0 0 0 0 0 0 0 0 0 0 0 0 0 0 0 0 0 0 0 0 0 0 0 0 0 0 0 0 0 0 0 0 0 0 0 0 0 0 0 0 0 0 0 0 0 0 0 0 0 0 0 0 0 0 0 0 0 0 0 0 0 0 0 0 0 0 0 0 0 0 0 0 0 0 0 0 0 0 0 0 0 0 0 0 0 0 0 0 0 0 0 0 0 0 0 0 0 0 0 0 0 0 0 0 0 0 0 0 0 0 0 0 0 0 0 0 0 0 0 0 0 0 0 0 0 0 0 0 0 0 0 0 0 0 0 0 0 0 0 0 0 0 0 0 0 0 0 0 0 0 0 0 0 0 0 0 0 0 0 0 0 0 0 0 0 0 0 0 0 0 0 0 0 0 0 0 0 0 0 0 0 0 0 0 0 0 0 0 0 0 0 0 0 0 0 0 0 0 0 0 0 0 0 0 0 0 0 0 0 0 0 0 0 0 0 0 0 0 0 0 0 0 0 0 0 0 0 0 0 0 0 0 0 0 0 0 0 0 0 0 0 0 0 0 0 0 0 0 0 0 0 0 0 0 0 0 0 0 0 0 0 0 0 0 0 0 0 0 0 0 0 0 0 0 0 0 0 0 0 0 0 0 0 0 0 0 0 0 0 0 0 0 0 0 0 0 0 0 0 0 0 0 0 0 0 0 0 0 0 0 0 0 0 0 0 0 0 0 0 0 0 0 0 0 0 0 0 0 0 0 0 0 0 0 0 0 0 0 0 0 0 0 0 0 0 0 0 0 0 0 0 0 0 0 0 0 0 0 0 0 0 0 0 0 0 0 0 0 0 0 0 0 0 0 0 0 0 0 0 0 0 0 0 0 0 0 0 0 0 0 0 0 0 0 0 0 0 0 0 0 0 0 0 0 0 0 0 0 0 0 0 0 0 0 0 0 0 0 0 0 0 0 0 0 0 0 0 0 0 0 0 0 0 0 0 0 0 0 0 0 0 0 0 0 0 0 0 0 0 0 0 0 0 0 0 0 0 0 0 0 0 0 0 0 0 0 0 0 0 0 0 0 0 0 0 0 0 0 0 0 0 0 0 0 0 0 0 0 0 0 0 0 0 0 0 0 0 0 0 0 0 0 0 0 0 0 0 0 0 0 0 0 0 0 0 0 0 0 0 0 0 0 0 0 0 0 0 0 0 0 0 0 0 0 0 0 0 0 0 0 0 0 0 0 0 0 0 0 0 0 0 0 0 0 0 0 0 0 0 0 0 0 0 0 0 0 0 0 0 0 0 0 0 0 0 0 0 0 0 0 0 0 0 0 0 0 0 0 0 0 0 0 0 0 0 0 0 0 0 0 0 0 0 0 0 0 0 0 0 0 0 0 0 0 0 0 0 0 0 0 0 0 0 0 0 0 0 0 0 0 0 0 0 0 0 0 0 0 0 0 0 0 0 0 0 0 0 0 0 0 0 0 0 0 0 0 0 0 0 0 0 0 0 0 0 0 0 0 0 0 0 0 0 0 0 0 0 0 0 0 0 0 0 0 0 0 0 0 0 0 0 0 0 0 0 0 0 0 0 0 0 0 0 0 0 0 0 0 0 0 0 0 0 0 0 0 0 0 0 0 0 0 0 0 0 0 0 0 0 0 0 0 0 0 0 0 0 0 0 0 0 0 0 0 0 0 0 0 0 0 0 0 0 0 0 0 0 0 0 0 0 0 0 0 0 0 0 0 0 0 0 0 0 0 0 0 0 0 0 0 0 0 0 0 0 0 0 0 0 0 0 0 0 0 0 0 0 0 0 0 0 0 0 0 0 0 0 0 0 0 0 0 0 0 0 0 0 0</float_array>
          <technique_common>
            <accessor source="#Cylinder_010-mesh-map-1-array" count="7812" stride="2">
              <param name="S" type="float"/>
              <param name="T" type="float"/>
            </accessor>
          </technique_common>
        </source>
        <source id="Cylinder_010-mesh-map-2">
          <float_array id="Cylinder_010-mesh-map-2-array" count="15624">0 0 0 0 0 0 0 0 0 0 0 0 0 0 0 0 0 0 0 0 0 0 0 0 0 0 0 0 0 0 0 0 0 0 0 0 0 0 0 0 0 0 0 0 0 0 0 0 0 0 0 0 0 0 0 0 0 0 0 0 0 0 0 0 0 0 0 0 0 0 0 0 0 0 0 0 0 0 0 0 0 0 0 0 0 0 0 0 0 0 0 0 0 0 0 0 0 0 0 0 0 0 0 0 0 0 0 0 0 0 0 0 0 0 0 0 0 0 0 0 0 0 0 0 0 0 0 0 0 0 0 0 0 0 0 0 0 0 0 0 0 0 0 0 0 0 0 0 0 0 0 0 0 0 0 0 0 0 0 0 0 0 0 0 0 0 0 0 0 0 0 0 0 0 0 0 0 0 0 0 0 0 0 0 0 0 0 0 0 0 0 0 0 0 0 0 0 0 0 0 0 0 0 0 0 0 0 0 0 0 0 0 0 0 0 0 0 0 0 0 0 0 0 0 0 0 0 0 0 0 0 0 0 0 0 0 0 0 0 0 0 0 0 0 0 0 0 0 0 0 0 0 0 0 0 0 0 0 0 0 0 0 0 0 0 0 0 0 0 0 0 0 0 0 0 0 0 0 0 0 0 0 0 0 0 0 0 0 0 0 0 0 0 0 0 0 0 0 0 0 0 0 0 0 0 0 0 0 0 0 0 0 0 0 0 0 0 0 0 0 0 0 0 0 0 0 0 0 0 0 0 0 0 0 0 0 0 0 0 0 0 0 0 0 0 0 0 0 0 0 0 0 0 0 0 0 0 0 0 0 0 0 0 0 0 0 0 0 0 0 0 0 0 0 0 0 0 0 0 0 0 0 0 0 0 0 0 0 0 0 0 0 0 0 0 0 0 0 0 0 0 0 0 0 0 0 0 0 0 0 0 0 0 0 0 0 0 0 0 0 0 0 0 0 0 0 0 0 0 0 0 0 0 0 0 0 0 0 0 0 0 0 0 0 0 0 0 0 0 0 0 0 0 0 0 0 0 0 0 0 0 0 0 0 0 0 0 0 0 0 0 0 0 0 0 0 0 0 0 0 0 0 0 0 0 0 0 0 0 0 0 0 0 0 0 0 0 0 0 0 0 0 0 0 0 0 0 0 0 0 0 0 0 0 0 0 0 0 0 0 0 0 0 0 0 0 0 0 0 0 0 0 0 0 0 0 0 0 0 0 0 0 0 0 0 0 0 0 0 0 0 0 0 0 0 0 0 0 0 0 0 0 0 0 0 0 0 0 0 0 0 0 0 0 0 0 0 0 0 0 0 0 0 0 0 0 0 0 0 0 0 0 0 0 0 0 0 0 0 0 0 0 0 0 0 0 0 0 0 0 0 0 0 0 0 0 0 0 0 0 0 0 0 0 0 0 0 0 0 0 0 0 0 0 0 0 0 0 0 0 0 0 0 0 0 0 0 0 0 0 0 0 0 0 0 0 0 0 0 0 0 0 0 0 0 0 0 0 0 0 0 0 0 0 0 0 0 0 0 0 0 0 0 0 0 0 0 0 0 0 0 0 0 0 0 0 0 0 0 0 0 0 0 0 0 0 0 0 0 0 0 0 0 0 0 0 0 0 0 0 0 0 0 0 0 0 0 0 0 0 0 0 0 0 0 0 0 0 0 0 0 0 0 0 0 0 0 0 0 0 0 0 0 0 0 0 0 0 0 0 0 0 0 0 0 0 0 0 0 0 0 0 0 0 0 0 0 0 0 0 0 0 0 0 0 0 0 0 0 0 0 0 0 0 0 0 0 0 0 0 0 0 0 0 0 0 0 0 0 0 0 0 0 0 0 0 0 0 0 0 0 0 0 0 0 0 0 0 0 0 0 0 0 0 0 0 0 0 0 0 0 0 0 0 0 0 0 0 0 0 0 0 0 0 0 0 0 0 0 0 0 0 0 0 0 0 0 0 0 0 0 0 0 0 0 0 0 0 0 0 0 0 0 0 0 0 0 0 0 0 0 0 0 0 0 0 0 0 0 0 0 0 0 0 0 0 0 0 0 0 0 0 0 0 0 0 0 0 0 0 0 0 0 0 0 0 0 0 0 0 0 0 0 0 0 0 0 0 0 0 0 0 0 0 0 0 0 0 0 0 0 0 0 0 0 0 0 0 0 0 0 0 0 0 0 0 0 0 0 0 0 0 0 0 0 0 0 0 0 0 0 0 0 0 0 0 0 0 0 0 0 0 0 0 0 0 0 0 0 0 0 0 0 0 0 0 0 0 0 0 0 0 0 0 0 0 0 0 0 0 0 0 0 0 0 0 0 0 0 0 0 0 0 0 0 0 0 0 0 0 0 0 0 0 0 0 0 0 0 0 0 0 0 0 0 0 0 0 0 0 0 0 0 0 0 0 0 0 0 0 0 0 0 0 0 0 0 0 0 0 0 0 0 0 0 0 0 0 0 0 0 0 0 0 0 0 0 0 0 0 0 0 0 0 0 0 0 0 0 0 0 0 0 0 0 0 0 0 0 0 0 0 0 0 0 0 0 0 0 0 0 0 0 0 0 0 0 0 0 0 0 0 0 0 0 0 0 0 0 0 0 0 0 0 0 0 0 0 0 0 0 0 0 0 0 0 0 0 0 0 0 0 0 0 0 0 0 0 0 0 0 0 0 0 0 0 0 0 0 0 0 0 0 0 0 0 0 0 0 0 0 0 0 0 0 0 0 0 0 0 0 0 0 0 0 0 0 0 0 0 0 0 0 0 0 0 0 0 0 0 0 0 0 0 0 0 0 0 0 0 0 0 0 0 0 0 0 0 0 0 0 0 0 0 0 0 0 0 0 0 0 0 0 0 0 0 0 0 0 0 0 0 0 0 0 0 0 0 0 0 0 0 0 0 0 0 0 0 0 0 0 0 0 0 0 0 0 0 0 0 0 0 0 0 0 0 0 0 0 0 0 0 0 0 0 0 0 0 0 0 0 0 0 0 0 0 0 0 0 0 0 0 0 0 0 0 0 0 0 0 0 0 0 0 0 0 0 0 0 0 0 0 0 0 0 0 0 0 0 0 0 0 0 0 0 0 0 0 0 0 0 0 0 0 0 0 0 0 0 0 0 0 0 0 0 0 0 0 0 0 0 0 0 0 0 0 0 0 0 0 0 0 0 0 0 0 0 0 0 0 0 0 0 0 0 0 0 0 0 0 0 0 0 0 0 0 0 0 0 0 0 0 0 0 0 0 0 0 0 0 0 0 0 0 0 0 0 0 0 0 0 0 0 0 0 0 0 0 0 0 0 0 0 0 0 0 0 0 0 0 0 0 0 0 0 0 0 0 0 0 0 0 0 0 0 0 0 0 1 1 0.96875 0.5 1 0.5 0.96875 1 0.9375 0.5 0.96875 0.5 0.9375 1 0.90625 0.5 0.9375 0.5 0.90625 1 0.8750001 0.5 0.90625 0.5 0.8750001 1 0.84375 0.5 0.8750001 0.5 0.84375 1 0.8125 0.5 0.84375 0.5 0.8125 1 0.78125 0.5 0.8125 0.5 0.78125 1 0.75 0.5 0.78125 0.5 0.75 1 0.71875 0.5 0.75 0.5 0.71875 1 0.6875 0.5 0.71875 0.5 0.6875 1 0.65625 0.5 0.6875 0.5 0.65625 1 0.625 0.5 0.65625 0.5 0.625 1 0.59375 0.5 0.625 0.5 0.59375 1 0.5625 0.5 0.59375 0.5 0.5625 1 0.53125 0.5 0.5625 0.5 0.53125 1 0.5 0.5 0.53125 0.5 0.5 1 0.46875 0.5 0.5 0.5 0.46875 1 0.4375 0.5 0.46875 0.5 0.4375 1 0.40625 0.5 0.4375 0.5 0.40625 1 0.375 0.5 0.40625 0.5 0.375 1 0.34375 0.5 0.375 0.5 0.34375 1 0.3125 0.5 0.34375 0.5 0.3125 1 0.28125 0.5 0.3125 0.5 0.28125 1 0.25 0.5 0.28125 0.5 0.25 1 0.21875 0.5 0.25 0.5 0.21875 1 0.1875 0.5 0.21875 0.5 0.1875 1 0.15625 0.5 0.1875 0.5 0.15625 1 0.125 0.5 0.15625 0.5 0.125 1 0.09375 0.5 0.125 0.5 0.09375 1 0.0625 0.5 0.09375 0.5 0.02826893 0.341844 0.1581559 0.02826887 0.4717311 0.1581559 0.0625 1 0.03125 0.5 0.0625 0.5 0.03125 1 0 0.5 0.03125 0.5 0.9853885 0.2968217 0.7968217 0.01461148 0.5146116 0.2031783 1 1 0.96875 1 0.96875 0.5 0.96875 1 0.9375 1 0.9375 0.5 0.9375 1 0.90625 1 0.90625 0.5 0.90625 1 0.8750001 1 0.8750001 0.5 0.8750001 1 0.84375 1 0.84375 0.5 0.84375 1 0.8125 1 0.8125 0.5 0.8125 1 0.78125 1 0.78125 0.5 0.78125 1 0.75 1 0.75 0.5 0.75 1 0.71875 1 0.71875 0.5 0.71875 1 0.6875 1 0.6875 0.5 0.6875 1 0.65625 1 0.65625 0.5 0.65625 1 0.625 1 0.625 0.5 0.625 1 0.59375 1 0.59375 0.5 0.59375 1 0.5625 1 0.5625 0.5 0.5625 1 0.53125 1 0.53125 0.5 0.53125 1 0.5 1 0.5 0.5 0.5 1 0.46875 1 0.46875 0.5 0.46875 1 0.4375 1 0.4375 0.5 0.4375 1 0.40625 1 0.40625 0.5 0.40625 1 0.375 1 0.375 0.5 0.375 1 0.34375 1 0.34375 0.5 0.34375 1 0.3125 1 0.3125 0.5 0.3125 1 0.28125 1 0.28125 0.5 0.28125 1 0.25 1 0.25 0.5 0.25 1 0.21875 1 0.21875 0.5 0.21875 1 0.1875 1 0.1875 0.5 0.1875 1 0.15625 1 0.15625 0.5 0.15625 1 0.125 1 0.125 0.5 0.125 1 0.09375 1 0.09375 0.5 0.09375 1 0.0625 1 0.0625 0.5 0.341844 0.4717311 0.2968217 0.4853885 0.1581559 0.4717311 0.2968217 0.4853885 0.25 0.49 0.1581559 0.4717311 0.25 0.49 0.2031783 0.4853885 0.1581559 0.4717311 0.1581559 0.4717311 0.116663 0.4495527 0.08029431 0.4197056 0.08029431 0.4197056 0.0504471 0.3833368 0.1581559 0.4717311 0.0504471 0.3833368 0.02826893 0.341844 0.1581559 0.4717311 0.02826893 0.341844 0.01461154 0.2968217 0.00999999 0.25 0.00999999 0.25 0.01461154 0.2031783 0.02826887 0.1581559 0.02826887 0.1581559 0.05044728 0.116663 0.08029437 0.08029437 0.08029437 0.08029437 0.116663 0.05044728 0.1581559 0.02826887 0.1581559 0.02826887 0.2031783 0.01461148 0.25 0.00999999 0.25 0.00999999 0.2968217 0.01461148 0.341844 0.02826887 0.341844 0.02826887 0.3833369 0.05044728 0.4197056 0.08029437 0.4197056 0.08029437 0.4495527 0.116663 0.4717311 0.1581559 0.4717311 0.1581559 0.4853885 0.2031783 0.49 0.25 0.49 0.25 0.4853885 0.2968217 0.4717311 0.341844 0.4717311 0.341844 0.4495527 0.3833369 0.4197056 0.4197056 0.4197056 0.4197056 0.3833369 0.4495527 0.341844 0.4717311 0.02826893 0.341844 0.00999999 0.25 0.1581559 0.02826887 0.00999999 0.25 0.02826887 0.1581559 0.1581559 0.02826887 0.02826887 0.1581559 0.08029437 0.08029437 0.1581559 0.02826887 0.1581559 0.02826887 0.25 0.00999999 0.341844 0.02826887 0.341844 0.02826887 0.4197056 0.08029437 0.1581559 0.02826887 0.4197056 0.08029437 0.4717311 0.1581559 0.1581559 0.02826887 0.4717311 0.1581559 0.49 0.25 0.341844 0.4717311 0.49 0.25 0.4717311 0.341844 0.341844 0.4717311 0.4717311 0.341844 0.4197056 0.4197056 0.341844 0.4717311 0.341844 0.4717311 0.1581559 0.4717311 0.02826893 0.341844 0.341844 0.4717311 0.02826893 0.341844 0.4717311 0.1581559 0.0625 1 0.03125 1 0.03125 0.5 0.03125 1 0 1 0 0.5 0.7031784 0.4853885 0.75 0.49 0.7968217 0.4853885 0.7968217 0.4853885 0.841844 0.4717311 0.8833369 0.4495527 0.8833369 0.4495527 0.9197056 0.4197056 0.9495527 0.3833369 0.9495527 0.3833369 0.9717311 0.341844 0.9853885 0.2968217 0.9853885 0.2968217 0.99 0.25 0.9853885 0.2031783 0.9853885 0.2031783 0.9717311 0.1581559 0.9495527 0.116663 0.9495527 0.116663 0.9197056 0.08029437 0.8833369 0.05044728 0.8833369 0.05044728 0.841844 0.02826887 0.7968217 0.01461148 0.7968217 0.01461148 0.75 0.00999999 0.7031784 0.01461148 0.7031784 0.01461148 0.658156 0.02826887 0.6166631 0.05044728 0.6166631 0.05044728 0.5802944 0.08029437 0.5504474 0.116663 0.5504474 0.116663 0.5282689 0.1581559 0.5146116 0.2031783 0.5146116 0.2031783 0.51 0.25 0.5146116 0.2968217 0.5146116 0.2968217 0.5282689 0.341844 0.5146116 0.2031783 0.5282689 0.341844 0.5504473 0.3833368 0.5146116 0.2031783 0.5504473 0.3833368 0.5802944 0.4197056 0.7031784 0.4853885 0.5802944 0.4197056 0.6166631 0.4495527 0.7031784 0.4853885 0.6166631 0.4495527 0.658156 0.4717311 0.7031784 0.4853885 0.7031784 0.4853885 0.7968217 0.4853885 0.9853885 0.2968217 0.7968217 0.4853885 0.8833369 0.4495527 0.9853885 0.2968217 0.8833369 0.4495527 0.9495527 0.3833369 0.9853885 0.2968217 0.9853885 0.2968217 0.9853885 0.2031783 0.9495527 0.116663 0.9495527 0.116663 0.8833369 0.05044728 0.9853885 0.2968217 0.8833369 0.05044728 0.7968217 0.01461148 0.9853885 0.2968217 0.7968217 0.01461148 0.7031784 0.01461148 0.5146116 0.2031783 0.7031784 0.01461148 0.6166631 0.05044728 0.5146116 0.2031783 0.6166631 0.05044728 0.5504474 0.116663 0.5146116 0.2031783 0.5146116 0.2031783 0.5504473 0.3833368 0.7031784 0.4853885 0.7031784 0.4853885 0.9853885 0.2968217 0.5146116 0.2031783 0 0 0 0 0 0 0 0 0 0 0 0 0 0 0 0 0 0 0 0 0 0 0 0 0 0 0 0 0 0 0 0 0 0 0 0 0 0 0 0 0 0 0 0 0 0 0 0 0 0 0 0 0 0 0 0 0 0 0 0 0 0 0 0 0 0 0 0 0 0 0 0 0 0 0 0 0 0 0 0 0 0 0 0 0 0 0 0 0 0 0 0 0 0 0 0 0 0 0 0 0 0 0 0 0 0 0 0 0 0 0 0 0 0 0 0 0 0 0 0 0 0 0 0 0 0 0 0 0 0 0 0 0 0 0 0 0 0 0 0 0 0 0 0 0 0 0 0 0 0 0 0 0 0 0 0 0 0 0 0 0 0 0 0 0 0 0 0 0 0 0 0 0 0 0 0 0 0 0 0 0 0 0 0 0 0 0 0 0 0 0 0 0 0 0 0 0 0 0 0 0 0 0 0 0 0 0 0 0 0 0 0 0 0 0 0 0 0 0 0 0 0 0 0 0 0 0 0 0 0 0 0 0 0 0 0 0 0 0 0 0 0 0 0 0 0 0 0 0 0 0 0 0 0 0 0 0 0 0 0 0 0 0 0 0 0 0 0 0 0 0 0 0 0 0 0 0 0 0 0 0 0 0 0 0 0 0 0 0 0 0 0 0 0 0 0 0 0 0 0 0 0 0 0 0 0 0 0 0 0 0 0 0 0 0 0 0 0 0 0 0 0 0 0 0 0 0 0 0 0 0 0 0 0 0 0 0 0 0 0 0 0 0 0 0 0 0 0 0 0 0 0 0 0 0 0 0 0 0 0 0 0 0 0 0 0 0 0 0 0 0 0 0 0 0 0 0 0 0 0 0 0 0 0 0 0 0 0 0 0 0 0 0 0 0 0 0 0 0 0 0 0 0 0 0 0 0 0 0 0 0 0 0 0 0 0 0 0 0 0 0 0 0 0 0 0 0 0 0 0 0 0 0 0 0 0 0 0 0 0 0 0 0 0 0 0 0 0 0 0 0 0 0 0 0 0 0 0 0 0 0 0 0 0 0 0 0 0 0 0 0 0 0 0 0 0 0 0 0 0 0 0 0 0 0 0 0 0 0 0 0 0 0 0 0 0 0 0 0 0 0 0 0 0 0 0 0 0 0 0 0 0 0 0 0 0 0 0 0 0 0 0 0 0 0 0 0 0 0 0 0 0 0 0 0 0 0 0 0 0 0 0 0 0 0 0 0 0 0 0 0 0 0 0 0 0 0 0 0 0 0 0 0 0 0 0 0 0 0 0 0 0 0 0 0 0 0 0 0 0 0 0 0 0 0 0 0 0 0 0 0 0 0 0 0 0 0 0 0 0 0 0 0 0 0 0 0 0 0 0 0 0 0 0 0 0 0 0 0 0 0 0 0 0 0 0 0 0 0 0 0 0 0 0 0 0 0 0 0 0 0 0 0 0 0 0 0 0 0 0 0 0 0 0 0 0 0 0 0 0 0 0 0 0 0 0 0 0 0 0 0 0 0 0 0 0 0 0 0 0 0 0 0 0 0 0 0 0 0 0 0 0 0 0 0 0 0 0 0 0 0 0 0 0 0 0 0 0 0 0 0 0 0 0 0 0 0 0 0 0 0 0 0 0 0 0 0 0 0 0 0 0 0 0 0 0 0 0 0 0 0 0 0 0 0 0 0 0 0 0 0 0 0 0 0 0 0 0 0 0 0 0 0 0 0 0 0 0 0 0 0 0 0 0 0 0 0 0 0 0 0 0 0 0 0 0 0 0 0 0 0 0 0 0 0 0 0 0 0 0 0 0 0 0 0 0 0 0 0 0 0 0 0 0 0 0 0 0 0 0 0 0 0 0 0 0 0 0 0 0 0 0 0 0 0 0 0 0 0 0 0 0 0 0 0 0 0 0 0 0 0 0 0 0 0 0 0 0 0 0 0 0 0 0 0 0 0 0 0 0 0 0 0 0 0 0 0 0 0 0 0 0 0 0 0 0 0 0 0 0 0 0 0 0 0 0 0 0 0 0 0 0 0 0 0 0 0 0 0 0 0 0 0 0 0 0 0 0 0 0 0 0 0 0 0 0 0 0 0 0 0 0 0 0 0 0 0 0 0 0 0 0 0 0 0 0 0 0 0 0 0 0 0 0 0 0 0 0 0 0 0 0 0 0 0 0 0 0 0 0 0 0 0 0 0 0 0 0 0 0 0 0 0 0 0 0 0 0 0 0 0 0 0 0 0 0 0 0 0 0 0 0 0 0 0 0 0 0 0 0 0 0 0 0 0 0 0 0 0 0 0 0 0 0 0 0 0 0 0 0 0 0 0 0 0 0 0 0 0 0 0 0 0 0 0 0 0 0 0 0 0 0 0 0 0 0 0 0 0 0 0 0 0 0 0 0 0 0 0 0 0 0 0 0 0 0 0 0 0 0 0 0 0 0 0 0 0 0 0 0 0 0 0 0 0 0 0 0 0 0 0 0 0 0 0 0 0 0 0 0 0 0 0 0 0 0 0 0 0 0 0 0 0 0 0 0 0 0 0 0 0 0 0 0 0 0 0 0 0 0 0 0 0 0 0 0 0 0 0 0 0 0 0 0 0 0 0 0 0 0 0 0 0 0 0 0 0 0 0 0 0 0 0 0 0 0 0 0 0 0 0 0 0 0 0 0 0 0 0 0 0 0 0 0 0 0 0 0 0 0 0 0 0 0 0 0 0 0 0 0 0 0 0 0 0 0 0 0 0 0 0 0 0 0 0 0 0 0 0 0 0 0 0 0 0 0 0 0 0 0 0 0 0 0 0 0 0 0 0 0 0 0 0 0 0 0 0 0 0 0 0 0 0 0 0 0 0 0 0 0 0 0 0 0 0 0 0 0 0 0 0 0 0 0 0 0 0 0 0 0 0 0 0 0 0 0 0 0 0 0 0 0 0 0 0 0 0 0 0 0 0 0 0 0 0 0 0 0 0 0 0 0 0 0 0 0 0 0 0 0 0 0 0 0 0 0 0 0 0 0 0 0 0 0 0 0 0 0 0 0 0 0 0 0 0 0 0 0 0 0 0 0 0 0 0 0 0 0 0 0 0 0 0 0 0 0 0 0 0 0 0 0 0 0 0 0 0 0 0 0 0 0 0 0 0 0 0 0 0 0 0 0 0 0 0 0 0 0 0 0 0 0 0 0 0 0 0 0 0 0 0 0 0 0 0 0 0 0 0 0 0 0 0 0 0 0 0 0 0 0 0 0 0 0 0 0 0 0 0 0 0 0 0 0 0 0 0 0 0 0 0 0 0 0 0 0 0 0 0 0 0 0 0 0 0 0 0 0 0 0 0 0 0 0 0 0 0 0 0 0 0 0 0 0 0 0 0 0 0 0 0 0 0 0 0 0 0 0 0 0 0 0 0 0 0 0 0 0 0 0 0 0 0 0 0 0 0 0 0 0 0 0 0 0 0 0 0 0 0 0 0 0 0 0 0 0 0 0 0 0 0 0 0 0 0 0 0 0 0 0 0 0 0 0 0 0 0 0 0 0 0 0 0 0 0 0 0 0 0 0 0 0 0 0 0 0 0 0 0 0 0 0 0 0 0 0 0 0 0 0 0 0 0 0 0 0 0 0 0 0 0 0 0 0 0 0 0 0 0 0 0 0 0 0 0 0 0 0 0 0 0 0 0 0 0 0 0 0 0 0 0 0 0 0 0 0 0 0 0 0 0 0 0 0 0 0 0 0 0 0 0 0 0 0 0 0 0 0 0 0 0 0 0 0 0 0 0 0 0 0 0 0 0 0 0 0 0 0 0 0 0 0 0 0 0 0 0 0 0 0 0 0 0 0 0 0 0 0 0 0 0 0 0 0 0 0 0 0 0 0 0 0 0 0 0 0 0 0 0 0 0 0 0 0 0 0 0 0 0 0 0 0 0 0 0 0 0 0 0 0 0 0 0 0 0 0 0 0 0 0 0 0 0 0 0 0 0 0 0 0 0 0 0 0 0 0 0 0 0 0 0 0 0 0 0 0 0 0 0 0 0 0 0 0 0 0 0 0 0 0 0 0 0 0 0 0 0 0 0 0 0 0 0 0 0 0 0 0 0 0 0 0 0 0 0 0 0 0 0 0 0 0 0 0 0 0 0 0 0 0 0 0 0 0 0 0 0 0 0 0 0 0 0 0 0 0 0 0 0 0 0 0 0 0 0 0 0 0 0 0 0 0 0 0 0 0 0 0 0 0 0 0 0 0 0 0 0 0 0 0 0 0 0 0 0 0 0 0 0 0 0 0 0 0 0 0 0 0 0 0 0 0 0 0 0 0 0 0 0 0 0 0 0 0 0 0 0 0 0 0 0 0 0 0 0 0 0 0 0 0 0 0 0 0 0 0 0 0 0 0 0 0 0 0 0 0 0 0 0 0 0 0 0 0 0 0 0 0 0 0 0 0 0 0 0 0 0 0 0 0 0 0 0 0 0 0 0 0 0 0 0 0 0 0 0 0 0 0 0 0 0 0 0 0 0 0 0 0 0 0 0 0 0 0 0 0 0 0 0 0 0 0 0 0 0 0 0 0 0 0 0 0 0 0 0 0 0 0 0 0 0 0 0 0 0 0 0 0 0 0 0 0 0 0 0 0 0 0 0 0 0 0 0 0 0 0 0 0 0 0 0 0 0 0 0 0 0 0 0 0 0 0 0 0 0 0 0 0 0 0 0 0 0 0 0 0 0 0 0 0 0 0 0 0 0 0 0 0 0 0 0 0 0 0 0 0 0 0 0 0 0 0 0 0 0 0 0 0 0 0 0 0 0 0 0 0 0 0 0 0 0 0 0 0 0 0 0 0 0 0 0 0 0 0 0 0 0 0 0 0 0 0 0 0 0 0 0 0 0 0 0 0 0 0 0 0 0 0 0 0 0 0 0 0 0 0 0 0 0 0 0 0 0 0 0 0 0 0 0 0 0 0 0 0 0 0 0 0 0 0 0 0 0 0 0 0 0 0 0 0 0 0 0 0 0 0 0 0 0 0 0 0 0 0 0 0 0 0 0 0 0 0 0 0 0 0 0 0 0 0 0 0 0 0 0 0 0 0 0 0 0 0 0 0 0 0 0 0 0 0 0 0 0 0 0 0 0 0 0 0 0 0 0 0 0 0 0 0 0 0 0 0 0 0 0 0 0 0 0 0 0 0 0 0 0 0 0 0 0 0 0 0 0 0 0 0 0 0 0 0 0 0 0 0 0 0 0 0 0 0 0 0 0 0 0 0 0 0 0 0 0 0 0 0 0 0 0 0 0 0 0 0 0 0 0 0 0 0 0 0 0 0 0 0 0 0 0 0 0 0 0 0 0 0 0 0 0 0 0 0 0 0 0 0 0 0 0 0 0 0 0 0 0 0 0 0 0 0 0 0 0 0 0 0 0 0 0 0 0 0 0 0 0 0 0 0 0 0 0 0 0 0 0 0 0 0 0 0 0 0 0 0 0 0 0 0 0 0 0 0 0 0 0 0 0 0 0 0 0 0 0 0 0 0 0 0 0 0 0 0 0 0 0 0 0 0 0 0 0 0 0 0 0 0 0 0 0 0 0 0 0 0 0 0 0 0 0 0 0 0 0 0 0 0 0 0 0 0 0 0 0 0 0 0 0 0 0 0 0 0 0 0 0 0 0 0 0 0 0 0 0 0 0 0 0 0 0 0 0 0 0 0 0 0 0 0 0 0 0 0 0 0 0 0 0 0 0 0 0 0 0 0 0 0 0 0 0 0 0 0 0 0 0 0 0 0 0 0 0 0 0 0 0 0 0 0 0 0 0 0 0 0 0 0 0 0 0 0 0 0 0 0 0 0 0 0 0 0 0 0 0 0 0 0 0 0 0 0 0 0 0 0 0 0 0 0 0 0 0 0 0 0 0 0 0 0 0 0 0 0 0 0 0 0 0 0 0 0 0 0 0 0 0 0 0 0 0 0 0 0 0 0 0 0 0 0 0 0 0 0 0 0 0 0 0 0 0 0 0 0 0 0 0 0 0 0 0 0 0 0 0 0 0 0 0 0 0 0 0 0 0 0 0 0 0 0 0 0 0 0 0 0 0 0 0 0 0 0 0 0 0 0 0 0 0 0 0 0 0 0 0 0 0 0 0 0 0 0 0 0 0 0 0 0 0 0 0 0 0 0 0 0 0 0 0 0 0 0 0 0 0 0 0 0 0 0 0 0 0 0 0 0 0 0 0 0 0 0 0 0 0 0 0 0 0 0 0 0 0 0 0 0 0 0 0 0 0 0 0 0 0 0 0 0 0 0 0 0 0 0 0 0 0 0 0 0 0 0 0 0 0 0 0 0 0 0 0 0 0 0 0 0 0 0 0 0 0 0 0 0 0 0 0 0 0 0 0 0 0 0 0 0 0 0 0 0 0 0 0 0 0 0 0 0 0 0 0 0 0 0 0 0 0 0 0 0 0 0 0 0 0 0 0 0 0 0 0 0 0 0 0 0 0 0 0 0 0 0 0 0 0 0 0 0 0 0 0 0 0 0 0 0 0 0 0 0 0 0 0 0 0 0 0 0 0 0 0 0 0 0 0 0 0 0 0 0 0 0 0 0 0 0 0 0 0 0 0 0 0 0 0 0 0 0 0 0 0 0 0 0 0 0 0 0 0 0 0 0 0 0 0 0 0 0 0 0 0 0 0 0 0 0 0 0 0 0 0 0 0 0 0 0 0 0 0 0 0 0 0 0 0 0 0 0 0 0 0 0 0 0 0 0 0 0 0 0 0 0 0 0 0 0 0 0 0 0 0 0 0 0 0 0 0 0 0 0 0 0 0 0 0 0 0 0 0 0 0 0 0 0 0 0 0 0 0 0 0 0 0 0 0 0 0 0 0 0 0 0 0 0 0 0 0 0 0 0 0 0 0 0 0 0 0 0 0 0 0 0 0 0 0 0 0 0 0 0 0 0 0 0 0 0 0 0 0 0 0 0 0 0 0 0 0 0 0 0 0 0 0 0 0 0 0 0 0 0 0 0 0 0 0 0 0 0 0 0 0 0 0 0 0 0 0 0 0 0 0 0 0 0 0 0 0 0 0 0 0 0 0 0 0 0 0 0 0 0 0 0 0 0 0 0 0 0 0 0 0 0 0 0 0 0 0 0 0 0 0 0 0 0 0 0 0 0 0 0 0 0 0 0 0 0 0 0 0 0 0 0 0 0 0 0 0 0 0 0 0 0 0 0 0 0 0 0 0 0 0 0 0 0 0 0 0 0 0 0 0 0 0 0 0 0 0 0 0 0 0 0 0 0 0 0 0 0 0 0 0 0 0 0 0 0 0 0 0 0 0 0 0 0 0 0 0 0 0 0 0 0 0 0 0 0 0 0 0 0 0 0 0 0 0 0 0 0 0 0 0 0 0 0 0 0 0 0 0 0 0 0 0 0 0 0 0 0 0 0 0 0 0 0 0 0 0 0 0 0 0 0 0 0 0 0 0 0 0 0 0 0 0 0 0 0 0 0 0 0 0 0 0 0 0 0 0 0 0 0 0 0 0 0 0 0 0 0 0 0 0 0 0 0 0 0 0 0 0 0 0 0 0 0 0 0 0 0 0 0 0 0 0 0 0 0 0 0 0 0 0 0 0 0 0 0 0 0 0 0 0 0 0 0 0 0 0 0 0 0 0 0 0 0 0 0 0 0 0 0 0 0 0 0 0 0 0 0 0 0 0 0 0 0 0 0 0 0 0 0 0 0 0 0 0 0 0 0 0 0 0 0 0 0 0 0 0 0 0 0 0 0 0 0 0 0 0 0 0 0 0 0 0 0 0 0 0 0 0 0 0 0 0 0 0 0 0 0 0 0 0 0 0 0 0 0 0 0 0 0 0 0 0 0 0 0 0 0 0 0 0 0 0 0 0 0 0 0 0 0 0 0 0 0 0 0 0 0 0 0 0 0 0 0 0 0 0 0 0 0 0 0 0 0 0 0 0 0 0 0 0 0 0 0 0 0 0 0 0 0 0 0 0 0 0 0 0 0 0 0 0 0 0 0 0 0 0 0 0 0 0 0 0 0 0 0 0 0 0 0 0 0 0 0 0 0 0 0 0 0 0 0 0 0 0 0 0 0 0 0 0 0 0 0 0 0 0 0 0 0 0 0 0 0 0 0 0 0 0 0 0 0 0 0 0 0 0 0 0 0 0 0 0 0 0 0 0 0 0 0 0 0 0 0 0 0 0 0 0 0 0 0 0 0 0 0 0 0 0 0 0 0 0 0 0 0 0 0 0 0 0 0 0 0 0 0 0 0 0 0 0 0 0 0 0 0 0 0 0 0 0 0 0 0 0 0 0 0 0 0 0 0 0 0 0 0 0 0 0 0 0 0 0 0 0 0 0 0 0 0 0 0 0 0 0 0 0 0 0 0 0 0 0 0 0 0 0 0 0 0 0 0 0 0 0 0 0 0 0 0 0 0 0 0 0 0 0 0 0 0 0 0 0 0 0 0 0 0 0 0 0 0 0 0 0 0 0 0 0 0 0 0 0 0 0 0 0 0 0 0 0 0 0 0 0 0 0 0 0 0 0 0 0 0 0 0 0 0 0 0 0 0 0 0 0 0 0 0 0 0 0 0 0 0 0 0 0 0 0 0 0 0 0 0 0 0 0 0 0 0 0 0 0 0 0 0 0 0 0 0 0 0 0 0 0 0 0 0 0 0 0 0 0 0 0 0 0 0 0 0 0 0 0 0 0 0 0 0 0 0 0 0 0 0 0 0 0 0 0 0 0 0 0 0 0 0 0 0 0 0 0 0 0 0 0 0 0 0 0 0 0 0 0 0 0 0 0 0 0 0 0 0 0 0 0 0 0 0 0 0 0 0 0 0 0 0 0 0 0 0 0 0 0 0 0 0 0 0 0 0 0 0 0 0 0 0 0 0 0 0 0 0 0 0 0 0 0 0 0 0 0 0 0 0 0 0 0 0 0 0 0 0 0 0 0 0 0 0 0 0 0 0 0 0 0 0 0 0 0 0 0 0 0 0 0 0 0 0 0 0 0 0 0 0 0 0 0 0 0 0 0 0 0 0 0 0 0 0 0 0 0 0 0 0 0 0 0 0 0 0 0 0 0 0 0 0 0 0 0 0 0 0 0 0 0 0 0 0 0 0 0 0 0 0 0 0 0 0 0 0 0 0 0 0 0 0 0 0 0 0 0 0 0 0 0 0 0 0 0 0 0 0 0 0 0 0 0 0 0 0 0 0 0 0 0 0 0 0 0 0 0 0 0 0 0 0 0 0 0 0 0 0 0 0 0 0 0 0 0 0 0 0 0 0 0 0 0 0 0 0 0 0 0 0 0 0 0 0 0 0 0 0 0 0 0 0 0 0 0 0 0 0 0 0 0 0 0 0 0 0 0 0 0 0 0 0 0 0 0 0 0 0 0 0 0 0 0 0 0 0 0 0 0 0 0 0 0 0 0 0 0 0 0 0 0 0 0 0 0 0 0 0 0 0 0 0 0 0 0 0 0 0 0 0 0 0 0 0 0 0 0 0 0 0 0 0 0 0 0 0 0 0 0 0 0 0 0 0 0 0 0 0 0 0 0 0 0 0 0 0 0 0 0 0 0 0 0 0 0 0 0 0 0 0 0 0 0 0 0 0 0 0 0 0 0 0 0 0 0 0 0 0 0 0 0 0 0 0 0 0 0 0 0 0 0 0 0 0 0 0 0 0 0 0 0 0 0 0 0 0 0 0 0 0 0 0 0 0 0 0 0 0 0 0 0 0 0 0 0 0 0 0 0 0 0 0 0 0 0 0 0 0 0 0 0 0 0 0 0 0 0 0 0 0 0 0 0 0 0 0 0 0 0 0 0 0 0 0 0 0 0 0 0 0 0 0 0 0 0 0 0 0 0 0 0 0 0 0 0 0 0 0 0 0 0 0 0 0 0 0 0 0 0 0 0 0 0 0 0 0 0 0 0 0 0 0 0 0 0 0 0 0 0 0 0 0 0 0 0 0 0 0 0 0 0 0 0 0 0 0 0 0 0 0 0 0 0 0 0 0 0 0 0 0 0 0 0 0 0 0 0 0 0 0 0 0 0 0 0 0 0 0 0 0 0 0 0 0 0 0 0 0 0 0 0 0 0 0 0 0 0 0 0 0 0 0 0 0 0 0 0 0 0 0 0 0 0 0 0 0 0 0 0 0 0 0 0 0 0 0 0 0 0 0 0 0 0 0 0 0 0 0 0 0 0 0 0 0 0 0 0 0 0 0 0 0 0 0 0 0 0 0 0 0 0 0 0 0 0 0 0 0 0 0 0 0 0 0 0 0 0 0 0 0 0 0 0 0 0 0 0 0 0 0 0 0 0 0 0 0 0 0 0 0 0 0 0 0 0 0 0 0 0 0 0 0 0 0 0 0 0 0 0 0 0 0 0 0 0 0 0 0 0 0 0 0 0 0 0 0 0 0 0 0 0 0 0 0 0 0 0 0 0 0 0 0 0 0 0 0 0 0 0 0 0 0 0 0 0 0 0 0 0 0 0 0 0 0 0 0 0 0 0 0 0 0 0 0 0 0 0 0 0 0 0 0 0 0 0 0 0 0 0 0 0 0 0 0 0 0 0 0 0 0 0 0 0 0 0 0 0 0 0 0 0 0 0 0 0 0 0 0 0 0 0 0 0 0 0 0 0 0 0 0 0 0 0 0 0 0 0 0 0 0 0 0 0 0 0 0 0 0 0 0 0 0 0 0 0 0 0 0 0 0 0 0 0 0 0 0 0 0 0 0 0 0 0 0 0 0 0 0 0 0 0 0 0 0 0 0 0 0 0 0 0 0 0 0 0 0 0 0 0 0 0 0 0 0 0 0 0 0 0 0 0 0 0 0 0 0 0 0 0 0 0 0 0 0 0 0 0 0 0 0 0 0 0 0 0 0 0 0 0 0 0 0 0 0 0 0 0 0 0 0 0 0 0 0 0 0 0 0 0 0 0 0 0 0 0 0 0 0 0 0 0 0 0 0 0 0 0 0 0 0 0 0 0 0 0 0 0 0 0 0 0 0 0 0 0 0 0 0 0 0 0 0 0 0 0 0 0 0 0 0 0 0 0 0 0 0 0 0 0 0 0 0 0 0 0 0 0 0 0 0 0 0 0 0 0 0 0 0 0 0 0 0 0 0 0 0 0 0 0 0 0 0 0 0 0 0 0 0 0 0 0 0 0 0 0 0 0 0 0 0 0 0 0 0 0 0 0 0 0 0 0 0 0 0 0 0 0 0 0 0 0 0 0 0 0 0 0 0 0 0 0 0 0 0 0 0 0 0 0 0 0 0 0 0 0 0 0 0 0 0 0 0 0 0 0 0 0 0 0 0 0 0 0 0 0 0 0 0 0 0 0 0 0 0 0 0 0 0 0 0 0 0 0 0 0 0 0 0 0 0 0 0 0 0 0 0 0 0 0 0 0 0 0 0 0 0 0 0 0 0 0 0 0 0 0 0 0 0 0 0 0 0 0 0 0 0 0 0 0 0 0 0 0 0 0 0 0 0 0 0 0 0 0 0 0 0 0 0 0 0 0 0 0 0 0 0 0 0 0 0 0 0 0 0 0 0 0 0 0 0 0 0 0 0 0 0 0 0 0 0 0 0 0 0 0 0 0 0 0 0 0 0 0 0 0 0 0 0 0 0 0 0 0 0 0 0 0 0 0 0 0 0 0 0 0 0 0 0 0 0 0 0 0 0 0 0 0 0 0 0 0 0 0 0 0 0 0 0 0 0 0 0 0 0 0 0 0 0 0 0 0 0 0 0 0 0 0 0 0 0 0 0 0 0 0 0 0 0 0 0 0 0 0 0 0 0 0 0 0 0 0 0 0 0 0 0 0 0 0 0 0 0 0 0 0 0 0 0 0 0 0 0 0 0 0 0 0 0 0 0 0 0 0 0 0 0 0 0 0 0 0 0 0 0 0 0 0 0 0 0 0 0 0 0 0 0 0 0 0 0 0 0 0 0 0 0 0 0 0 0 0 0 0 0 0 0 0 0 0 0 0 0 0 0 0 0 0 0 0 0 0 0 0 0 0 0 0 0 0 0 0 0 0 0 0 0 0 0 0 0 0 0 0 0 0 0 0 0 0 0 0 0 0 0 0 0 0 0 0 0 0 0 0 0 0 0 0 0 0 0 0 0 0 0 0 0 0 0 0 0 0 0 0 0 0 0 0 0 0 0 0 0 0 0 0 0 0 0 0 0 0 0 0 0 0 0 0 0 0 0 0 0 0 0 0 0 0 0 0 0 0 0 0 0 0 0 0 0 0 0 0 0 0 0 0 0 0 0 0 0 0 0 0 0 0 0 0 0 0 0 0 0 0 0 0 0 0 0 0 0 0 0 0 0 0 0 0 0 0 0 0 0 0 0 0 0 0 0 0 0 0 0 0 0 0 0 0 0 0 0 0 0 0 0 0 0 0 0 0 0 0 0 0 0 0 0 0 0 0 0 0 0 0 0 0 0 0 0 0 0 0 0 0 0 0 0 0 0 0 0 0 0 0 0 0 0 0 0 0 0 0 0 0 0 0 0 0 0 0 0 0 0 0 0 0 0 0 0 0 0 0 0 0 0 0 0 0 0 0 0 0 0 0 0 0 0 0 0 0 0 0 0 0 0 0 0 0 0 0 0 0 0 0 0 0 0 0 0 0 0 0 0 0 0 0 0 0 0 0 0 0 0 0 0 0 0 0 0 0 0 0 0 0 0 0 0 0 0 0 0 0 0 0 0 0 0 0 0 0 0 0 0 0 0 0 0 0 0 0 0 0 0 0 0 0 0 0 0 0 0 0 0 0 0 0 0 0 0 0 0 0 0 0 0 0 0 0 0 0 0 0 0 0 0 0 0 0 0 0 0 0 0 0 0 0 0 0 0 0 0 0 0 0 0 0 0 0 0 0 0 0 0 0 0 0 0 0 0 0 0 0 0 0 0 0 0 0 0 0 0 0 0 0 0 0 0 0 0 0 0 0 0 0 0 0 0 0 0 0 0 0 0 0 0 0 0 0 0 0 0 0 0 0 0 0 0 0 0 0 0 0 0 0 0 0 0 0 0 0 0 0 0 0 0 0 0 0 0 0 0 0 0 0 0 0 0 0 0 0 0 0 0 0 0 0 0 0 0 0 0 0 0 0 0 0 0 0 0 0 0 0 0 0 0 0 0 0 0 0 0 0 0 0 0 0 0 0 0 0 0 0 0 0 0 0 0 0 0 0 0 0 0 0 0 0 0 0 0 0 0 0 0 0 0 0 0 0 0 0 0 0 0 0 0 0 0 0 0 0 0 0 0 0 0 0 0 0 0 0 0 0 0 0 0 0 0 0 0 0 0 0 0 0 0 0 0 0 0 0 0 0 0 0 0 0 0 0 0 0 0 0 0 0 0 0 0 0 0 0 0 0 0 0 0 0 0 0 0 0 0 0 0 0 0 0 0 0 0 0 0 0 0 0 0 0 0 0 0 0 0 0 0 0 0 0 0 0 0 0 0 0 0 0 0 0 0 0 0 0 0 0 0 0 0 0 0 0 0 0 0 0 0 0 0 0 0 0 0 0 0 0 0 0 0 0 0 0 0 0 0 0 0 0 0 0 0 0 0 0 0 0 0 0 0 0 0 0 0 0 0 0 0 0 0 0 0 0 0 0 0 0 0 0 0 0 0 0 0 0 0 0 0 0 0 0 0 0 0 0 0 0 0 0 0 0 0 0 0 0 0 0 0 0 0 0 0 0 0 0 0 0 0 0 0 0 0 0 0 0 0 0 0 0 0 0 0 0 0 0 0 0 0 0 0 0 0 0 0 0 0 0 0 0 0 0 0 0 0 0 0 0 0 0 0 0 0 0 0 0 0 0 0 0 0 0 0 0 0 0 0 0 0 0 0 0 0 0 0 0 0 0 0 0 0 0 0 0 0 0 0 0 0 0 0 0 0 0 0 0 0 0 0 0 0 0 0 0 0 0 0 0 0 0 0 0 0 0 0 0 0 0 0 0 0 0 0 0 0 0 0 0 0 0 0 0 0 0 0 0 0 0 0 0 0 0 0 0 0 0 0 0 0 0 0 0 0 0 0 0 0 0 0 0 0 0 0 0 0 0 0 0 0 0 0 0 0 0 0 0 0 0 0 0 0 0 0 0 0 0 0 0 0 0 0 0 0 0 0 0 0 0 0 0 0 0 0 0 0 0 0 0 0 0 0 0 0 0 0 0 0 0 0 0 0 0 0 0 0 0 0 0 0 0 0 0 0 0 0 0 0 0 0 0 0 0 0 0 0 0 0 0 0 0 0 0 0 0 0 0 0 0 0 0 0 0 0 0 0 0 0 0 0 0 0 0 0 0 0 0 0 0 0 0 0 0 0 0 0 0 0 0 0 0 0 0 0 0 0 0 0 0 0 0 0 0 0 0 0 0 0 0 0 0 0 0 0 0 0 0 0 0 0 0 0 0 0 0 0 0 0 0 0 0 0 0 0 0 0 0 0 0 0 0 0 0 0 0 0 0 0 0 0 0 0 0 0 0 0 0 0 0 0 0 0 0 0 0 0 0 0 0 0 0 0 0 0 0 0 0 0 0 0 0 0 0 0 0 0 0 0 0 0 0 0 0 0 0 0 0 0 0 0 0 0 0 0 0 0 0 0 0 0 0 0 0 0 0 0 0 0 0 0 0 0 0 0 0 0 0 0 0 0 0 0 0 0 0 0 0 0 0 0 0 0 0 0 0 0 0 0 0 0 0 0 0 0 0 0 0 0 0 0 0 0 0 0 0 0 0 0 0 0 0 0 0 0 0 0 0 0 0 0 0 0 0 0 0 0 0 0 0 0 0 0 0 0 0 0 0 0 0 0 0 0 0 0 0 0 0 0 0 0 0 0 0 0 0 0 0 0 0 0 0 0 0 0 0 0 0 0 0 0 0 0 0 0 0 0 0 0 0 0 0 0 0 0 0 0 0 0 0 0 0 0 0 0 0 0 0 0 0 0 0 0 0 0 0 0 0 0 0 0 0 0 0 0 0 0 0 0 0 0 0 0 0 0 0 0 0 0 0 0 0 0 0 0 0 0 0 0 0 0 0 0 0 0 0 0 0 0 0 0 0 0 0 0 0 0 0 0 0 0 0 0 0 0 0 0 0 0 0 0 0 0 0 0 0 0 0 0 0 0 0 0 0 0 0 0 0 0 0 0 0 0 0 0 0 0 0 0 0 0 0 0 0 0 0 0 0 0 0 0 0 0 0 0 0 0 0 0 0 0 0 0 0 0 0 0 0 0 0 0 0 0 0 0 0 0 0 0 0 0 0 0 0 0 0 0 0 0 0 0 0 0 0 0 0 0 0 0 0 0 0 0 0 0 0 0 0 0 0 0 0 0 0 0 0 0 0 0 0 0 0 0 0 0 0 0 0 0 0 0 0 0 0 0 0 0 0 0 0 0 0 0 0 0 0 0 0 0 0 0 0 0 0 0 0 0 0 0 0 0 0 0 0 0 0 0 0 0 0 0 0 0 0 0 0 0 0 0 0 0 0 0 0 0 0 0 0 0 0 0 0 0 0 0 0 0 0 0 0 0 0 0 0 0 0 0 0 0 0 0 0 0 0 0 0 0 0 0 0 0 0 0 0 0 0 0 0 0 0 0 0 0 0 0 0 0 0 0 0 0 0 0 0 0 0 0 0 0 0 0 0 0 0 0 0 0 0 0 0 0 0 0 0 0 0 0 0 0 0 0 0 0 0 0 0 0 0 0 0 0 0 0 0 0 0 0 0 0 0 0 0 0 0 0 0 0 0 0 0 0 0 0 0 0 0 0 0 0 0 0 0 0 0 0 0 0 0 0 0 0 0 0 0 0 0 0 0 0 0 0 0 0 0 0 0 0 0 0 0 0 0 0 0 0 0 0 0 0 0 0 0 0 0 0 0 0 0 0 0 0 0 0 0 0 0 0 0 0 0 0 0 0 0 0 0 0 0 0 0 0 0 0 0 0 0 0 0 0 0 0 0 0 0 0 0 0 0 0 0 0 0 0 0 0 0 0 0 0 0 0 0 0 0 0 0 0 0 0 0 0 0 0 0 0 0 0 0 0 0 0 0 0 0 0 0 0 0 0 0 0 0 0 0 0 0 0 0 0 0 0 0 0 0 0 0 0 0 0 0 0 0 0 0 0 0 0 0 0 0 0 0 0 0 0 0 0 0 0 0 0 0 0 0 0 0 0 0 0 0 0 0 0 0 0 0 0 0 0 0 0 0 0 0 0 0 0 0 0 0 0 0 0 0 0 0 0 0 0 0 0 0 0 0 0 0 0 0 0 0 0 0 0 0 0 0 0 0 0 0 0 0 0 0 0 0 0 0 0 0 0 0 0 0 0 0 0 0 0 0 0 0 0 0 0 0 0 0 0 0 0 0 0 0 0 0 0 0 0 0 0 0 0 0 0 0 0 0 0 0 0 0 0 0 0 0 0 0 0 0 0 0 0 0 0 0 0 0 0 0 0 0 0 0 0 0 0 0 0 0 0 0 0 0 0 0 0 0 0 0 0 0 0 0 0 0 0 0 0 0 0 0 0 0 0 0 0 0 0 0 0 0 0 0 0 0 0 0 0 0 0 0 0 0 0 0 0 0 0 0 0 0 0 0 0 0 0 0 0 0 0 0 0 0 0 0 0 0 0 0 0 0 0 0 0 0 0 0 0 0 0 0 0 0 0 0 0 0 0 0 0 0 0 0 0 0 0 0 0 0 0 0 0 0 0 0 0 0 0 0 0 0 0 0 0 0 0 0 0 0 0 0 0 0 0 0 0 0 0 0 0 0 0 0 0 0 0 0 0 0 0 0 0 0 0 0 0 0 0 0 0 0 0 0 0 0 0 0 0 0 0 0 0 0 0 0 0 0 0 0 0 0 0 0 0 0 0 0 0 0 0 0 0 0 0 0 0 0 0 0 0 0 0 0 0 0 0 0 0 0 0 0 0 0 0 0 0 0 0 0 0 0 0 0 0 0 0 0 0 0 0 0 0 0 0 0 0 0 0 0 0 0 0 0 0 0 0 0 0 0 0 0 0 0 0 0 0 0 0 0 0 0 0 0 0 0 0 0 0 0 0 0 0 0 0 0 0 0 0 0 0 0 0 0 0 0 0 0 0 0 0 0 0 0 0 0 0 0 0 0 0 0 0 0 0 0 0 0 0 0 0 0 0 0 0 0 0 0 0 0 0 0 0 0 0 0 0 0 0 0 0 0 0 0 0 0 0 0 0 0 0 0 0 0 0 0 0 0 0 0 0 0 0 0 0 0 0 0 0 0 0 0 0 0 0 0 0 0 0 0 0 0 0 0 0 0 0 0 0 0 0 0 0 0 0 0 0 0 0 0 0 0 0 0 0 0 0 0 0 0 0 0 0 0 0 0 0 0 0 0 0 0 0 0 0 0 0 0 0 0 0 0 0 0 0 0 0 0 0 0 0 0 0 0 0 0 0 0 0 0 0 0 0 0 0 0 0 0 0 0 0 0 0 0 0 0 0 0 0 0 0 0 0 0 0 0 0 0 0 0 0 0 0 0 0 0 0 0 0 0 0 0 0 0 0 0 0 0 0 0 0 0 0 0 0 0 0 0 0 0 0 0 0 0 0 0 0 0 0 0 0 0 0 0 0 0 0 0 0 0 0 0 0 0 0 0 0 0 0 0 0 0 0 0 0 0 0 0 0 0 0 0 0 0 0 0 0 0 0 0 0 0 0 0 0 0 0 0 0 0 0 0 0 0 0 0 0 0 0 0 0 0 0 0 0 0 0 0 0 0 0 0 0 0 0 0 0 0 0 0 0 0 0 0 0 0 0 0 0 0 0 0 0 0 0 0 0 0 0 0 0 0 0 0 0 0 0 0 0 0 0 0 0 0 0 0 0 0 0 0 0 0 0 0 0 0 0 0 0 0 0 0 0 0 0 0 0 0 0 0 0 0 0 0 0 0 0 0 0 0 0 0 0 0 0 0 0 0 0 0 0 0 0 0 0 0 0 0 0 0 0 0 0 0 0 0 0 0 0 0 0 0 0 0 0 0 0 0 0 0 0 0 0 0 0 0 0 0 0 0 0 0 0 0 0 0 0 0 0 0 0 0 0 0 0 0 0 0 0 0 0 0 0 0 0 0 0 0 0 0 0 0 0 0 0 0 0 0 0 0 0 0 0 0 0 0 0 0 0 0 0 0 0 0 0 0 0 0 0 0 0 0 0 0 0 0 0 0 0 0 0 0 0 0 0 0 0 0 0 0 0 0 0 0 0 0 0 0 0 0 0 0 0 0 0 0 0 0 0 0 0 0 0 0 0 0 0 0 0 0 0 0 0 0 0 0 0 0 0 0 0 0 0 0 0 0 0 0 0 0 0 0 0 0 0 0 0 0 0 0 0 0 0 0 0 0 0 0 0 0 0 0 0 0 0 0 0 0 0 0 0 0 0 0 0 0 0 0 0 0 0 0 0 0 0 0 0 0 0 0 0 0 0 0 0 0 0 0 0 0 0 0 0 0 0 0 0 0 0 0 0 0 0 0 0 0 0 0 0 0 0 0 0 0 0 0 0 0 0 0 0 0 0 0 0 0 0 0 0 0 0 0 0 0 0 0 0 0 0 0 0 0 0 0 0 0 0 0 0 0 0 0 0 0 0 0 0 0 0 0 0 0 0 0 0 0 0 0 0 0 0 0 0 0 0 0 0 0 0 0 0 0 0 0 0 0 0 0 0 0 0 0 0 0 0 0 0 0 0 0 0 0 0 0 0 0 0 0 0 0 0 0 0 0 0 0 0 0 0 0 0 0 0 0 0 0 0 0 0 0 0 0 0 0 0 0 0 0 0 0 0 0 0 0 0 0 0 0 0 0 0 0 0 0 0 0 0 0 0 0 0 0 0 0 0 0 0 0 0 0 0 0 0 0 0 0 0 0 0 0 0 0 0 0 0 0 0 0 0 0 0 0 0 0 0 0 0 0 0 0 0 0 0 0 0 0 0 0 0 0 0 0 0 0 0 0 0 0 0 0 0 0 0 0 0 0 0 0 0 0 0 0 0 0 0 0 0 0 0 0 0 0 0 0 0 0 0 0 0 0 0 0 0 0 0 0 0 0 0 0 0 0 0 0 0 0 0 0 0 0 0 0 0 0 0 0 0 0 0 0 0 0 0 0 0 0 0 0 0 0 0 0 0 0 0 0 0 0 0 0 0 0 0 0 0 0 0 0 0 0 0 0 0 0 0 0 0 0 0 0 0 0 0 0 0 0 0 0 0 0 0 0 0 0 0 0 0 0 0 0 0 0 0 0 0 0 0 0 0 0 0 0 0 0 0 0 0 0 0 0 0 0 0 0 0 0 0 0 0 0 0 0 0 0 0 0 0 0 0 0 0 0 0 0 0 0 0 0 0 0 0 0 0 0 0 0 0 0 0 0 0 0 0 0 0 0 0 0 0 0 0 0 0 0 0 0 0 0 0 0 0 0 0 0 0 0 0 0 0 0 0 0 0 0 0 0 0 0 0 0 0 0 0 0 0 0 0 0 0 0 0 0 0 0 0 0 0 0 0 0 0 0 0 0 0 0 0 0 0 0 0 0 0 0 0 0 0 0 0 0 0 0 0 0 0 0 0 0 0 0 0 0 0 0 0 0 0 0 0 0 0 0 0 0 0 0 0 0 0 0 0 0 0 0 0 0 0 0 0 0 0 0 0 0 0 0 0 0 0 0 0 0 0 0 0 0 0 0 0 0 0 0 0 0 0 0 0 0 0 0 0 0 0 0 0 0 0 0 0 0 0 0 0 0 0 0 0 0 0 0 0 0 0 0 0 0 0 0 0 0 0 0 0 0 0 0 0 0 0 0 0 0 0 0 0 0 0 0 0 0 0 0 0 0 0 0 0 0 0 0 0 0 0 0 0 0 0 0 0 0 0 0 0 0 0 0 0 0 0 0 0 0 0 0 0 0 0 0 0 0 0 0 0 0 0 0 0 0 0 0 0 0 0 0 0 0 0 0 0 0 0 0 0 0 0 0 0 0 0 0 0 0 0 0 0 0 0 0 0 0 0 0 0 0 0 0 0 0 0 0 0 0 0 0 0 0 0 0 0 0 0 0 0 0 0 0 0 0 0 0 0 0 0 0 0 0 0 0 0 0 0 0 0 0 0 0 0 0 0 0 0 0 0 0 0 0 0 0 0 0 0 0 0 0 0 0 0 0 0 0 0 0 0 0 0 0 0 0 0 0 0 0 0 0 0 0 0 0 0 0 0 0 0 0 0 0 0 0 0 0 0 0 0 0 0 0 0 0 0 0 0 0 0 0 0 0 0 0 0 0 0 0 0 0 0 0 0 0 0 0 0 0 0 0 0 0 0 0 0 0 0 0 0 0 0 0 0 0 0 0 0 0 0 0 0 0 0 0 0 0 0 0 0 0 0 0 0 0 0 0 0 0 0 0 0 0 0 0 0 0 0 0 0 0 0 0 0 0 0 0 0 0 0 0 0 0 0 0 0 0 0 0 0 0 0 0 0 0 0 0 0 0 0 0 0 0 0 0 0 0 0 0 0 0 0 0 0 0 0 0 0 0 0 0 0 0 0 0 0 0 0 0 0 0 0 0 0 0 0 0 0 0 0 0 0 0 0 0 0 0 0 0 0 0 0 0 0 0 0 0 0 0 0 0 0 0 0 0 0 0 0 0 0 0 0 0 0 0 0 0 0 0 0 0 0 0 0 0 0 0 0 0 0 0 0 0 0 0 0 0 0 0 0 0 0 0 0 0 0 0 0 0 0 0 0 0 0 0 0 0 0 0 0 0 0 0 0 0 0 0 0 0 0 0 0 0 0 0 0 0 0 0 0 0 0 0 0 0 0 0 0 0 0 0 0 0 0 0 0 0 0 0 0 0 0 0 0 0 0 0 0 0 0 0 0 0 0 0 0 0 0 0 0 0 0 0 0 0 0 0 0 0 0 0 0 0 0 0 0 0 0 0 0 0 0 0 0 0 0 0 0 0 0 0 0 0 0 0 0 0 0 0 0 0 0 0 0 0 0 0 0 0 0 0 0 0 0 0 0 0 0 0 0 0 0 0 0 0 0 0 0 0 0 0 0 0 0 0 0 0 0 0 0 0 0 0 0 0 0 0 0 0 0 0 0 0 0 0 0 0 0 0 0 0 0 0 0 0 0 0 0 0 0 0 0 0 0 0 0 0 0 0 0 0 0 0 0 0 0 0 0 0 0 0 0 0 0 0 0 0 0 0 0 0 0 0 0 0 0 0 0 0 0 0 0 0 0 0 0 0 0 0 0 0 0 0 0 0 0 0 0 0 0 0 0 0 0 0 0 0 0 0 0 0 0 0 0 0 0 0 0 0 0 0 0 0 0 0 0 0 0 0 0 0 0 0 0 0 0 0 0 0 0 0 0 0 0 0 0 0 0 0 0 0 0 0 0 0 0 0 0 0 0 0 0 0 0 0 0 0 0 0 0 0 0 0 0 0 0 0 0 0 0 0 0 0 0 0 0 0 0 0 0 0 0 0 0 0 0 0 0 0 0 0 0 0 0 0 0 0 0 0 0 0 0 0 0 0 0 0 0 0 0 0 0 0 0 0 0 0 0 0 0 0 0 0 0 0 0 0 0 0 0 0 0 0 0 0 0 0 0 0 0 0 0 0 0 0 0 0 0 0 0 0 0 0 0 0 0 0 0 0 0 0 0 0 0 0 0 0 0 0 0 0 0 0 0 0 0 0 0 0 0 0 0 0 0 0 0 0 0 0 0 0 0 0 0 0 0 0 0 0 0 0 0 0 0 0 0 0 0 0 0 0 0 0 0 0 0 0 0 0 0 0 0 0 0 0 0 0 0 0 0 0 0 0 0 0 0 0 0 0 0 0 0 0 0 0 0 0 0 0 0 0 0 0 0 0 0 0 0 0 0 0 0 0 0 0 0 0 0 0 0 0 0 0 0 0 0 0 0 0 0 0 0 0 0 0 0 0 0 0 0 0 0 0 0 0 0 0 0 0 0 0 0 0 0 0 0 0 0 0 0 0 0 0 0 0 0 0 0 0 0 0 0 0 0 0 0 0 0 0 0 0 0 0 0 0 0 0 0 0 0 0 0 0 0 0 0 0 0 0 0 0 0 0 0 0 0 0 0 0 0 0 0 0 0 0 0 0 0 0 0 0 0 0 0 0 0 0 0 0 0 0 0 0 0 0 0 0 0 0 0 0 0 0 0 0 0 0 0 0 0 0 0 0 0 0 0 0 0 0 0 0 0 0 0 0 0 0 0 0 0 0 0 0 0 0 0 0 0 0 0 0 0 0 0 0 0 0 0 0 0 0 0 0 0 0 0 0 0 0 0 0 0 0 0 0 0 0 0 0 0 0 0 0 0 0 0 0 0 0 0 0 0 0 0 0 0 0 0 0 0 0 0 0 0 0 0 0 0 0 0 0 0 0 0 0 0 0 0 0 0 0 0 0 0 0 0 0 0 0 0 0 0 0 0 0 0 0 0 0 0 0 0 0 0 0 0 0 0 0 0 0 0 0 0 0 0 0 0 0 0 0 0 0 0 0 0 0 0 0 0 0 0 0 0 0 0 0 0 0 0 0 0 0 0 0 0 0 0 0 0 0 0 0 0 0 0 0 0 0 0 0 0 0 0 0 0 0 0 0 0 0 0 0 0 0 0 0 0 0 0 0 0 0 0 0 0 0 0 0 0 0 0 0 0 0 0 0 0 0 0 0 0 0 0 0 0 0 0 0 0 0 0 0 0 0 0 0 0 0 0 0 0 0 0 0 0 0 0 0 0 0 0 0 0 0 0 0 0 0 0 0 0 0 0 0 0 0 0 0 0 0 0 0 0 0 0 0 0 0 0 0 0 0 0 0 0 0 0 0 0 0 0 0 0 0 0 0 0 0 0 0 0 0 0 0 0 0 0 0 0 0 0 0 0 0 0 0 0 0 0 0 0 0 0 0 0 0 0 0 0 0 0 0 0 0 0 0 0 0 0 0 0 0 0 0 0 0 0 0 0 0 0 0 0 0 0 0 0 0 0 0 0 0 0 0 0 0 0 0 0 0 0 0 0 0 0 0 0 0 0 0 0 0 0 0 0 0 0 0 0 0 0 0 0 0 0 0 0 0 0 0 0 0 0 0 0 0 0 0 0 0 0 0 0 0 0 0 0 0 0 0 0 0 0 0 0 0 0 0 0 0 0 0 0 0 0 0 0 0 0 0 0 0 0 0 0 0 0 0 0 0 0 0 0 0 0 0 0 0 0 0 0 0 0 0 0 0 0 0 0 0 0 0 0 0 0 0 0 0 0 0 0 0 0 0 0 0 0 0 0 0 0 0 0 0 0 0 0 0 0 0 0 0 0 0 0 0 0 0 0 0 0 0 0 0 0 0 0 0 0 0 0 0 0 0 0 0 0 0 0 0 0 0 0 0 0 0 0 0 0 0 0 0 0 0 0 0 0 0 0 0 0 0 0 0 0 0 0 0 0 0 0 0 0 0 0 0 0 0 0 0 0 0 0 0 0 0 0 0 0 0 0 0 0 0 0 0 0 0 0 0 0 0 0 0 0 0 0 0 0 0 0 0 0 0 0 0 0 0 0 0 0 0 0 0 0 0 0 0 0 0 0 0 0 0 0 0 0 0 0 0 0 0 0 0 0 0 0 0 0 0 0 0 0 0 0 0 0 0 0 0 0 0 0 0 0 0 0 0 0 0 0 0 0 0 0 0 0 0 0 0 0 0 0 0 0 0 0 0 0 0 0 0 0 0 0 0 0 0 0 0 0 0 0 0 0 0 0 0 0 0 0 0 0 0 0 0 0 0 0 0 0 0 0 0 0 0 0 0 0 0 0 0 0 0 0 0 0 0 0 0 0 0 0 0 0 0 0 0 0 0 0 0 0 0 0 0 0 0 0 0 0 0 0 0 0 0 0 0 0 0 0 0 0 0 0 0 0 0 0 0 0 0 0 0 0 0 0 0 0 0 0 0 0 0 0 0 0 0 0 0 0 0 0 0 0 0 0 0 0 0 0 0 0 0 0 0 0 0 0 0 0 0 0 0 0 0 0 0 0 0 0 0 0 0 0 0 0 0 0 0 0 0 0 0 0 0 0 0 0 0 0 0 0 0 0 0 0 0 0 0 0 0 0 0 0 0 0 0 0 0 0 0 0 0 0 0 0 0 0 0 0 0 0 0 0 0 0 0 0 0 0 0 0 0 0 0 0 0 0 0 0 0 0 0 0 0 0 0 0 0 0 0 0 0 0 0 0 0 0 0 0 0 0 0 0 0 0 0 0 0 0 0 0 0 0 0 0 0 0 0 0 0 0 0 0 0 0 0 0 0 0 0 0 0 0 0 0 0 0 0 0 0 0 0 0 0 0 0 0 0 0 0 0 0 0 0 0 0 0 0 0 0 0 0 0 0 0 0 0 0 0 0 0 0 0 0 0 0 0 0 0 0 0 0 0 0 0 0 0 0 0 0 0 0 0 0 0 0 0 0 0 0 0 0 0 0 0 0 0 0 0 0 0 0 0 0 0 0 0 0 0 0 0 0 0 0 0 0 0 0 0 0 0 0 0 0 0 0 0 0 0 0 0 0 0 0 0 0 0 0 0 0 0 0 0 0 0 0 0 0 0 0 0 0 0 0 0 0 0 0 0 0 0 0 0 0 0 0 0 0 0 0 0 0 0 0 0 0 0 0 0 0 0 0 0 0 0 0 0 0 0 0 0 0 0 0 0 0 0 0 0 0 0 0 0 0 0 0 0 0 0 0 0 0 0 0 0 0 0 0 0 0 0 0 0 0 0 0 0 0 0 0 0 0 0 0 0 0 0 0 0 0 0 0 0 0 0 0 0 0 0 0 0 0 0 0 0 0 0 0 0 0 0 0 0 0 0 0 0 0 0 0 0 0 0 0 0 0 0 0 0 0 0 0 0 0 0 0 0 0 0 0 0 0 0 0 0 0 0 0 0 0 0 0 0 0 0 0 0 0 0 0 0 0 0 0 0 0 0 0 0 0 0 0 0 0 0 0 0 0 0 0 0 0 0 0 0 0 0 0 0 0 0 0 0 0 0 0 0 0 0 0 0 0 0 0 0 0 0 0 0 0 0 0 0 0 0 0 0 0 0 0 0 0 0 0 0 0 0 0 0 0 0 0 0 0 0 0 0 0 0 0 0 0 0 0 0 0 0 0 0 0 0 0 0 0 0 0 0 0 0 0 0 0 0 0 0 0 0 0 0 0 0 0 0 0 0 0 0 0 0 0 0 0 0 0 0 0 0 0 0 0 0 0 0 0 0 0 0 0 0 0 0 0 0 0 0 0 0 0 0 0 0 0 0 0 0 0 0 0 0 0 0 0 0 0 0 0 0 0 0 0 0 0 0 0 0 0 0 0 0 0 0 0 0 0 0 0 0 0 0 0 0 0 0 0 0 0 0 0 0 0 0 0 0 0 0 0 0 0 0 0 0 0 0 0 0 0 0 0 0 0 0 0 0 0 0 0 0 0 0 0 0 0 0 0 0 0 0 0 0 0 0 0 0 0 0 0 0 0 0 0 0 0 0 0 0 0 0 0 0 0 0 0 0 0 0 0 0 0 0 0 0 0 0 0 0 0 0 0 0 0 0 0 0 0 0 0 0 0 0 0 0 0 0 0 0 0 0 0 0 0 0 0 0 0 0 0 0 0 0 0 0 0 0 0 0 0 0 0 0 0 0 0 0 0 0 0 0 0 0 0 0 0 0 0 0 0 0 0 0 0 0 0 0 0 0 0 0 0 0 0 0 0 0 0 0 0 0 0 0 0 0 0 0 0 0 0 0 0 0 0 0 0 0 0 0 0 0 0 0 0 0 0 0 0 0 0 0 0 0 0 0 0 0 0 0 0 0 0 0 0 0 0 0 0 0 0 0 0 0 0 0 0 0 0 0 0 0 0 0 0 0 0 0 0 0 0 0 0 0 0 0 0 0 0 0 0 0 0 0 0 0 0 0 0 0 0 0 0 0 0 0 0 0 0 0 0 0 0 0 0 0 0 0 0 0 0 0 0 0 0 0 0 0 0 0 0 0 0 0 0 0 0 0 0 0 0 0 0 0 0 0 0 0 0 0 0 0 0 0 0 0 0 0 0 0 0 0 0 0 0 0 0 0 0 0 0 0 0 0 0 0 0 0 0 0 0 0 0 0 0 0 0 0 0 0 0 0 0 0 0 0 0 0 0 0 0 0 0 0 0 0 0 0 0 0 0 0 0 0 0 0 0 0 0 0 0 0 0 0 0 0 0 0 0 0 0 0 0 0 0 0 0 0 0 0 0 0 0 0 0 0 0 0 0 0 0 0 0 0 0 0 0 0 0 0 0 0 0 0 0 0 0 0 0 0 0 0 0 0 0 0 0 0 0 0 0 0 0 0 0 0 0 0 0 0 0 0 0 0 0 0 0 0 0 0 0 0 0 0 0 0 0 0 0 0 0 0 0 0 0 0 0 0 0 0 0 0 0 0 0 0 0 0 0 0 0 0 0 0 0 0 0 0 0 0 0 0 0 0 0 0 0 0 0 0 0 0 0 0 0 0 0 0 0 0 0 0 0 0 0 0 0 0 0 0 0 0 0 0 0 0 0 0 0 0 0 0 0 0 0 0 0 0 0 0 0 0 0 0 0 0 0 0 0 0 0 0 0 0 0 0 0 0 0 0 0 0 0 0 0 0 0 0 0 0 0 0 0 0 0 0 0 0 0 0 0 0 0 0 0 0 0 0 0 0 0 0 0 0 0 0 0 0 0 0 0 0 0 0 0 0 0 0 0 0 0 0 0 0 0 0 0 0 0 0 0 0 0 0 0 0 0 0 0 0 0 0 0 0 0 0 0 0 0 0 0 0 0 0 0 0 0 0 0 0 0 0 0 0 0 0 0 0 0 0 0 0 0 0 0 0 0 0 0 0 0 0 0 0 0 0 0 0 0 0 0 0 0 0 0 0 0 0 0 0 0 0 0 0 0 0 0 0 0 0 0 0 0 0 0 0 0 0 0 0 0 0 0 0 0 0 0 0 0 0 0 0 0 0 0 0 0 0 0 0 0 0 0 0 0 0 0 0 0 0 0 0 0 0 0 0 0 0 0 0 0 0 0 0 0 0 0 0 0 0 0 0 0 0 0 0 0 0 0 0 0 0 0 0 0 0 0 0 0 0 0 0 0 0 0 0 0 0 0 0 0 0 0 0 0 0 0 0 0 0 0 0 0 0 0 0 0 0 0 0 0 0 0 0 0 0 0 0 0 0 0 0 0 0 0 0 0 0 0 0 0 0 0 0 0 0 0 0 0 0 0 0 0 0 0 0 0 0 0 0 0 0 0 0 0 0 0 0 0 0 0 0 0 0 0 0 0 0 0 0 0 0 0 0 0 0 0 0 0 0 0 0 0 0 0 0 0 0 0 0 0 0 0 0 0 0 0 0 0 0 0 0 0 0 0 0 0 0 0 0 0 0 0 0 0 0 0 0 0 0 0 0 0 0 0 0 0 0 0 0 0 0 0 0 0 0 0 0 0 0 0 0 0 0 0 0 0 0 0 0 0 0 0 0 0 0 0 0 0 0 0 0 0 0 0 0 0 0 0 0 0 0 0 0 0 0 0 0 0 0 0 0 0 0 0 0 0 0 0 0 0 0 0 0 0 0 0 0 0 0 0 0 0 0 0 0 0 0 0 0 0 0 0 0 0 0 0 0 0 0 0 0 0 0 0 0 0 0 0 0 0 0 0 0 0 0 0 0 0 0 0 0 0 0 0 0 0 0 0 0 0 0 0 0 0 0 0 0 0 0 0 0 0 0 0 0 0 0 0 0 0 0 0 0 0 0 0 0 0 0 0 0 0 0 0 0 0 0 0 0 0 0 0 0 0 0 0 0 0 0 0 0 0 0 0 0 0 0 0 0 0 0 0 0 0 0 0 0 0 0 0 0 0 0 0 0 0 0 0 0 0 0 0 0 0 0 0 0 0 0 0 0 0 0 0 0 0 0 0 0 0 0 0 0 0 0 0 0 0 0 0 0 0 0 0 0 0 0 0 0 0 0 0 0 0 0 0 0 0 0 0 0 0 0 0 0 0 0 0 0 0 0 0 0 0 0 0 0 0 0 0 0 0 0 0 0 0 0 0 0 0 0 0 0 0 0 0 0 0 0 0 0 0 0 0 0 0 0 0 0 0 0 0 0 0 0 0 0 0 0 0 0 0 0 0 0 0 0 0 0 0 0 0 0 0 0 0 0 0 0 0 0 0 0 0 0 0 0 0 0 0 0 0 0 0 0 0 0 0 0 0 0 0 0 0 0 0 0 0 0 0 0 0 0 0 0 0 0 0 0 0 0 0 0 0 0 0 0 0 0 0 0 0 0 0 0 0 0 0 0 0 0 0 0 0 0 0 0 0 0 0 0 0 0 0 0 0 0 0 0 0 0 0 0 0 0 0 0 0 0 0 0 0 0 0 0 0 0 0 0 0 0 0 0 0 0 0 0 0 0 0 0 0 0 0 0 0 0 0 0 0 0 0 0 0 0 0 0 0 0 0 0 0 0 0 0 0 0 0 0 0 0 0 0 0 0 0 0 0 0 0 0 0 0 0 0 0 0 0 0 0 0 0 0 0 0 0 0 0 0 0 0 0 0 0 0 0 0 0 0 0 0 0 0 0 0 0 0 0 0 0 0 0 0 0 0 0 0 0 0 0 0 0 0 0 0 0 0 0 0 0 0 0 0 0 0 0 0 0 0 0 0 0 0 0 0 0 0 0 0 0 0 0 0 0 0 0 0 0 0 0 0 0 0 0 0 0 0 0 0 0 0 0 0 0 0 0 0 0 0 0 0 0 0 0 0 0 0 0 0 0 0 0 0 0 0 0 0 0 0 0 0 0 0 0 0 0 0 0 0 0 0 0 0 0 0 0 0 0 0 0 0 0 0 0 0 0 0 0 0 0 0 0 0 0 0 0 0 0 0 0 0 0 0 0 0 0 0 0 0 0 0 0 0 0 0 0 0 0 0 0 0 0 0 0 0 0 0 0 0 0 0 0 0 0 0 0 0 0 0 0 0 0 0 0 0 0 0 0 0 0 0 0 0 0 0 0 0 0 0 0 0 0 0 0 0 0 0 0 0 0 0 0 0 0 0 0 0 0 0 0 0 0 0 0 0 0 0 0 0 0 0 0 0 0 0 0 0 0 0 0 0 0 0 0 0 0 0 0 0 0 0 0 0 0 0 0 0 0 0 0 0 0 0 0 0 0 0 0 0 0 0 0 0 0 0 0 0 0 0 0 0 0 0 0 0 0 0 0 0 0 0 0 0 0 0 0 0 0 0 0 0 0 0 0 0 0 0 0 0 0 0 0 0 0 0 0 0 0 0 0 0 0 0 0 0 0 0 0 0 0 0 0 0 0 0 0 0 0 0 0 0 0 0 0 0 0 0 0 0 0 0 0 0 0 0 0 0 0 0 0 0 0 0 0 0 0 0 0 0 0 0 0 0 0 0 0 0 0 0 0 0 0 0 0 0 0 0 0 0 0 0 0 0 0 0 0 0 0 0 0 0 0 0 0 0 0 0 0 0 0 0 0 0 0 0 0 0 0 0 0 0 0 0 0 0 0 0 0 0 0 0 0 0 0 0 0 0 0 0 0 0 0 0 0 0 0 0 0 0 0 0 0 0 0 0 0 0 0 0 0 0 0 0 0 0 0 0 0 0 0 0 0 0 0 0 0 0 0 0 0 0 0 0 0 0 0 0 0 0 0 0 0 0 0 0 0 0 0 0 0 0 0 0 0 0 0 0 0 0 0 0 0 0 0 0 0 0 0 0 0 0 0 0 0 0 0 0 0 0 0 0 0 0 0 0 0 0 0 0 0 0 0 0 0 0 0 0 0 0 0 0 0 0 0 0 0 0 0 0 0 0 0 0 0 0 0 0 0 0 0 0 0 0 0 0 0 0 0 0 0 0 0 0 0 0 0 0 0 0 0 0 0 0 0 0 0 0 0 0 0 0 0 0 0 0 0 0 0 0 0 0 0 0 0 0 0 0 0 0</float_array>
          <technique_common>
            <accessor source="#Cylinder_010-mesh-map-2-array" count="7812" stride="2">
              <param name="S" type="float"/>
              <param name="T" type="float"/>
            </accessor>
          </technique_common>
        </source>
        <source id="Cylinder_010-mesh-map-3">
          <float_array id="Cylinder_010-mesh-map-3-array" count="15624">0 0 0 0 0 0 0 0 0 0 0 0 0 0 0 0 0 0 0 0 0 0 0 0 0 0 0 0 0 0 0 0 0 0 0 0 0 0 0 0 0 0 0 0 0 0 0 0 0 0 0 0 0 0 0 0 0 0 0 0 0 0 0 0 0 0 0 0 0 0 0 0 0 0 0 0 0 0 0 0 0 0 0 0 0 0 0 0 0 0 0 0 0 0 0 0 0 0 0 0 0 0 0 0 0 0 0 0 0 0 0 0 0 0 0 0 0 0 0 0 0 0 0 0 0 0 0 0 0 0 0 0 0 0 0 0 0 0 0 0 0 0 0 0 0 0 0 0 0 0 0 0 0 0 0 0 0 0 0 0 0 0 0 0 0 0 0 0 0 0 0 0 0 0 0 0 0 0 0 0 0 0 0 0 0 0 0 0 0 0 0 0 0 0 0 0 0 0 0 0 0 0 0 0 0 0 0 0 0 0 0 0 0 0 0 0 0 0 0 0 0 0 0 0 0 0 0 0 0 0 0 0 0 0 0 0 0 0 0 0 0 0 0 0 0 0 0 0 0 0 0 0 0 0 0 0 0 0 0 0 0 0 0 0 0 0 0 0 0 0 0 0 0 0 0 0 0 0 0 0 0 0 0 0 0 0 0 0 0 0 0 0 0 0 0 0 0 0 0 0 0 0 0 0 0 0 0 0 0 0 0 0 0 0 0 0 0 0 0 0 0 0 0 0 0 0 0 0 0 0 0 0 0 0 0 0 0 0 0 0 0 0 0 0 0 0 0 0 0 0 0 0 0 0 0 0 0 0 0 0 0 0 0 0 0 0 0 0 0 0 0 0 0 0 0 0 0 0 0 0 0 0 0 0 0 0 0 0 0 0 0 0 0 0 0 0 0 0 0 0 0 0 0 0 0 0 0 0 0 0 0 0 0 0 0 0 0 0 0 0 0 0 0 0 0 0 0 0 0 0 0 0 0 0 0 0 0 0 0 0 0 0 0 0 0 0 0 0 0 0 0 0 0 0 0 0 0 0 0 0 0 0 0 0 0 0 0 0 0 0 0 0 0 0 0 0 0 0 0 0 0 0 0 0 0 0 0 0 0 0 0 0 0 0 0 0 0 0 0 0 0 0 0 0 0 0 0 0 0 0 0 0 0 0 0 0 0 0 0 0 0 0 0 0 0 0 0 0 0 0 0 0 0 0 0 0 0 0 0 0 0 0 0 0 0 0 0 0 0 0 0 0 0 0 0 0 0 0 0 0 0 0 0 0 0 0 0 0 0 0 0 0 0 0 0 0 0 0 0 0 0 0 0 0 0 0 0 0 0 0 0 0 0 0 0 0 0 0 0 0 0 0 0 0 0 0 0 0 0 0 0 0 0 0 0 0 0 0 0 0 0 0 0 0 0 0 0 0 0 0 0 0 0 0 0 0 0 0 0 0 0 0 0 0 0 0 0 0 0 0 0 0 0 0 0 0 0 0 0 0 0 0 0 0 0 0 0 0 0 0 0 0 0 0 0 0 0 0 0 0 0 0 0 0 0 0 0 0 0 0 0 0 0 0 0 0 0 0 0 0 0 0 0 0 0 0 0 0 0 0 0 0 0 0 0 0 0 0 0 0 0 0 0 0 0 0 0 0 0 0 0 0 0 0 0 0 0 0 0 0 0 0 0 0 0 0 0 0 0 0 0 0 0 0 0 0 0 0 0 0 0 0 0 0 0 0 0 0 0 0 0 0 0 0 0 0 0 0 0 0 0 0 0 0 0 0 0 0 0 0 0 0 0 0 0 0 0 0 0 0 0 0 0 0 0 0 0 0 0 0 0 0 0 0 0 0 0 0 0 0 0 0 0 0 0 0 0 0 0 0 0 0 0 0 0 0 0 0 0 0 0 0 0 0 0 0 0 0 0 0 0 0 0 0 0 0 0 0 0 0 0 0 0 0 0 0 0 0 0 0 0 0 0 0 0 0 0 0 0 0 0 0 0 0 0 0 0 0 0 0 0 0 0 0 0 0 0 0 0 0 0 0 0 0 0 0 0 0 0 0 0 0 0 0 0 0 0 0 0 0 0 0 0 0 0 0 0 0 0 0 0 0 0 0 0 0 0 0 0 0 0 0 0 0 0 0 0 0 0 0 0 0 0 0 0 0 0 0 0 0 0 0 0 0 0 0 0 0 0 0 0 0 0 0 0 0 0 0 0 0 0 0 0 0 0 0 0 0 0 0 0 0 0 0 0 0 0 0 0 0 0 0 0 0 0 0 0 0 0 0 0 0 0 0 0 0 0 0 0 0 0 0 0 0 0 0 0 0 0 0 0 0 0 0 0 0 0 0 0 0 0 0 0 0 0 0 0 0 0 0 0 0 0 0 0 0 0 0 0 0 0 0 0 0 0 0 0 0 0 0 0 0 0 0 0 0 0 0 0 0 0 0 0 0 0 0 0 0 0 0 0 0 0 0 0 0 0 0 0 0 0 0 0 0 0 0 0 0 0 0 0 0 0 0 0 0 0 0 0 0 0 0 0 0 0 0 0 0 0 0 0 0 0 0 0 0 0 0 0 0 0 0 0 0 0 0 0 0 0 0 0 0 0 0 0 0 0 0 0 0 0 0 0 0 0 0 0 0 0 0 0 0 0 0 0 0 0 0 0 0 0 0 0 0 0 0 0 0 0 0 0 0 0 0 0 0 0 0 0 0 0 0 0 0 0 0 0 0 0 0 0 0 0 0 0 0 0 0 0 0 0 0 0 0 0 0 0 0 0 0 0 0 0 0 0 0 0 0 0 0 0 0 0 0 0 0 0 0 0 0 0 0 0 0 0 0 0 0 0 0 0 0 0 0 0 0 0 0 0 0 0 0 0 0 0 0 0 0 0 0 0 0 0 0 0 0 0 0 0 0 0 0 0 0 0 0 0 0 0 0 0 0 0 0 0 0 0 0 0 0 0 0 0 0 0 0 0 0 0 0 0 0 0 0 0 0 0 0 0 0 0 0 0 0 0 0 0 0 0 0 0 0 0 0 0 0 0 0 0 0 0 0 0 0 0 0 0 0 0 0 0 0 0 0 0 0 0 0 0 0 0 0 0 0 0 0 0 0 0 0 0 0 0 0 0 0 0 0 0 0 0 0 0 0 0 0 0 0 0 0 0 0 0 0 0 0 0 0 0 0 0 0 0 0 0 0 0 0 0 0 0 0 0 0 0 0 0 0 0 0 0 0 0 0 0 0 0 0 0 0 0 0 0 0 0 0 0 0 0 0 0 0 0 0 0 0 0 0 0 0 0 0 0 0 0 0 0 0 0 0 0 0 0 0 0 0 0 0 0 0 0 0 0 0 0 0 0 0 0 0 0 0 0 0 0 0 0 0 0 0 0 0 0 0 0 0 0 0 0 0 0 0 0 0 0 0 0 0 0 0 0 0 0 0 0 0 0 0 0 0 0 0 0 0 0 0 0 0 0 0 0 0 0 0 0 0 0 0 0 0 0 0 0 0 0 0 0 0 0 0 0 0 0 0 0 0 0 0 0 0 0 0 0 0 0 0 0 0 0 0 0 0 0 0 0 0 0 0 0 0 0 0 0 0 0 0 0 0 0 0 0 0 0 0 0 0 0 0 0 0 0 0 0 0 0 0 0 0 0 0 0 0 0 0 0 0 0 0 0 0 0 0 0 0 0 0 0 0 0 0 0 0 0 0 0 0 0 0 0 0 0 0 0 0 0 0 0 0 0 0 0 0 0 0 0 0 0 0 0 0 0 0 0 0 0 0 0 0 0 0 0 0 0 0 0 0 0 0 0 0 0 0 0 0 0 0 0 0 0 0 0 0 0 0 0 0 0 0 0 0 0 0 0 0 0 0 0 0 0 0 0 0 0 0 0 0 0 0 0 0 0 0 0 0 0 0 0 0 0 0 0 0 0 0 0 0 0 0 0 0 0 0 0 0 0 0 0 0 0 0 0 0 0 0 0 0 0 0 0 0 0 0 0 0 0 0 0 0 0 0 0 0 0 0 0 0 0 0 0 0 0 0 0 0 0 0 0 0 0 0 0 0 0 0 0 0 0 0 0 0 0 0 0 0 0 0 0 0 0 0 0 0 0 0 0 0 0 0 0 0 0 0 0 0 0 0 0 0 0 0 0 0 0 0 0 0 0 0 0 0 0 0 0 0 0 0 0 0 0 0 0 0 0 0 0 0 0 0 0 0 0 0 0 0 0 0 0 0 0 0 0 0 0 0 0 0 0 0 0 0 0 0 0 0 0 0 0 0 0 0 0 0 0 0 0 0 0 0 0 0 0 0 0 0 0 0 0 0 0 0 0 0 0 0 0 0 0 0 0 0 0 0 0 0 0 0 0 0 0 0 0 0 0 0 0 0 0 0 0 0 0 0 0 0 0 0 0 0 0 0 0 0 0 0 0 0 0 0 0 0 0 0 0 0 0 0 0 0 0 0 0 0 0 0 0 0 0 0 0 0 0 0 0 0 0 0 0 0 0 0 0 0 0 0 0 0 0 0 0 0 0 0 0 0 0 0 0 0 0 0 0 0 0 0 0 0 0 0 0 0 0 0 0 0 0 0 0 0 0 0 0 0 0 0 0 0 0 0 0 0 0 0 0 0 0 0 0 0 0 0 0 0 0 0 0 0 0 0 0 0 0 0 0 0 0 0 0 0 0 0 0 0 0 0 0 0 0 0 0 0 0 0 0 0 0 0 0 0 0 0 0 0 0 0 0 0 0 0 0 0 0 0 0 0 0 0 0 0 0 0 0 0 0 0 0 0 0 0 0 0 0 0 0 0 0 0 0 0 0 0 0 0 0 0 0 0 0 0 0 0 0 0 0 0 0 0 0 0 0 0 0 0 0 0 0 0 0 0 0 0 0 0 0 0 0 0 0 0 0 0 0 0 0 0 0 0 0 0 0 0 0 0 0 0 0 0 0 0 0 0 0 0 0 0 0 0 0 0 0 0 0 0 0 0 0 0 0 0 0 0 0 0 0 0 0 0 0 0 0 0 0 0 1 1 0.96875 0.5 1 0.5 0.96875 1 0.9375 0.5 0.96875 0.5 0.9375 1 0.90625 0.5 0.9375 0.5 0.90625 1 0.8750001 0.5 0.90625 0.5 0.8750001 1 0.84375 0.5 0.8750001 0.5 0.84375 1 0.8125 0.5 0.84375 0.5 0.8125 1 0.78125 0.5 0.8125 0.5 0.78125 1 0.75 0.5 0.78125 0.5 0.75 1 0.71875 0.5 0.75 0.5 0.71875 1 0.6875 0.5 0.71875 0.5 0.6875 1 0.65625 0.5 0.6875 0.5 0.65625 1 0.625 0.5 0.65625 0.5 0.625 1 0.59375 0.5 0.625 0.5 0.59375 1 0.5625 0.5 0.59375 0.5 0.5625 1 0.53125 0.5 0.5625 0.5 0.53125 1 0.5 0.5 0.53125 0.5 0.5 1 0.46875 0.5 0.5 0.5 0.46875 1 0.4375 0.5 0.46875 0.5 0.4375 1 0.40625 0.5 0.4375 0.5 0.40625 1 0.375 0.5 0.40625 0.5 0.375 1 0.34375 0.5 0.375 0.5 0.34375 1 0.3125 0.5 0.34375 0.5 0.3125 1 0.28125 0.5 0.3125 0.5 0.28125 1 0.25 0.5 0.28125 0.5 0.25 1 0.21875 0.5 0.25 0.5 0.21875 1 0.1875 0.5 0.21875 0.5 0.1875 1 0.15625 0.5 0.1875 0.5 0.15625 1 0.125 0.5 0.15625 0.5 0.125 1 0.09375 0.5 0.125 0.5 0.09375 1 0.0625 0.5 0.09375 0.5 0.02826893 0.341844 0.1581559 0.02826887 0.4717311 0.1581559 0.0625 1 0.03125 0.5 0.0625 0.5 0.03125 1 0 0.5 0.03125 0.5 0.9853885 0.2968217 0.7968217 0.01461148 0.5146116 0.2031783 1 1 0.96875 1 0.96875 0.5 0.96875 1 0.9375 1 0.9375 0.5 0.9375 1 0.90625 1 0.90625 0.5 0.90625 1 0.8750001 1 0.8750001 0.5 0.8750001 1 0.84375 1 0.84375 0.5 0.84375 1 0.8125 1 0.8125 0.5 0.8125 1 0.78125 1 0.78125 0.5 0.78125 1 0.75 1 0.75 0.5 0.75 1 0.71875 1 0.71875 0.5 0.71875 1 0.6875 1 0.6875 0.5 0.6875 1 0.65625 1 0.65625 0.5 0.65625 1 0.625 1 0.625 0.5 0.625 1 0.59375 1 0.59375 0.5 0.59375 1 0.5625 1 0.5625 0.5 0.5625 1 0.53125 1 0.53125 0.5 0.53125 1 0.5 1 0.5 0.5 0.5 1 0.46875 1 0.46875 0.5 0.46875 1 0.4375 1 0.4375 0.5 0.4375 1 0.40625 1 0.40625 0.5 0.40625 1 0.375 1 0.375 0.5 0.375 1 0.34375 1 0.34375 0.5 0.34375 1 0.3125 1 0.3125 0.5 0.3125 1 0.28125 1 0.28125 0.5 0.28125 1 0.25 1 0.25 0.5 0.25 1 0.21875 1 0.21875 0.5 0.21875 1 0.1875 1 0.1875 0.5 0.1875 1 0.15625 1 0.15625 0.5 0.15625 1 0.125 1 0.125 0.5 0.125 1 0.09375 1 0.09375 0.5 0.09375 1 0.0625 1 0.0625 0.5 0.341844 0.4717311 0.2968217 0.4853885 0.1581559 0.4717311 0.2968217 0.4853885 0.25 0.49 0.1581559 0.4717311 0.25 0.49 0.2031783 0.4853885 0.1581559 0.4717311 0.1581559 0.4717311 0.116663 0.4495527 0.08029431 0.4197056 0.08029431 0.4197056 0.0504471 0.3833368 0.1581559 0.4717311 0.0504471 0.3833368 0.02826893 0.341844 0.1581559 0.4717311 0.02826893 0.341844 0.01461154 0.2968217 0.00999999 0.25 0.00999999 0.25 0.01461154 0.2031783 0.02826887 0.1581559 0.02826887 0.1581559 0.05044728 0.116663 0.08029437 0.08029437 0.08029437 0.08029437 0.116663 0.05044728 0.1581559 0.02826887 0.1581559 0.02826887 0.2031783 0.01461148 0.25 0.00999999 0.25 0.00999999 0.2968217 0.01461148 0.341844 0.02826887 0.341844 0.02826887 0.3833369 0.05044728 0.4197056 0.08029437 0.4197056 0.08029437 0.4495527 0.116663 0.4717311 0.1581559 0.4717311 0.1581559 0.4853885 0.2031783 0.49 0.25 0.49 0.25 0.4853885 0.2968217 0.4717311 0.341844 0.4717311 0.341844 0.4495527 0.3833369 0.4197056 0.4197056 0.4197056 0.4197056 0.3833369 0.4495527 0.341844 0.4717311 0.02826893 0.341844 0.00999999 0.25 0.1581559 0.02826887 0.00999999 0.25 0.02826887 0.1581559 0.1581559 0.02826887 0.02826887 0.1581559 0.08029437 0.08029437 0.1581559 0.02826887 0.1581559 0.02826887 0.25 0.00999999 0.341844 0.02826887 0.341844 0.02826887 0.4197056 0.08029437 0.1581559 0.02826887 0.4197056 0.08029437 0.4717311 0.1581559 0.1581559 0.02826887 0.4717311 0.1581559 0.49 0.25 0.341844 0.4717311 0.49 0.25 0.4717311 0.341844 0.341844 0.4717311 0.4717311 0.341844 0.4197056 0.4197056 0.341844 0.4717311 0.341844 0.4717311 0.1581559 0.4717311 0.02826893 0.341844 0.341844 0.4717311 0.02826893 0.341844 0.4717311 0.1581559 0.0625 1 0.03125 1 0.03125 0.5 0.03125 1 0 1 0 0.5 0.7031784 0.4853885 0.75 0.49 0.7968217 0.4853885 0.7968217 0.4853885 0.841844 0.4717311 0.8833369 0.4495527 0.8833369 0.4495527 0.9197056 0.4197056 0.9495527 0.3833369 0.9495527 0.3833369 0.9717311 0.341844 0.9853885 0.2968217 0.9853885 0.2968217 0.99 0.25 0.9853885 0.2031783 0.9853885 0.2031783 0.9717311 0.1581559 0.9495527 0.116663 0.9495527 0.116663 0.9197056 0.08029437 0.8833369 0.05044728 0.8833369 0.05044728 0.841844 0.02826887 0.7968217 0.01461148 0.7968217 0.01461148 0.75 0.00999999 0.7031784 0.01461148 0.7031784 0.01461148 0.658156 0.02826887 0.6166631 0.05044728 0.6166631 0.05044728 0.5802944 0.08029437 0.5504474 0.116663 0.5504474 0.116663 0.5282689 0.1581559 0.5146116 0.2031783 0.5146116 0.2031783 0.51 0.25 0.5146116 0.2968217 0.5146116 0.2968217 0.5282689 0.341844 0.5146116 0.2031783 0.5282689 0.341844 0.5504473 0.3833368 0.5146116 0.2031783 0.5504473 0.3833368 0.5802944 0.4197056 0.7031784 0.4853885 0.5802944 0.4197056 0.6166631 0.4495527 0.7031784 0.4853885 0.6166631 0.4495527 0.658156 0.4717311 0.7031784 0.4853885 0.7031784 0.4853885 0.7968217 0.4853885 0.9853885 0.2968217 0.7968217 0.4853885 0.8833369 0.4495527 0.9853885 0.2968217 0.8833369 0.4495527 0.9495527 0.3833369 0.9853885 0.2968217 0.9853885 0.2968217 0.9853885 0.2031783 0.9495527 0.116663 0.9495527 0.116663 0.8833369 0.05044728 0.9853885 0.2968217 0.8833369 0.05044728 0.7968217 0.01461148 0.9853885 0.2968217 0.7968217 0.01461148 0.7031784 0.01461148 0.5146116 0.2031783 0.7031784 0.01461148 0.6166631 0.05044728 0.5146116 0.2031783 0.6166631 0.05044728 0.5504474 0.116663 0.5146116 0.2031783 0.5146116 0.2031783 0.5504473 0.3833368 0.7031784 0.4853885 0.7031784 0.4853885 0.9853885 0.2968217 0.5146116 0.2031783 0 0 0 0 0 0 0 0 0 0 0 0 0 0 0 0 0 0 0 0 0 0 0 0 0 0 0 0 0 0 0 0 0 0 0 0 0 0 0 0 0 0 0 0 0 0 0 0 0 0 0 0 0 0 0 0 0 0 0 0 0 0 0 0 0 0 0 0 0 0 0 0 0 0 0 0 0 0 0 0 0 0 0 0 0 0 0 0 0 0 0 0 0 0 0 0 0 0 0 0 0 0 0 0 0 0 0 0 0 0 0 0 0 0 0 0 0 0 0 0 0 0 0 0 0 0 0 0 0 0 0 0 0 0 0 0 0 0 0 0 0 0 0 0 0 0 0 0 0 0 0 0 0 0 0 0 0 0 0 0 0 0 0 0 0 0 0 0 0 0 0 0 0 0 0 0 0 0 0 0 0 0 0 0 0 0 0 0 0 0 0 0 0 0 0 0 0 0 0 0 0 0 0 0 0 0 0 0 0 0 0 0 0 0 0 0 0 0 0 0 0 0 0 0 0 0 0 0 0 0 0 0 0 0 0 0 0 0 0 0 0 0 0 0 0 0 0 0 0 0 0 0 0 0 0 0 0 0 0 0 0 0 0 0 0 0 0 0 0 0 0 0 0 0 0 0 0 0 0 0 0 0 0 0 0 0 0 0 0 0 0 0 0 0 0 0 0 0 0 0 0 0 0 0 0 0 0 0 0 0 0 0 0 0 0 0 0 0 0 0 0 0 0 0 0 0 0 0 0 0 0 0 0 0 0 0 0 0 0 0 0 0 0 0 0 0 0 0 0 0 0 0 0 0 0 0 0 0 0 0 0 0 0 0 0 0 0 0 0 0 0 0 0 0 0 0 0 0 0 0 0 0 0 0 0 0 0 0 0 0 0 0 0 0 0 0 0 0 0 0 0 0 0 0 0 0 0 0 0 0 0 0 0 0 0 0 0 0 0 0 0 0 0 0 0 0 0 0 0 0 0 0 0 0 0 0 0 0 0 0 0 0 0 0 0 0 0 0 0 0 0 0 0 0 0 0 0 0 0 0 0 0 0 0 0 0 0 0 0 0 0 0 0 0 0 0 0 0 0 0 0 0 0 0 0 0 0 0 0 0 0 0 0 0 0 0 0 0 0 0 0 0 0 0 0 0 0 0 0 0 0 0 0 0 0 0 0 0 0 0 0 0 0 0 0 0 0 0 0 0 0 0 0 0 0 0 0 0 0 0 0 0 0 0 0 0 0 0 0 0 0 0 0 0 0 0 0 0 0 0 0 0 0 0 0 0 0 0 0 0 0 0 0 0 0 0 0 0 0 0 0 0 0 0 0 0 0 0 0 0 0 0 0 0 0 0 0 0 0 0 0 0 0 0 0 0 0 0 0 0 0 0 0 0 0 0 0 0 0 0 0 0 0 0 0 0 0 0 0 0 0 0 0 0 0 0 0 0 0 0 0 0 0 0 0 0 0 0 0 0 0 0 0 0 0 0 0 0 0 0 0 0 0 0 0 0 0 0 0 0 0 0 0 0 0 0 0 0 0 0 0 0 0 0 0 0 0 0 0 0 0 0 0 0 0 0 0 0 0 0 0 0 0 0 0 0 0 0 0 0 0 0 0 0 0 0 0 0 0 0 0 0 0 0 0 0 0 0 0 0 0 0 0 0 0 0 0 0 0 0 0 0 0 0 0 0 0 0 0 0 0 0 0 0 0 0 0 0 0 0 0 0 0 0 0 0 0 0 0 0 0 0 0 0 0 0 0 0 0 0 0 0 0 0 0 0 0 0 0 0 0 0 0 0 0 0 0 0 0 0 0 0 0 0 0 0 0 0 0 0 0 0 0 0 0 0 0 0 0 0 0 0 0 0 0 0 0 0 0 0 0 0 0 0 0 0 0 0 0 0 0 0 0 0 0 0 0 0 0 0 0 0 0 0 0 0 0 0 0 0 0 0 0 0 0 0 0 0 0 0 0 0 0 0 0 0 0 0 0 0 0 0 0 0 0 0 0 0 0 0 0 0 0 0 0 0 0 0 0 0 0 0 0 0 0 0 0 0 0 0 0 0 0 0 0 0 0 0 0 0 0 0 0 0 0 0 0 0 0 0 0 0 0 0 0 0 0 0 0 0 0 0 0 0 0 0 0 0 0 0 0 0 0 0 0 0 0 0 0 0 0 0 0 0 0 0 0 0 0 0 0 0 0 0 0 0 0 0 0 0 0 0 0 0 0 0 0 0 0 0 0 0 0 0 0 0 0 0 0 0 0 0 0 0 0 0 0 0 0 0 0 0 0 0 0 0 0 0 0 0 0 0 0 0 0 0 0 0 0 0 0 0 0 0 0 0 0 0 0 0 0 0 0 0 0 0 0 0 0 0 0 0 0 0 0 0 0 0 0 0 0 0 0 0 0 0 0 0 0 0 0 0 0 0 0 0 0 0 0 0 0 0 0 0 0 0 0 0 0 0 0 0 0 0 0 0 0 0 0 0 0 0 0 0 0 0 0 0 0 0 0 0 0 0 0 0 0 0 0 0 0 0 0 0 0 0 0 0 0 0 0 0 0 0 0 0 0 0 0 0 0 0 0 0 0 0 0 0 0 0 0 0 0 0 0 0 0 0 0 0 0 0 0 0 0 0 0 0 0 0 0 0 0 0 0 0 0 0 0 0 0 0 0 0 0 0 0 0 0 0 0 0 0 0 0 0 0 0 0 0 0 0 0 0 0 0 0 0 0 0 0 0 0 0 0 0 0 0 0 0 0 0 0 0 0 0 0 0 0 0 0 0 0 0 0 0 0 0 0 0 0 0 0 0 0 0 0 0 0 0 0 0 0 0 0 0 0 0 0 0 0 0 0 0 0 0 0 0 0 0 0 0 0 0 0 0 0 0 0 0 0 0 0 0 0 0 0 0 0 0 0 0 0 0 0 0 0 0 0 0 0 0 0 0 0 0 0 0 0 0 0 0 0 0 0 0 0 0 0 0 0 0 0 0 0 0 0 0 0 0 0 0 0 0 0 0 0 0 0 0 0 0 0 0 0 0 0 0 0 0 0 0 0 0 0 0 0 0 0 0 0 0 0 0 0 0 0 0 0 0 0 0 0 0 0 0 0 0 0 0 0 0 0 0 0 0 0 0 0 0 0 0 0 0 0 0 0 0 0 0 0 0 0 0 0 0 0 0 0 0 0 0 0 0 0 0 0 0 0 0 0 0 0 0 0 0 0 0 0 0 0 0 0 0 0 0 0 0 0 0 0 0 0 0 0 0 0 0 0 0 0 0 0 0 0 0 0 0 0 0 0 0 0 0 0 0 0 0 0 0 0 0 0 0 0 0 0 0 0 0 0 0 0 0 0 0 0 0 0 0 0 0 0 0 0 0 0 0 0 0 0 0 0 0 0 0 0 0 0 0 0 0 0 0 0 0 0 0 0 0 0 0 0 0 0 0 0 0 0 0 0 0 0 0 0 0 0 0 0 0 0 0 0 0 0 0 0 0 0 0 0 0 0 0 0 0 0 0 0 0 0 0 0 0 0 0 0 0 0 0 0 0 0 0 0 0 0 0 0 0 0 0 0 0 0 0 0 0 0 0 0 0 0 0 0 0 0 0 0 0 0 0 0 0 0 0 0 0 0 0 0 0 0 0 0 0 0 0 0 0 0 0 0 0 0 0 0 0 0 0 0 0 0 0 0 0 0 0 0 0 0 0 0 0 0 0 0 0 0 0 0 0 0 0 0 0 0 0 0 0 0 0 0 0 0 0 0 0 0 0 0 0 0 0 0 0 0 0 0 0 0 0 0 0 0 0 0 0 0 0 0 0 0 0 0 0 0 0 0 0 0 0 0 0 0 0 0 0 0 0 0 0 0 0 0 0 0 0 0 0 0 0 0 0 0 0 0 0 0 0 0 0 0 0 0 0 0 0 0 0 0 0 0 0 0 0 0 0 0 0 0 0 0 0 0 0 0 0 0 0 0 0 0 0 0 0 0 0 0 0 0 0 0 0 0 0 0 0 0 0 0 0 0 0 0 0 0 0 0 0 0 0 0 0 0 0 0 0 0 0 0 0 0 0 0 0 0 0 0 0 0 0 0 0 0 0 0 0 0 0 0 0 0 0 0 0 0 0 0 0 0 0 0 0 0 0 0 0 0 0 0 0 0 0 0 0 0 0 0 0 0 0 0 0 0 0 0 0 0 0 0 0 0 0 0 0 0 0 0 0 0 0 0 0 0 0 0 0 0 0 0 0 0 0 0 0 0 0 0 0 0 0 0 0 0 0 0 0 0 0 0 0 0 0 0 0 0 0 0 0 0 0 0 0 0 0 0 0 0 0 0 0 0 0 0 0 0 0 0 0 0 0 0 0 0 0 0 0 0 0 0 0 0 0 0 0 0 0 0 0 0 0 0 0 0 0 0 0 0 0 0 0 0 0 0 0 0 0 0 0 0 0 0 0 0 0 0 0 0 0 0 0 0 0 0 0 0 0 0 0 0 0 0 0 0 0 0 0 0 0 0 0 0 0 0 0 0 0 0 0 0 0 0 0 0 0 0 0 0 0 0 0 0 0 0 0 0 0 0 0 0 0 0 0 0 0 0 0 0 0 0 0 0 0 0 0 0 0 0 0 0 0 0 0 0 0 0 0 0 0 0 0 0 0 0 0 0 0 0 0 0 0 0 0 0 0 0 0 0 0 0 0 0 0 0 0 0 0 0 0 0 0 0 0 0 0 0 0 0 0 0 0 0 0 0 0 0 0 0 0 0 0 0 0 0 0 0 0 0 0 0 0 0 0 0 0 0 0 0 0 0 0 0 0 0 0 0 0 0 0 0 0 0 0 0 0 0 0 0 0 0 0 0 0 0 0 0 0 0 0 0 0 0 0 0 0 0 0 0 0 0 0 0 0 0 0 0 0 0 0 0 0 0 0 0 0 0 0 0 0 0 0 0 0 0 0 0 0 0 0 0 0 0 0 0 0 0 0 0 0 0 0 0 0 0 0 0 0 0 0 0 0 0 0 0 0 0 0 0 0 0 0 0 0 0 0 0 0 0 0 0 0 0 0 0 0 0 0 0 0 0 0 0 0 0 0 0 0 0 0 0 0 0 0 0 0 0 0 0 0 0 0 0 0 0 0 0 0 0 0 0 0 0 0 0 0 0 0 0 0 0 0 0 0 0 0 0 0 0 0 0 0 0 0 0 0 0 0 0 0 0 0 0 0 0 0 0 0 0 0 0 0 0 0 0 0 0 0 0 0 0 0 0 0 0 0 0 0 0 0 0 0 0 0 0 0 0 0 0 0 0 0 0 0 0 0 0 0 0 0 0 0 0 0 0 0 0 0 0 0 0 0 0 0 0 0 0 0 0 0 0 0 0 0 0 0 0 0 0 0 0 0 0 0 0 0 0 0 0 0 0 0 0 0 0 0 0 0 0 0 0 0 0 0 0 0 0 0 0 0 0 0 0 0 0 0 0 0 0 0 0 0 0 0 0 0 0 0 0 0 0 0 0 0 0 0 0 0 0 0 0 0 0 0 0 0 0 0 0 0 0 0 0 0 0 0 0 0 0 0 0 0 0 0 0 0 0 0 0 0 0 0 0 0 0 0 0 0 0 0 0 0 0 0 0 0 0 0 0 0 0 0 0 0 0 0 0 0 0 0 0 0 0 0 0 0 0 0 0 0 0 0 0 0 0 0 0 0 0 0 0 0 0 0 0 0 0 0 0 0 0 0 0 0 0 0 0 0 0 0 0 0 0 0 0 0 0 0 0 0 0 0 0 0 0 0 0 0 0 0 0 0 0 0 0 0 0 0 0 0 0 0 0 0 0 0 0 0 0 0 0 0 0 0 0 0 0 0 0 0 0 0 0 0 0 0 0 0 0 0 0 0 0 0 0 0 0 0 0 0 0 0 0 0 0 0 0 0 0 0 0 0 0 0 0 0 0 0 0 0 0 0 0 0 0 0 0 0 0 0 0 0 0 0 0 0 0 0 0 0 0 0 0 0 0 0 0 0 0 0 0 0 0 0 0 0 0 0 0 0 0 0 0 0 0 0 0 0 0 0 0 0 0 0 0 0 0 0 0 0 0 0 0 0 0 0 0 0 0 0 0 0 0 0 0 0 0 0 0 0 0 0 0 0 0 0 0 0 0 0 0 0 0 0 0 0 0 0 0 0 0 0 0 0 0 0 0 0 0 0 0 0 0 0 0 0 0 0 0 0 0 0 0 0 0 0 0 0 0 0 0 0 0 0 0 0 0 0 0 0 0 0 0 0 0 0 0 0 0 0 0 0 0 0 0 0 0 0 0 0 0 0 0 0 0 0 0 0 0 0 0 0 0 0 0 0 0 0 0 0 0 0 0 0 0 0 0 0 0 0 0 0 0 0 0 0 0 0 0 0 0 0 0 0 0 0 0 0 0 0 0 0 0 0 0 0 0 0 0 0 0 0 0 0 0 0 0 0 0 0 0 0 0 0 0 0 0 0 0 0 0 0 0 0 0 0 0 0 0 0 0 0 0 0 0 0 0 0 0 0 0 0 0 0 0 0 0 0 0 0 0 0 0 0 0 0 0 0 0 0 0 0 0 0 0 0 0 0 0 0 0 0 0 0 0 0 0 0 0 0 0 0 0 0 0 0 0 0 0 0 0 0 0 0 0 0 0 0 0 0 0 0 0 0 0 0 0 0 0 0 0 0 0 0 0 0 0 0 0 0 0 0 0 0 0 0 0 0 0 0 0 0 0 0 0 0 0 0 0 0 0 0 0 0 0 0 0 0 0 0 0 0 0 0 0 0 0 0 0 0 0 0 0 0 0 0 0 0 0 0 0 0 0 0 0 0 0 0 0 0 0 0 0 0 0 0 0 0 0 0 0 0 0 0 0 0 0 0 0 0 0 0 0 0 0 0 0 0 0 0 0 0 0 0 0 0 0 0 0 0 0 0 0 0 0 0 0 0 0 0 0 0 0 0 0 0 0 0 0 0 0 0 0 0 0 0 0 0 0 0 0 0 0 0 0 0 0 0 0 0 0 0 0 0 0 0 0 0 0 0 0 0 0 0 0 0 0 0 0 0 0 0 0 0 0 0 0 0 0 0 0 0 0 0 0 0 0 0 0 0 0 0 0 0 0 0 0 0 0 0 0 0 0 0 0 0 0 0 0 0 0 0 0 0 0 0 0 0 0 0 0 0 0 0 0 0 0 0 0 0 0 0 0 0 0 0 0 0 0 0 0 0 0 0 0 0 0 0 0 0 0 0 0 0 0 0 0 0 0 0 0 0 0 0 0 0 0 0 0 0 0 0 0 0 0 0 0 0 0 0 0 0 0 0 0 0 0 0 0 0 0 0 0 0 0 0 0 0 0 0 0 0 0 0 0 0 0 0 0 0 0 0 0 0 0 0 0 0 0 0 0 0 0 0 0 0 0 0 0 0 0 0 0 0 0 0 0 0 0 0 0 0 0 0 0 0 0 0 0 0 0 0 0 0 0 0 0 0 0 0 0 0 0 0 0 0 0 0 0 0 0 0 0 0 0 0 0 0 0 0 0 0 0 0 0 0 0 0 0 0 0 0 0 0 0 0 0 0 0 0 0 0 0 0 0 0 0 0 0 0 0 0 0 0 0 0 0 0 0 0 0 0 0 0 0 0 0 0 0 0 0 0 0 0 0 0 0 0 0 0 0 0 0 0 0 0 0 0 0 0 0 0 0 0 0 0 0 0 0 0 0 0 0 0 0 0 0 0 0 0 0 0 0 0 0 0 0 0 0 0 0 0 0 0 0 0 0 0 0 0 0 0 0 0 0 0 0 0 0 0 0 0 0 0 0 0 0 0 0 0 0 0 0 0 0 0 0 0 0 0 0 0 0 0 0 0 0 0 0 0 0 0 0 0 0 0 0 0 0 0 0 0 0 0 0 0 0 0 0 0 0 0 0 0 0 0 0 0 0 0 0 0 0 0 0 0 0 0 0 0 0 0 0 0 0 0 0 0 0 0 0 0 0 0 0 0 0 0 0 0 0 0 0 0 0 0 0 0 0 0 0 0 0 0 0 0 0 0 0 0 0 0 0 0 0 0 0 0 0 0 0 0 0 0 0 0 0 0 0 0 0 0 0 0 0 0 0 0 0 0 0 0 0 0 0 0 0 0 0 0 0 0 0 0 0 0 0 0 0 0 0 0 0 0 0 0 0 0 0 0 0 0 0 0 0 0 0 0 0 0 0 0 0 0 0 0 0 0 0 0 0 0 0 0 0 0 0 0 0 0 0 0 0 0 0 0 0 0 0 0 0 0 0 0 0 0 0 0 0 0 0 0 0 0 0 0 0 0 0 0 0 0 0 0 0 0 0 0 0 0 0 0 0 0 0 0 0 0 0 0 0 0 0 0 0 0 0 0 0 0 0 0 0 0 0 0 0 0 0 0 0 0 0 0 0 0 0 0 0 0 0 0 0 0 0 0 0 0 0 0 0 0 0 0 0 0 0 0 0 0 0 0 0 0 0 0 0 0 0 0 0 0 0 0 0 0 0 0 0 0 0 0 0 0 0 0 0 0 0 0 0 0 0 0 0 0 0 0 0 0 0 0 0 0 0 0 0 0 0 0 0 0 0 0 0 0 0 0 0 0 0 0 0 0 0 0 0 0 0 0 0 0 0 0 0 0 0 0 0 0 0 0 0 0 0 0 0 0 0 0 0 0 0 0 0 0 0 0 0 0 0 0 0 0 0 0 0 0 0 0 0 0 0 0 0 0 0 0 0 0 0 0 0 0 0 0 0 0 0 0 0 0 0 0 0 0 0 0 0 0 0 0 0 0 0 0 0 0 0 0 0 0 0 0 0 0 0 0 0 0 0 0 0 0 0 0 0 0 0 0 0 0 0 0 0 0 0 0 0 0 0 0 0 0 0 0 0 0 0 0 0 0 0 0 0 0 0 0 0 0 0 0 0 0 0 0 0 0 0 0 0 0 0 0 0 0 0 0 0 0 0 0 0 0 0 0 0 0 0 0 0 0 0 0 0 0 0 0 0 0 0 0 0 0 0 0 0 0 0 0 0 0 0 0 0 0 0 0 0 0 0 0 0 0 0 0 0 0 0 0 0 0 0 0 0 0 0 0 0 0 0 0 0 0 0 0 0 0 0 0 0 0 0 0 0 0 0 0 0 0 0 0 0 0 0 0 0 0 0 0 0 0 0 0 0 0 0 0 0 0 0 0 0 0 0 0 0 0 0 0 0 0 0 0 0 0 0 0 0 0 0 0 0 0 0 0 0 0 0 0 0 0 0 0 0 0 0 0 0 0 0 0 0 0 0 0 0 0 0 0 0 0 0 0 0 0 0 0 0 0 0 0 0 0 0 0 0 0 0 0 0 0 0 0 0 0 0 0 0 0 0 0 0 0 0 0 0 0 0 0 0 0 0 0 0 0 0 0 0 0 0 0 0 0 0 0 0 0 0 0 0 0 0 0 0 0 0 0 0 0 0 0 0 0 0 0 0 0 0 0 0 0 0 0 0 0 0 0 0 0 0 0 0 0 0 0 0 0 0 0 0 0 0 0 0 0 0 0 0 0 0 0 0 0 0 0 0 0 0 0 0 0 0 0 0 0 0 0 0 0 0 0 0 0 0 0 0 0 0 0 0 0 0 0 0 0 0 0 0 0 0 0 0 0 0 0 0 0 0 0 0 0 0 0 0 0 0 0 0 0 0 0 0 0 0 0 0 0 0 0 0 0 0 0 0 0 0 0 0 0 0 0 0 0 0 0 0 0 0 0 0 0 0 0 0 0 0 0 0 0 0 0 0 0 0 0 0 0 0 0 0 0 0 0 0 0 0 0 0 0 0 0 0 0 0 0 0 0 0 0 0 0 0 0 0 0 0 0 0 0 0 0 0 0 0 0 0 0 0 0 0 0 0 0 0 0 0 0 0 0 0 0 0 0 0 0 0 0 0 0 0 0 0 0 0 0 0 0 0 0 0 0 0 0 0 0 0 0 0 0 0 0 0 0 0 0 0 0 0 0 0 0 0 0 0 0 0 0 0 0 0 0 0 0 0 0 0 0 0 0 0 0 0 0 0 0 0 0 0 0 0 0 0 0 0 0 0 0 0 0 0 0 0 0 0 0 0 0 0 0 0 0 0 0 0 0 0 0 0 0 0 0 0 0 0 0 0 0 0 0 0 0 0 0 0 0 0 0 0 0 0 0 0 0 0 0 0 0 0 0 0 0 0 0 0 0 0 0 0 0 0 0 0 0 0 0 0 0 0 0 0 0 0 0 0 0 0 0 0 0 0 0 0 0 0 0 0 0 0 0 0 0 0 0 0 0 0 0 0 0 0 0 0 0 0 0 0 0 0 0 0 0 0 0 0 0 0 0 0 0 0 0 0 0 0 0 0 0 0 0 0 0 0 0 0 0 0 0 0 0 0 0 0 0 0 0 0 0 0 0 0 0 0 0 0 0 0 0 0 0 0 0 0 0 0 0 0 0 0 0 0 0 0 0 0 0 0 0 0 0 0 0 0 0 0 0 0 0 0 0 0 0 0 0 0 0 0 0 0 0 0 0 0 0 0 0 0 0 0 0 0 0 0 0 0 0 0 0 0 0 0 0 0 0 0 0 0 0 0 0 0 0 0 0 0 0 0 0 0 0 0 0 0 0 0 0 0 0 0 0 0 0 0 0 0 0 0 0 0 0 0 0 0 0 0 0 0 0 0 0 0 0 0 0 0 0 0 0 0 0 0 0 0 0 0 0 0 0 0 0 0 0 0 0 0 0 0 0 0 0 0 0 0 0 0 0 0 0 0 0 0 0 0 0 0 0 0 0 0 0 0 0 0 0 0 0 0 0 0 0 0 0 0 0 0 0 0 0 0 0 0 0 0 0 0 0 0 0 0 0 0 0 0 0 0 0 0 0 0 0 0 0 0 0 0 0 0 0 0 0 0 0 0 0 0 0 0 0 0 0 0 0 0 0 0 0 0 0 0 0 0 0 0 0 0 0 0 0 0 0 0 0 0 0 0 0 0 0 0 0 0 0 0 0 0 0 0 0 0 0 0 0 0 0 0 0 0 0 0 0 0 0 0 0 0 0 0 0 0 0 0 0 0 0 0 0 0 0 0 0 0 0 0 0 0 0 0 0 0 0 0 0 0 0 0 0 0 0 0 0 0 0 0 0 0 0 0 0 0 0 0 0 0 0 0 0 0 0 0 0 0 0 0 0 0 0 0 0 0 0 0 0 0 0 0 0 0 0 0 0 0 0 0 0 0 0 0 0 0 0 0 0 0 0 0 0 0 0 0 0 0 0 0 0 0 0 0 0 0 0 0 0 0 0 0 0 0 0 0 0 0 0 0 0 0 0 0 0 0 0 0 0 0 0 0 0 0 0 0 0 0 0 0 0 0 0 0 0 0 0 0 0 0 0 0 0 0 0 0 0 0 0 0 0 0 0 0 0 0 0 0 0 0 0 0 0 0 0 0 0 0 0 0 0 0 0 0 0 0 0 0 0 0 0 0 0 0 0 0 0 0 0 0 0 0 0 0 0 0 0 0 0 0 0 0 0 0 0 0 0 0 0 0 0 0 0 0 0 0 0 0 0 0 0 0 0 0 0 0 0 0 0 0 0 0 0 0 0 0 0 0 0 0 0 0 0 0 0 0 0 0 0 0 0 0 0 0 0 0 0 0 0 0 0 0 0 0 0 0 0 0 0 0 0 0 0 0 0 0 0 0 0 0 0 0 0 0 0 0 0 0 0 0 0 0 0 0 0 0 0 0 0 0 0 0 0 0 0 0 0 0 0 0 0 0 0 0 0 0 0 0 0 0 0 0 0 0 0 0 0 0 0 0 0 0 0 0 0 0 0 0 0 0 0 0 0 0 0 0 0 0 0 0 0 0 0 0 0 0 0 0 0 0 0 0 0 0 0 0 0 0 0 0 0 0 0 0 0 0 0 0 0 0 0 0 0 0 0 0 0 0 0 0 0 0 0 0 0 0 0 0 0 0 0 0 0 0 0 0 0 0 0 0 0 0 0 0 0 0 0 0 0 0 0 0 0 0 0 0 0 0 0 0 0 0 0 0 0 0 0 0 0 0 0 0 0 0 0 0 0 0 0 0 0 0 0 0 0 0 0 0 0 0 0 0 0 0 0 0 0 0 0 0 0 0 0 0 0 0 0 0 0 0 0 0 0 0 0 0 0 0 0 0 0 0 0 0 0 0 0 0 0 0 0 0 0 0 0 0 0 0 0 0 0 0 0 0 0 0 0 0 0 0 0 0 0 0 0 0 0 0 0 0 0 0 0 0 0 0 0 0 0 0 0 0 0 0 0 0 0 0 0 0 0 0 0 0 0 0 0 0 0 0 0 0 0 0 0 0 0 0 0 0 0 0 0 0 0 0 0 0 0 0 0 0 0 0 0 0 0 0 0 0 0 0 0 0 0 0 0 0 0 0 0 0 0 0 0 0 0 0 0 0 0 0 0 0 0 0 0 0 0 0 0 0 0 0 0 0 0 0 0 0 0 0 0 0 0 0 0 0 0 0 0 0 0 0 0 0 0 0 0 0 0 0 0 0 0 0 0 0 0 0 0 0 0 0 0 0 0 0 0 0 0 0 0 0 0 0 0 0 0 0 0 0 0 0 0 0 0 0 0 0 0 0 0 0 0 0 0 0 0 0 0 0 0 0 0 0 0 0 0 0 0 0 0 0 0 0 0 0 0 0 0 0 0 0 0 0 0 0 0 0 0 0 0 0 0 0 0 0 0 0 0 0 0 0 0 0 0 0 0 0 0 0 0 0 0 0 0 0 0 0 0 0 0 0 0 0 0 0 0 0 0 0 0 0 0 0 0 0 0 0 0 0 0 0 0 0 0 0 0 0 0 0 0 0 0 0 0 0 0 0 0 0 0 0 0 0 0 0 0 0 0 0 0 0 0 0 0 0 0 0 0 0 0 0 0 0 0 0 0 0 0 0 0 0 0 0 0 0 0 0 0 0 0 0 0 0 0 0 0 0 0 0 0 0 0 0 0 0 0 0 0 0 0 0 0 0 0 0 0 0 0 0 0 0 0 0 0 0 0 0 0 0 0 0 0 0 0 0 0 0 0 0 0 0 0 0 0 0 0 0 0 0 0 0 0 0 0 0 0 0 0 0 0 0 0 0 0 0 0 0 0 0 0 0 0 0 0 0 0 0 0 0 0 0 0 0 0 0 0 0 0 0 0 0 0 0 0 0 0 0 0 0 0 0 0 0 0 0 0 0 0 0 0 0 0 0 0 0 0 0 0 0 0 0 0 0 0 0 0 0 0 0 0 0 0 0 0 0 0 0 0 0 0 0 0 0 0 0 0 0 0 0 0 0 0 0 0 0 0 0 0 0 0 0 0 0 0 0 0 0 0 0 0 0 0 0 0 0 0 0 0 0 0 0 0 0 0 0 0 0 0 0 0 0 0 0 0 0 0 0 0 0 0 0 0 0 0 0 0 0 0 0 0 0 0 0 0 0 0 0 0 0 0 0 0 0 0 0 0 0 0 0 0 0 0 0 0 0 0 0 0 0 0 0 0 0 0 0 0 0 0 0 0 0 0 0 0 0 0 0 0 0 0 0 0 0 0 0 0 0 0 0 0 0 0 0 0 0 0 0 0 0 0 0 0 0 0 0 0 0 0 0 0 0 0 0 0 0 0 0 0 0 0 0 0 0 0 0 0 0 0 0 0 0 0 0 0 0 0 0 0 0 0 0 0 0 0 0 0 0 0 0 0 0 0 0 0 0 0 0 0 0 0 0 0 0 0 0 0 0 0 0 0 0 0 0 0 0 0 0 0 0 0 0 0 0 0 0 0 0 0 0 0 0 0 0 0 0 0 0 0 0 0 0 0 0 0 0 0 0 0 0 0 0 0 0 0 0 0 0 0 0 0 0 0 0 0 0 0 0 0 0 0 0 0 0 0 0 0 0 0 0 0 0 0 0 0 0 0 0 0 0 0 0 0 0 0 0 0 0 0 0 0 0 0 0 0 0 0 0 0 0 0 0 0 0 0 0 0 0 0 0 0 0 0 0 0 0 0 0 0 0 0 0 0 0 0 0 0 0 0 0 0 0 0 0 0 0 0 0 0 0 0 0 0 0 0 0 0 0 0 0 0 0 0 0 0 0 0 0 0 0 0 0 0 0 0 0 0 0 0 0 0 0 0 0 0 0 0 0 0 0 0 0 0 0 0 0 0 0 0 0 0 0 0 0 0 0 0 0 0 0 0 0 0 0 0 0 0 0 0 0 0 0 0 0 0 0 0 0 0 0 0 0 0 0 0 0 0 0 0 0 0 0 0 0 0 0 0 0 0 0 0 0 0 0 0 0 0 0 0 0 0 0 0 0 0 0 0 0 0 0 0 0 0 0 0 0 0 0 0 0 0 0 0 0 0 0 0 0 0 0 0 0 0 0 0 0 0 0 0 0 0 0 0 0 0 0 0 0 0 0 0 0 0 0 0 0 0 0 0 0 0 0 0 0 0 0 0 0 0 0 0 0 0 0 0 0 0 0 0 0 0 0 0 0 0 0 0 0 0 0 0 0 0 0 0 0 0 0 0 0 0 0 0 0 0 0 0 0 0 0 0 0 0 0 0 0 0 0 0 0 0 0 0 0 0 0 0 0 0 0 0 0 0 0 0 0 0 0 0 0 0 0 0 0 0 0 0 0 0 0 0 0 0 0 0 0 0 0 0 0 0 0 0 0 0 0 0 0 0 0 0 0 0 0 0 0 0 0 0 0 0 0 0 0 0 0 0 0 0 0 0 0 0 0 0 0 0 0 0 0 0 0 0 0 0 0 0 0 0 0 0 0 0 0 0 0 0 0 0 0 0 0 0 0 0 0 0 0 0 0 0 0 0 0 0 0 0 0 0 0 0 0 0 0 0 0 0 0 0 0 0 0 0 0 0 0 0 0 0 0 0 0 0 0 0 0 0 0 0 0 0 0 0 0 0 0 0 0 0 0 0 0 0 0 0 0 0 0 0 0 0 0 0 0 0 0 0 0 0 0 0 0 0 0 0 0 0 0 0 0 0 0 0 0 0 0 0 0 0 0 0 0 0 0 0 0 0 0 0 0 0 0 0 0 0 0 0 0 0 0 0 0 0 0 0 0 0 0 0 0 0 0 0 0 0 0 0 0 0 0 0 0 0 0 0 0 0 0 0 0 0 0 0 0 0 0 0 0 0 0 0 0 0 0 0 0 0 0 0 0 0 0 0 0 0 0 0 0 0 0 0 0 0 0 0 0 0 0 0 0 0 0 0 0 0 0 0 0 0 0 0 0 0 0 0 0 0 0 0 0 0 0 0 0 0 0 0 0 0 0 0 0 0 0 0 0 0 0 0 0 0 0 0 0 0 0 0 0 0 0 0 0 0 0 0 0 0 0 0 0 0 0 0 0 0 0 0 0 0 0 0 0 0 0 0 0 0 0 0 0 0 0 0 0 0 0 0 0 0 0 0 0 0 0 0 0 0 0 0 0 0 0 0 0 0 0 0 0 0 0 0 0 0 0 0 0 0 0 0 0 0 0 0 0 0 0 0 0 0 0 0 0 0 0 0 0 0 0 0 0 0 0 0 0 0 0 0 0 0 0 0 0 0 0 0 0 0 0 0 0 0 0 0 0 0 0 0 0 0 0 0 0 0 0 0 0 0 0 0 0 0 0 0 0 0 0 0 0 0 0 0 0 0 0 0 0 0 0 0 0 0 0 0 0 0 0 0 0 0 0 0 0 0 0 0 0 0 0 0 0 0 0 0 0 0 0 0 0 0 0 0 0 0 0 0 0 0 0 0 0 0 0 0 0 0 0 0 0 0 0 0 0 0 0 0 0 0 0 0 0 0 0 0 0 0 0 0 0 0 0 0 0 0 0 0 0 0 0 0 0 0 0 0 0 0 0 0 0 0 0 0 0 0 0 0 0 0 0 0 0 0 0 0 0 0 0 0 0 0 0 0 0 0 0 0 0 0 0 0 0 0 0 0 0 0 0 0 0 0 0 0 0 0 0 0 0 0 0 0 0 0 0 0 0 0 0 0 0 0 0 0 0 0 0 0 0 0 0 0 0 0 0 0 0 0 0 0 0 0 0 0 0 0 0 0 0 0 0 0 0 0 0 0 0 0 0 0 0 0 0 0 0 0 0 0 0 0 0 0 0 0 0 0 0 0 0 0 0 0 0 0 0 0 0 0 0 0 0 0 0 0 0 0 0 0 0 0 0 0 0 0 0 0 0 0 0 0 0 0 0 0 0 0 0 0 0 0 0 0 0 0 0 0 0 0 0 0 0 0 0 0 0 0 0 0 0 0 0 0 0 0 0 0 0 0 0 0 0 0 0 0 0 0 0 0 0 0 0 0 0 0 0 0 0 0 0 0 0 0 0 0 0 0 0 0 0 0 0 0 0 0 0 0 0 0 0 0 0 0 0 0 0 0 0 0 0 0 0 0 0 0 0 0 0 0 0 0 0 0 0 0 0 0 0 0 0 0 0 0 0 0 0 0 0 0 0 0 0 0 0 0 0 0 0 0 0 0 0 0 0 0 0 0 0 0 0 0 0 0 0 0 0 0 0 0 0 0 0 0 0 0 0 0 0 0 0 0 0 0 0 0 0 0 0 0 0 0 0 0 0 0 0 0 0 0 0 0 0 0 0 0 0 0 0 0 0 0 0 0 0 0 0 0 0 0 0 0 0 0 0 0 0 0 0 0 0 0 0 0 0 0 0 0 0 0 0 0 0 0 0 0 0 0 0 0 0 0 0 0 0 0 0 0 0 0 0 0 0 0 0 0 0 0 0 0 0 0 0 0 0 0 0 0 0 0 0 0 0 0 0 0 0 0 0 0 0 0 0 0 0 0 0 0 0 0 0 0 0 0 0 0 0 0 0 0 0 0 0 0 0 0 0 0 0 0 0 0 0 0 0 0 0 0 0 0 0 0 0 0 0 0 0 0 0 0 0 0 0 0 0 0 0 0 0 0 0 0 0 0 0 0 0 0 0 0 0 0 0 0 0 0 0 0 0 0 0 0 0 0 0 0 0 0 0 0 0 0 0 0 0 0 0 0 0 0 0 0 0 0 0 0 0 0 0 0 0 0 0 0 0 0 0 0 0 0 0 0 0 0 0 0 0 0 0 0 0 0 0 0 0 0 0 0 0 0 0 0 0 0 0 0 0 0 0 0 0 0 0 0 0 0 0 0 0 0 0 0 0 0 0 0 0 0 0 0 0 0 0 0 0 0 0 0 0 0 0 0 0 0 0 0 0 0 0 0 0 0 0 0 0 0 0 0 0 0 0 0 0 0 0 0 0 0 0 0 0 0 0 0 0 0 0 0 0 0 0 0 0 0 0 0 0 0 0 0 0 0 0 0 0 0 0 0 0 0 0 0 0 0 0 0 0 0 0 0 0 0 0 0 0 0 0 0 0 0 0 0 0 0 0 0 0 0 0 0 0 0 0 0 0 0 0 0 0 0 0 0 0 0 0 0 0 0 0 0 0 0 0 0 0 0 0 0 0 0 0 0 0 0 0 0 0 0 0 0 0 0 0 0 0 0 0 0 0 0 0 0 0 0 0 0 0 0 0 0 0 0 0 0 0 0 0 0 0 0 0 0 0 0 0 0 0 0 0 0 0 0 0 0 0 0 0 0 0 0 0 0 0 0 0 0 0 0 0 0 0 0 0 0 0 0 0 0 0 0 0 0 0 0 0 0 0 0 0 0 0 0 0 0 0 0 0 0 0 0 0 0 0 0 0 0 0 0 0 0 0 0 0 0 0 0 0 0 0 0 0 0 0 0 0 0 0 0 0 0 0 0 0 0 0 0 0 0 0 0 0 0 0 0 0 0 0 0 0 0 0 0 0 0 0 0 0 0 0 0 0 0 0 0 0 0 0 0 0 0 0 0 0 0 0 0 0 0 0 0 0 0 0 0 0 0 0 0 0 0 0 0 0 0 0 0 0 0 0 0 0 0 0 0 0 0 0 0 0 0 0 0 0 0 0 0 0 0 0 0 0 0 0 0 0 0 0 0 0 0 0 0 0 0 0 0 0 0 0 0 0 0 0 0 0 0 0 0 0 0 0 0 0 0 0 0 0 0 0 0 0 0 0 0 0 0 0 0 0 0 0 0 0 0 0 0 0 0 0 0 0 0 0 0 0 0 0 0 0 0 0 0 0 0 0 0 0 0 0 0 0 0 0 0 0 0 0 0 0 0 0 0 0 0 0 0 0 0 0 0 0 0 0 0 0 0 0 0 0 0 0 0 0 0 0 0 0 0 0 0 0 0 0 0 0 0 0 0 0 0 0 0 0 0 0 0 0 0 0 0 0 0 0 0 0 0 0 0 0 0 0 0 0 0 0 0 0 0 0 0 0 0 0 0 0 0 0 0 0 0 0 0 0 0 0 0 0 0 0 0 0 0 0 0 0 0 0 0 0 0 0 0 0 0 0 0 0 0 0 0 0 0 0 0 0 0 0 0 0 0 0 0 0 0 0 0 0 0 0 0 0 0 0 0 0 0 0 0 0 0 0 0 0 0 0 0 0 0 0 0 0 0 0 0 0 0 0 0 0 0 0 0 0 0 0 0 0 0 0 0 0 0 0 0 0 0 0 0 0 0 0 0 0 0 0 0 0 0 0 0 0 0 0 0 0 0 0 0 0 0 0 0 0 0 0 0 0 0 0 0 0 0 0 0 0 0 0 0 0 0 0 0 0 0 0 0 0 0 0 0 0 0 0 0 0 0 0 0 0 0 0 0 0 0 0 0 0 0 0 0 0 0 0 0 0 0 0 0 0 0 0 0 0 0 0 0 0 0 0 0 0 0 0 0 0 0 0 0 0 0 0 0 0 0 0 0 0 0 0 0 0 0 0 0 0 0 0 0 0 0 0 0 0 0 0 0 0 0 0 0 0 0 0 0 0 0 0 0 0 0 0 0 0 0 0 0 0 0 0 0 0 0 0 0 0 0 0 0 0 0 0 0 0 0 0 0 0 0 0 0 0 0 0 0 0 0 0 0 0 0 0 0 0 0 0 0 0 0 0 0 0 0 0 0 0 0 0 0 0 0 0 0 0 0 0 0 0 0 0 0 0 0 0 0 0 0 0 0 0 0 0 0 0 0 0 0 0 0 0 0 0 0 0 0 0 0 0 0 0 0 0 0 0 0 0 0 0 0 0 0 0 0 0 0 0 0 0 0 0 0 0 0 0 0 0 0 0 0 0 0 0 0 0 0 0 0 0 0 0 0 0 0 0 0 0 0 0 0 0 0 0 0 0 0 0 0 0 0 0 0 0 0 0 0 0 0 0 0 0 0 0 0 0 0 0 0 0 0 0 0 0 0 0 0 0 0 0 0 0 0 0 0 0 0 0 0 0 0 0 0 0 0 0 0 0 0 0 0 0 0 0 0 0 0 0 0 0 0 0 0 0 0 0 0 0 0 0 0 0 0 0 0 0 0 0 0 0 0 0 0 0 0 0 0 0 0 0 0 0 0 0 0 0 0 0 0 0 0 0 0 0 0 0 0 0 0 0 0 0 0 0 0 0 0 0 0 0 0 0 0 0 0 0 0 0 0 0 0 0 0 0 0 0 0 0 0 0 0 0 0 0 0 0 0 0 0 0 0 0 0 0 0 0 0 0 0 0 0 0 0 0 0 0 0 0 0 0 0 0 0 0 0 0 0 0 0 0 0 0 0 0 0 0 0 0 0 0 0 0 0 0 0 0 0 0 0 0 0 0 0 0 0 0 0 0 0 0 0 0 0 0 0 0 0 0 0 0 0 0 0 0 0 0 0 0 0 0 0 0 0 0 0 0 0 0 0 0 0 0 0 0 0 0 0 0 0 0 0 0 0 0 0 0 0 0 0 0 0 0 0 0 0 0 0 0 0 0 0 0 0 0 0 0 0 0 0 0 0 0 0 0 0 0 0 0 0 0 0 0 0 0 0 0 0 0 0 0 0 0 0 0 0 0 0 0 0 0 0 0 0 0 0 0 0 0 0 0 0 0 0 0 0 0 0 0 0 0 0 0 0 0 0 0 0 0 0 0 0 0 0 0 0 0 0 0 0 0 0 0 0 0 0 0 0 0 0 0 0 0 0 0 0 0 0 0 0 0 0 0 0 0 0 0 0 0 0 0 0 0 0 0 0 0 0 0 0 0 0 0 0 0 0 0 0 0 0 0 0 0 0 0 0 0 0 0 0 0 0 0 0 0 0 0 0 0 0 0 0 0 0 0 0 0 0 0 0 0 0 0 0 0 0 0 0 0 0 0 0 0 0 0 0 0 0 0 0 0 0 0 0 0 0 0 0 0 0 0 0 0 0 0 0 0 0 0 0 0 0 0 0 0 0 0 0 0 0 0 0 0 0 0 0 0 0 0 0 0 0 0 0 0 0 0 0 0 0 0 0 0 0 0 0 0 0 0 0 0 0 0 0 0 0 0 0 0 0 0 0 0 0 0 0 0 0 0 0 0 0 0 0 0 0 0 0 0 0 0 0 0 0 0 0 0 0 0 0 0 0 0 0 0 0 0 0 0 0 0 0 0 0 0 0 0 0 0 0 0 0 0 0 0 0 0 0 0 0 0 0 0 0 0 0 0 0 0 0 0 0 0 0 0 0 0 0 0 0 0 0 0 0 0 0 0 0 0 0 0 0 0 0 0 0 0 0 0 0 0 0 0 0 0 0 0 0 0 0 0 0 0 0 0 0 0 0 0 0 0 0 0 0 0 0 0 0 0 0 0 0 0 0 0 0 0 0 0 0 0 0 0 0 0 0 0 0 0 0 0 0 0 0 0 0 0 0 0 0 0 0 0 0 0 0 0 0 0 0 0 0 0 0 0 0 0 0 0 0 0 0 0 0 0 0 0 0 0 0 0 0 0 0 0 0 0 0 0 0 0 0 0 0 0 0 0 0 0 0 0 0 0 0 0 0 0 0 0 0 0 0 0 0 0 0 0 0 0 0 0 0 0 0 0 0 0 0 0 0 0 0 0 0 0 0 0 0 0 0 0 0 0 0 0 0 0 0 0 0 0 0 0 0 0 0 0 0 0 0 0 0 0 0 0 0 0 0 0 0 0 0 0 0 0 0 0 0 0 0 0 0 0 0 0 0 0 0 0 0 0 0 0 0 0 0 0 0 0 0 0 0 0 0 0 0 0 0 0 0 0 0 0 0 0 0 0 0 0 0 0 0 0 0 0 0 0 0 0 0 0 0 0 0 0 0 0 0 0 0 0 0 0 0 0 0 0 0 0 0 0 0 0 0 0 0 0 0 0 0 0 0 0 0 0 0 0 0 0 0 0 0 0 0 0 0 0 0 0 0 0 0 0 0 0 0 0 0 0 0 0 0 0 0 0 0 0 0 0 0 0 0 0 0 0 0 0 0 0 0 0 0 0 0 0 0 0 0 0 0 0 0 0 0 0 0 0 0 0 0 0 0 0 0 0 0 0 0 0 0 0 0 0 0 0 0 0 0 0 0 0 0 0 0 0 0 0 0 0 0 0 0 0 0 0 0 0 0 0 0 0 0 0 0 0 0 0 0 0 0 0 0 0 0 0 0 0 0 0 0 0 0 0 0 0 0 0 0 0 0 0 0 0 0 0 0 0 0 0 0 0 0 0 0 0 0 0 0 0 0 0 0 0 0 0 0 0 0 0 0 0 0 0 0 0 0 0 0 0 0 0 0 0 0 0 0 0 0 0 0 0 0 0 0 0 0 0 0 0 0 0 0 0 0 0 0 0 0 0 0 0 0 0 0 0 0 0 0 0 0 0 0 0 0 0 0 0 0 0 0 0 0 0 0 0 0 0 0 0 0 0 0 0 0 0 0 0 0 0 0 0 0 0 0 0 0 0 0 0 0 0 0 0 0 0 0 0 0 0 0 0 0 0 0 0 0 0 0 0 0 0 0 0 0 0 0 0 0 0 0 0 0 0 0 0 0 0 0 0 0 0 0 0 0 0 0 0 0 0 0 0 0 0 0 0 0 0 0 0 0 0 0 0 0 0 0 0 0 0 0 0 0 0 0 0 0 0 0 0 0 0 0 0 0 0 0 0 0 0 0 0 0 0 0 0 0 0 0 0 0 0 0 0 0 0 0 0 0 0 0 0 0 0 0 0 0 0 0 0 0 0 0 0 0 0 0 0 0 0 0 0 0 0 0 0 0 0 0 0 0 0 0 0 0 0 0 0 0 0 0 0 0 0 0 0 0 0 0 0 0 0 0 0 0 0 0 0 0 0 0 0 0 0 0 0 0 0 0 0 0 0 0 0 0 0 0 0 0 0 0 0 0 0 0 0 0 0 0 0 0 0 0 0 0 0 0 0 0 0 0 0 0 0 0 0 0 0 0 0 0 0 0 0 0 0 0 0 0 0 0 0 0 0 0 0 0 0 0 0 0 0 0 0 0 0 0 0 0 0 0 0 0 0 0 0 0 0 0 0 0 0 0 0 0 0 0 0 0 0 0 0 0 0 0 0 0 0 0 0 0 0 0 0 0 0 0 0 0 0 0 0 0 0 0 0 0 0 0 0 0 0 0 0 0 0 0 0 0 0 0 0 0 0 0 0 0 0 0 0 0 0 0 0 0 0 0 0 0 0 0 0 0 0 0 0 0 0 0 0 0 0 0 0 0 0 0 0 0 0 0 0 0 0 0 0 0 0 0 0 0 0 0 0 0 0 0 0 0 0 0 0 0 0 0 0 0 0 0 0 0 0 0 0 0 0 0 0 0 0 0 0 0 0 0 0 0 0 0 0 0 0 0 0 0 0 0 0 0 0 0 0 0 0 0 0 0 0 0 0 0 0 0 0 0 0 0 0 0 0 0 0 0 0 0 0 0 0 0 0 0 0 0 0 0 0 0 0 0 0 0 0 0 0 0 0 0 0 0 0 0 0 0 0 0 0 0 0 0 0 0 0 0 0 0 0 0 0 0 0 0 0 0 0 0 0 0 0 0 0 0 0 0 0 0 0 0 0 0 0 0 0 0 0 0 0 0 0 0 0 0 0 0 0 0 0 0 0 0 0 0 0 0 0 0 0 0 0 0 0 0 0 0 0 0 0 0 0 0 0 0 0 0 0 0 0 0 0 0 0 0 0 0 0 0 0 0 0 0 0 0 0 0 0 0 0 0 0 0 0 0 0 0 0 0 0 0 0 0 0 0 0 0 0 0 0 0 0 0 0 0 0 0 0 0 0 0 0 0 0 0 0 0 0 0 0 0 0 0 0 0 0 0 0 0 0 0 0 0 0 0 0 0 0 0 0 0 0 0 0 0 0 0 0 0 0 0 0 0 0 0 0 0 0 0 0 0 0 0 0 0 0 0 0 0 0 0 0 0 0 0 0 0 0 0 0 0 0 0 0 0 0 0 0 0 0 0 0 0 0 0 0 0 0 0 0 0 0 0 0 0 0 0 0 0 0 0 0 0 0 0 0 0 0 0 0 0 0 0 0 0 0 0 0 0 0 0 0 0 0 0 0 0 0 0 0 0 0 0 0 0 0 0 0 0 0 0 0 0 0 0 0 0 0 0 0 0 0 0 0 0 0 0 0 0 0 0 0 0 0 0 0 0 0 0 0 0 0 0 0 0 0 0 0 0 0 0 0 0 0 0 0 0 0 0 0 0 0 0 0 0 0 0 0 0 0 0 0 0 0 0 0 0 0 0 0 0 0 0 0 0 0 0 0 0 0 0 0 0 0 0 0 0 0 0 0 0 0 0 0 0 0 0 0 0 0 0 0 0 0 0 0 0 0 0 0 0 0 0 0 0 0 0 0 0 0 0 0 0 0 0 0 0 0 0 0 0 0 0 0 0 0 0 0 0 0 0 0 0 0 0 0 0 0 0 0 0 0 0 0 0 0 0 0 0 0 0 0 0 0 0 0 0 0 0 0 0 0 0 0 0 0 0 0 0 0 0 0 0 0 0 0 0 0 0 0 0 0 0 0 0 0 0 0 0 0 0 0 0 0 0 0 0 0 0 0 0 0 0 0 0 0 0 0 0 0 0 0 0 0 0 0 0 0 0 0 0 0 0 0 0 0 0 0 0 0 0 0 0 0 0 0 0 0 0 0 0 0 0 0 0 0 0 0 0 0 0 0 0 0 0 0 0 0 0 0 0 0 0 0 0 0 0 0 0 0 0 0 0 0 0 0 0 0 0 0 0 0 0 0 0 0 0 0 0 0 0 0 0 0 0 0 0 0 0 0 0 0 0 0 0 0 0 0 0 0 0 0 0 0 0 0 0 0 0 0 0 0 0 0 0 0 0 0 0 0 0 0 0 0 0 0 0 0 0 0 0 0 0 0 0 0 0 0 0 0 0 0 0 0 0 0 0 0 0 0 0 0 0 0 0 0 0 0 0 0 0 0 0 0 0 0 0 0 0 0 0 0 0 0 0 0 0 0 0 0 0 0 0 0 0 0 0 0 0 0 0 0 0 0 0 0 0 0 0 0 0 0 0 0 0 0 0 0 0 0 0 0 0 0 0 0 0 0 0 0 0 0 0 0 0 0 0 0 0 0 0 0 0 0 0 0 0 0 0 0 0 0 0 0 0 0 0 0 0 0 0 0 0 0 0 0 0 0 0 0 0 0 0 0 0 0 0 0 0 0 0 0 0 0 0 0 0 0 0 0 0 0 0 0 0 0 0 0 0 0 0 0 0 0 0 0 0 0 0 0 0 0 0 0 0 0 0 0 0 0 0 0 0 0 0 0 0 0 0 0 0 0 0 0 0 0 0 0 0 0 0 0 0 0 0 0 0 0 0 0 0 0 0 0 0 0 0 0 0 0 0 0 0 0 0 0 0 0 0 0 0 0 0 0 0 0 0 0 0 0 0 0 0 0 0 0 0 0 0 0 0 0 0 0 0 0 0 0 0 0 0 0 0 0 0 0 0 0 0 0 0 0 0 0 0 0 0 0 0 0 0 0 0 0 0 0 0 0 0 0 0 0 0 0 0 0 0 0 0 0 0 0 0 0 0 0 0 0 0 0 0 0 0 0 0 0 0 0 0 0 0 0 0 0 0 0 0 0 0 0 0 0 0 0 0 0 0 0 0 0 0 0 0 0 0 0 0 0 0 0 0 0 0 0 0 0 0 0 0 0 0 0 0 0 0 0 0 0 0 0 0 0 0 0 0 0 0 0 0 0 0 0 0 0 0 0 0 0 0 0 0 0 0 0 0 0 0 0 0 0 0 0 0 0 0 0 0 0 0 0 0 0 0 0 0 0 0 0 0 0 0 0 0 0 0 0 0 0 0 0 0 0 0 0 0 0 0 0 0 0 0 0 0 0 0 0 0 0 0 0 0 0 0 0 0 0 0 0 0 0 0 0 0 0 0 0 0 0 0 0 0 0 0 0 0 0 0 0 0 0 0 0 0 0 0 0 0 0 0 0 0 0 0 0 0 0 0 0 0 0 0 0 0 0 0 0 0 0 0 0 0 0 0 0 0 0 0 0 0 0 0 0 0 0 0 0 0 0 0 0 0 0 0 0 0 0 0 0 0 0 0 0 0 0 0 0 0 0 0 0 0 0 0 0 0 0 0 0 0 0 0 0 0 0 0 0 0 0 0 0 0 0 0 0 0 0 0 0 0 0 0 0 0 0 0 0 0 0 0 0 0 0 0 0 0 0 0 0 0 0 0 0 0 0 0 0 0 0 0 0 0 0 0 0 0 0 0 0 0 0 0 0 0 0 0 0 0 0 0 0 0 0 0 0 0 0 0 0 0 0 0 0 0 0 0 0 0 0 0 0 0 0 0 0 0 0 0 0 0 0 0 0 0 0 0 0 0 0 0 0 0 0 0 0 0 0 0 0 0 0 0 0 0 0 0 0 0 0 0 0 0 0 0 0 0 0 0 0 0 0 0 0 0 0 0 0 0 0 0 0 0 0 0 0 0 0 0 0 0 0 0 0 0 0 0 0 0 0 0 0 0 0 0 0 0 0 0 0 0 0 0 0 0 0 0 0 0 0 0 0 0 0 0 0 0 0 0 0 0 0 0 0 0 0 0 0 0 0 0 0 0 0 0 0 0 0 0 0 0 0 0 0 0 0 0 0 0 0 0 0 0 0 0 0 0 0 0 0 0 0 0 0 0 0 0 0 0 0 0 0 0 0 0 0 0 0 0 0 0 0 0 0 0 0 0 0 0 0 0 0 0 0 0 0 0 0 0 0 0 0 0 0 0 0 0 0 0 0 0 0 0 0 0 0 0 0 0 0 0 0 0 0 0 0 0 0 0 0 0 0 0 0 0 0 0 0 0 0 0 0 0 0 0 0 0 0 0 0 0 0 0 0 0 0 0 0 0 0 0 0 0 0 0 0 0 0 0 0 0 0 0 0 0 0 0 0 0 0 0 0 0 0 0 0 0 0 0 0 0 0 0 0 0 0 0 0 0 0 0 0 0 0 0 0 0 0 0 0 0 0 0 0 0 0 0 0 0 0 0 0 0 0 0 0 0 0 0 0 0 0 0 0 0 0 0 0 0 0 0 0 0 0 0 0 0 0 0 0 0 0 0 0 0 0 0 0 0 0 0 0 0 0 0 0 0 0 0 0 0 0 0 0 0 0 0 0 0 0 0 0 0 0 0 0 0 0 0 0 0 0 0 0 0 0 0 0 0 0 0 0 0 0 0 0 0 0 0 0 0 0 0 0 0 0 0 0 0 0 0 0 0 0 0 0 0 0 0 0 0 0 0 0 0 0 0 0 0 0 0 0 0 0 0 0 0 0 0 0 0 0 0 0 0 0 0 0 0 0 0 0 0 0 0 0 0 0 0 0 0 0 0 0 0 0 0 0 0 0 0 0 0 0 0 0 0 0 0 0 0 0 0 0 0 0 0 0 0 0 0 0 0 0 0 0 0 0 0 0 0 0 0 0 0 0 0 0 0 0 0 0 0 0 0 0 0 0 0 0 0 0 0 0 0 0 0 0 0 0 0 0 0 0 0 0 0 0 0 0 0 0 0 0 0 0 0 0 0 0 0 0 0 0 0 0 0 0 0 0 0 0 0 0 0 0 0 0 0 0 0 0 0 0 0 0 0 0 0 0 0 0 0 0 0 0 0 0 0 0 0 0 0 0 0 0 0 0 0 0 0 0 0 0 0 0 0 0 0 0 0 0 0 0 0 0 0 0 0 0 0 0 0 0 0 0 0 0 0 0 0 0 0 0 0 0 0 0 0 0 0 0 0 0 0 0 0 0 0 0 0 0 0 0 0 0 0 0 0 0 0 0 0 0 0 0 0 0 0 0 0 0 0 0 0 0 0 0 0 0 0 0 0 0 0 0 0 0 0 0 0 0 0 0 0 0 0 0 0 0 0 0 0 0 0 0 0 0 0 0 0 0 0 0 0 0 0 0 0 0 0 0 0 0 0 0 0 0 0 0 0 0 0 0 0 0 0 0 0 0 0 0 0 0 0 0 0 0 0 0 0 0 0 0 0 0 0 0 0 0 0 0 0 0 0 0 0 0 0 0 0 0 0 0 0 0 0 0 0 0 0 0 0 0 0 0 0 0 0 0 0 0 0 0 0 0 0 0 0 0 0 0 0 0 0 0 0 0 0 0 0 0 0 0 0 0 0 0 0 0 0 0 0 0 0 0 0 0 0 0 0 0 0 0 0 0 0 0 0 0 0 0 0 0 0 0 0 0 0 0 0 0 0 0 0 0 0 0 0 0 0 0 0 0 0 0 0 0 0 0 0 0 0 0 0 0 0 0 0 0 0 0 0 0 0 0 0 0 0 0 0 0 0 0 0 0 0 0 0 0 0 0 0 0 0 0 0 0 0 0 0 0 0 0 0 0 0 0 0 0 0 0 0 0 0 0 0 0 0 0 0 0 0 0 0 0 0 0 0 0 0 0 0 0 0 0 0 0 0 0 0 0 0 0 0 0 0 0 0 0 0 0 0 0 0 0 0 0 0 0 0 0 0 0 0 0 0 0 0 0 0 0 0 0 0 0 0 0 0 0 0 0 0 0 0 0 0 0 0 0 0 0 0 0 0 0 0 0 0 0 0 0 0 0 0 0 0 0 0 0 0 0 0 0 0 0 0 0 0 0 0 0 0 0 0 0 0 0 0 0 0 0 0 0 0 0 0 0 0 0 0 0 0 0 0 0 0 0 0 0 0 0 0 0 0 0 0 0 0 0 0 0 0 0 0 0 0 0 0 0 0 0 0 0 0 0 0 0 0 0 0 0 0 0 0 0 0 0 0 0 0 0 0 0 0 0 0 0 0 0 0 0 0 0 0 0 0 0 0 0 0 0 0 0 0 0 0 0 0 0 0 0 0 0 0 0 0 0 0 0 0 0 0 0 0 0 0 0 0 0 0 0 0 0 0 0 0 0 0 0 0 0 0 0 0 0 0 0 0 0 0 0 0 0 0 0 0 0 0</float_array>
          <technique_common>
            <accessor source="#Cylinder_010-mesh-map-3-array" count="7812" stride="2">
              <param name="S" type="float"/>
              <param name="T" type="float"/>
            </accessor>
          </technique_common>
        </source>
        <source id="Cylinder_010-mesh-map-4">
          <float_array id="Cylinder_010-mesh-map-4-array" count="15624">0 0 0 0 0 0 0 0 0 0 0 0 0 0 0 0 0 0 0 0 0 0 0 0 0 0 0 0 0 0 0 0 0 0 0 0 0 0 0 0 0 0 0 0 0 0 0 0 0 0 0 0 0 0 0 0 0 0 0 0 0 0 0 0 0 0 0 0 0 0 0 0 0 0 0 0 0 0 0 0 0 0 0 0 0 0 0 0 0 0 0 0 0 0 0 0 0 0 0 0 0 0 0 0 0 0 0 0 0 0 0 0 0 0 0 0 0 0 0 0 0 0 0 0 0 0 0 0 0 0 0 0 0 0 0 0 0 0 0 0 0 0 0 0 0 0 0 0 0 0 0 0 0 0 0 0 0 0 0 0 0 0 0 0 0 0 0 0 0 0 0 0 0 0 0 0 0 0 0 0 0 0 0 0 0 0 0 0 0 0 0 0 0 0 0 0 0 0 0 0 0 0 0 0 0 0 0 0 0 0 0 0 0 0 0 0 0 0 0 0 0 0 0 0 0 0 0 0 0 0 0 0 0 0 0 0 0 0 0 0 0 0 0 0 0 0 0 0 0 0 0 0 0 0 0 0 0 0 0 0 0 0 0 0 0 0 0 0 0 0 0 0 0 0 0 0 0 0 0 0 0 0 0 0 0 0 0 0 0 0 0 0 0 0 0 0 0 0 0 0 0 0 0 0 0 0 0 0 0 0 0 0 0 0 0 0 0 0 0 0 0 0 0 0 0 0 0 0 0 0 0 0 0 0 0 0 0 0 0 0 0 0 0 0 0 0 0 0 0 0 0 0 0 0 0 0 0 0 0 0 0 0 0 0 0 0 0 0 0 0 0 0 0 0 0 0 0 0 0 0 0 0 0 0 0 0 0 0 0 0 0 0 0 0 0 0 0 0 0 0 0 0 0 0 0 0 0 0 0 0 0 0 0 0 0 0 0 0 0 0 0 0 0 0 0 0 0 0 0 0 0 0 0 0 0 0 0 0 0 0 0 0 0 0 0 0 0 0 0 0 0 0 0 0 0 0 0 0 0 0 0 0 0 0 0 0 0 0 0 0 0 0 0 0 0 0 0 0 0 0 0 0 0 0 0 0 0 0 0 0 0 0 0 0 0 0 0 0 0 0 0 0 0 0 0 0 0 0 0 0 0 0 0 0 0 0 0 0 0 0 0 0 0 0 0 0 0 0 0 0 0 0 0 0 0 0 0 0 0 0 0 0 0 0 0 0 0 0 0 0 0 0 0 0 0 0 0 0 0 0 0 0 0 0 0 0 0 0 0 0 0 0 0 0 0 0 0 0 0 0 0 0 0 0 0 0 0 0 0 0 0 0 0 0 0 0 0 0 0 0 0 0 0 0 0 0 0 0 0 0 0 0 0 0 0 0 0 0 0 0 0 0 0 0 0 0 0 0 0 0 0 0 0 0 0 0 0 0 0 0 0 0 0 0 0 0 0 0 0 0 0 0 0 0 0 0 0 0 0 0 0 0 0 0 0 0 0 0 0 0 0 0 0 0 0 0 0 0 0 0 0 0 0 0 0 0 0 0 0 0 0 0 0 0 0 0 0 0 0 0 0 0 0 0 0 0 0 0 0 0 0 0 0 0 0 0 0 0 0 0 0 0 0 0 0 0 0 0 0 0 0 0 0 0 0 0 0 0 0 0 0 0 0 0 0 0 0 0 0 0 0 0 0 0 0 0 0 0 0 0 0 0 0 0 0 0 0 0 0 0 0 0 0 0 0 0 0 0 0 0 0 0 0 0 0 0 0 0 0 0 0 0 0 0 0 0 0 0 0 0 0 0 0 0 0 0 0 0 0 0 0 0 0 0 0 0 0 0 0 0 0 0 0 0 0 0 0 0 0 0 0 0 0 0 0 0 0 0 0 0 0 0 0 0 0 0 0 0 0 0 0 0 0 0 0 0 0 0 0 0 0 0 0 0 0 0 0 0 0 0 0 0 0 0 0 0 0 0 0 0 0 0 0 0 0 0 0 0 0 0 0 0 0 0 0 0 0 0 0 0 0 0 0 0 0 0 0 0 0 0 0 0 0 0 0 0 0 0 0 0 0 0 0 0 0 0 0 0 0 0 0 0 0 0 0 0 0 0 0 0 0 0 0 0 0 0 0 0 0 0 0 0 0 0 0 0 0 0 0 0 0 0 0 0 0 0 0 0 0 0 0 0 0 0 0 0 0 0 0 0 0 0 0 0 0 0 0 0 0 0 0 0 0 0 0 0 0 0 0 0 0 0 0 0 0 0 0 0 0 0 0 0 0 0 0 0 0 0 0 0 0 0 0 0 0 0 0 0 0 0 0 0 0 0 0 0 0 0 0 0 0 0 0 0 0 0 0 0 0 0 0 0 0 0 0 0 0 0 0 0 0 0 0 0 0 0 0 0 0 0 0 0 0 0 0 0 0 0 0 0 0 0 0 0 0 0 0 0 0 0 0 0 0 0 0 0 0 0 0 0 0 0 0 0 0 0 0 0 0 0 0 0 0 0 0 0 0 0 0 0 0 0 0 0 0 0 0 0 0 0 0 0 0 0 0 0 0 0 0 0 0 0 0 0 0 0 0 0 0 0 0 0 0 0 0 0 0 0 0 0 0 0 0 0 0 0 0 0 0 0 0 0 0 0 0 0 0 0 0 0 0 0 0 0 0 0 0 0 0 0 0 0 0 0 0 0 0 0 0 0 0 0 0 0 0 0 0 0 0 0 0 0 0 0 0 0 0 0 0 0 0 0 0 0 0 0 0 0 0 0 0 0 0 0 0 0 0 0 0 0 0 0 0 0 0 0 0 0 0 0 0 0 0 0 0 0 0 0 0 0 0 0 0 0 0 0 0 0 0 0 0 0 0 0 0 0 0 0 0 0 0 0 0 0 0 0 0 0 0 0 0 0 0 0 0 0 0 0 0 0 0 0 0 0 0 0 0 0 0 0 0 0 0 0 0 0 0 0 0 0 0 0 0 0 0 0 0 0 0 0 0 0 0 0 0 0 0 0 0 0 0 0 0 0 0 0 0 0 0 0 0 0 0 0 0 0 0 0 0 0 0 0 0 0 0 0 0 0 0 0 0 0 0 0 0 0 0 0 0 0 0 0 0 0 0 0 0 0 0 0 0 0 0 0 0 0 0 0 0 0 0 0 0 0 0 0 0 0 0 0 0 0 0 0 0 0 0 0 0 0 0 0 0 0 0 0 0 0 0 0 0 0 0 0 0 0 0 0 0 0 0 0 0 0 0 0 0 0 0 0 0 0 0 0 0 0 0 0 0 0 0 0 0 0 0 0 0 0 0 0 0 0 0 0 0 0 0 0 0 0 0 0 0 0 0 0 0 0 0 0 0 0 0 0 0 0 0 0 0 0 0 0 0 0 0 0 0 0 0 0 0 0 0 0 0 0 0 0 0 0 0 0 0 0 0 0 0 0 0 0 0 0 0 0 0 0 0 0 0 0 0 0 0 0 0 0 0 0 0 0 0 0 0 0 0 0 0 0 0 0 0 0 0 0 0 0 0 0 0 0 0 0 0 0 0 0 0 0 0 0 0 0 0 0 0 0 0 0 0 0 0 0 0 0 0 0 0 0 0 0 0 0 0 0 0 0 0 0 0 0 0 0 0 0 0 0 0 0 0 0 0 0 0 0 0 0 0 0 0 0 0 0 0 0 0 0 0 0 0 0 0 0 0 0 0 0 0 0 0 0 0 0 0 0 0 0 0 0 0 0 0 0 0 0 0 0 0 0 0 0 0 0 0 0 0 0 0 0 0 0 0 0 0 0 0 0 0 0 0 0 0 0 0 0 0 0 0 0 0 0 0 0 0 0 0 0 0 0 0 0 0 0 0 0 0 0 0 0 0 0 0 0 0 0 0 0 0 0 0 0 0 0 0 0 0 0 0 0 0 0 0 0 0 0 0 0 0 0 0 0 0 0 0 0 0 0 0 0 0 0 0 0 0 0 0 0 0 0 0 0 0 0 0 0 0 0 0 0 0 0 0 0 0 0 0 0 0 0 0 0 0 0 0 0 0 0 0 0 0 0 0 0 0 0 0 0 0 0 0 0 0 0 0 0 0 0 0 0 0 0 0 0 0 0 0 0 0 0 0 0 0 0 0 0 0 0 0 0 0 0 0 0 0 0 0 0 0 0 0 0 0 0 0 0 0 0 0 0 0 0 0 0 0 0 0 0 0 0 0 0 0 0 0 0 0 0 0 0 0 0 0 0 0 0 0 0 0 0 0 0 0 0 0 0 0 0 0 0 0 0 0 0 0 0 0 0 0 0 0 0 0 0 0 0 0 0 0 0 0 0 0 0 0 0 0 0 0 0 0 0 0 0 0 0 0 0 0 0 0 0 0 0 0 0 0 0 0 0 0 0 0 0 0 0 0 0 0 0 0 0 0 0 0 0 0 0 0 0 0 0 0 0 0 0 0 0 0 0 0 0 0 0 0 0 0 0 0 0 0 0 0 0 0 0 0 0 0 0 0 0 0 0 0 0 0 0 0 0 0 0 0 0 0 0 0 0 0 0 0 0 0 0 0 0 0 0 0 0 0 0 0 0 0 0 0 0 0 0 0 0 0 0 0 0 0 0 0 0 0 0 0 0 0 0 0 0 0 0 0 0 0 0 0 0 0 0 0 0 0 0 0 0 0 0 0 0 0 0 0 0 0 0 0 0 0 0 0 0 0 0 0 0 0 0 0 0 0 0 0 0 0 0 0 0 0 0 0 0 0 0 0 0 0 0 0 0 0 0 0 0 0 0 0 0 0 0 0 0 0 0 0 0 0 0 0 0 0 0 0 0 0 0 0 0 0 0 0 0 0 0 0 0 0 0 0 0 0 0 0 0 0 0 0 0 0 0 0 0 0 0 0 0 0 0 0 0 0 0 0 0 0 0 0 0 0 0 0 0 0 0 0 0 0 0 0 0 0 0 0 0 0 0 0 0 0 0 0 0 0 0 0 0 0 0 0 0 0 0 0 0 0 0 0 0 0 0 0 0 0 0 0 0 0 0 0 0 0 0 0 0 0 0 0 0 0 0 0 0 0 0 0 0 0 0 0 0 0 0 0 0 0 0 0 0 0 0 0 0 0 0 0 0 0 0 0 0 0 0 0 0 0 0 0 0 0 0 0 0 0 0 0 0 0 0 0 0 0 0 0 0 0 0 0 0 0 0 0 0 0 0 0 0 0 0 0 0 0 0 0 0 0 0 0 0 0 0 0 0 0 0 0 0 0 0 0 0 0 0 0 0 0 0 0 0 0 0 0 0 0 0 0 0 0 0 0 0 0 0 0 0 0 0 0 0 0 0 0 0 0 0 0 0 0 0 0 0 0 0 0 0 0 0 0 0 0 0 0 0 0 0 0 0 0 0 0 0 0 0 0 0 0 0 0 0 0 0 0 0 0 0 0 0 0 0 0 0 0 0 0 0 0 0 0 0 0 0 0 0 0 0 0 0 0 0 0 0 0 0 0 0 0 0 0 0 0 0 0 0 0 0 0 0 0 0 0 0 0 0 0 0 0 0 0 0 0 0 0 0 0 0 0 0 0 0 0 0 0 0 0 0 0 0 0 0 0 0 0 0 0 0 0 0 0 0 0 0 0 0 0 0 0 0 0 0 0 0 0 0 0 0 0 0 0 0 0 0 0 0 0 0 0 0 0 0 0 0 0 0 0 0 0 0 0 0 0 0 0 0 0 0 0 0 0 0 0 0 0 0 0 0 0 0 0 0 0 0 0 0 0 0 0 0 0 0 0 0 0 0 0 0 0 0 0 0 0 0 0 0 0 0 0 0 0 0 0 0 0 0 0 0 0 0 0 0 0 0 0 0 0 0 0 0 0 0 0 0 0 0 0 0 0 0 0 0 0 0 0 0 0 0 0 0 0 0 0 0 0 0 0 0 0 0 0 0 0 0 0 0 0 0 0 0 0 0 0 0 0 0 0 0 0 0 0 0 0 0 0 0 0 0 0 0 0 0 0 0 0 0 0 0 0 0 0 0 0 0 0 0 0 0 0 0 0 0 0 0 0 0 0 0 0 0 0 0 0 0 0 0 0 0 0 0 0 0 0 0 0 0 0 0 0 0 0 0 0 0 0 0 0 0 0 0 0 0 0 0 0 0 0 0 0 0 0 0 0 0 0 0 0 0 0 0 0 0 0 0 0 0 0 0 0 0 0 0 0 0 0 0 0 0 0 0 0 0 0 0 0 0 0 0 0 0 0 0 0 0 0 0 0 0 0 0 0 0 0 0 0 0 0 0 0 0 0 0 0 0 0 0 0 0 0 0 0 0 0 0 0 0 0 0 0 0 0 0 0 0 0 0 0 0 0 0 0 0 0 0 0 0 0 0 0 0 0 0 0 0 0 0 0 0 0 0 0 0 0 0 0 0 0 0 0 0 0 0 0 0 0 0 0 0 0 0 0 0 0 0 0 0 0 0 0 0 0 0 0 0 0 0 0 0 0 0 0 0 0 0 0 0 0 0 0 0 0 0 0 0 0 0 0 0 0 0 0 0 0 0 0 0 0 0 0 0 0 0 0 0 0 0 0 0 0 0 0 0 0 0 0 0 0 0 0 0 0 0 0 0 0 0 0 0 0 0 0 0 0 0 0 0 0 0 0 0 0 0 0 0 0 0 0 0 0 0 0 0 0 0 0 0 0 0 0 0 0 0 0 0 1 1 0.96875 0.5 1 0.5 0.96875 1 0.9375 0.5 0.96875 0.5 0.9375 1 0.90625 0.5 0.9375 0.5 0.90625 1 0.8750001 0.5 0.90625 0.5 0.8750001 1 0.84375 0.5 0.8750001 0.5 0.84375 1 0.8125 0.5 0.84375 0.5 0.8125 1 0.78125 0.5 0.8125 0.5 0.78125 1 0.75 0.5 0.78125 0.5 0.75 1 0.71875 0.5 0.75 0.5 0.71875 1 0.6875 0.5 0.71875 0.5 0.6875 1 0.65625 0.5 0.6875 0.5 0.65625 1 0.625 0.5 0.65625 0.5 0.625 1 0.59375 0.5 0.625 0.5 0.59375 1 0.5625 0.5 0.59375 0.5 0.5625 1 0.53125 0.5 0.5625 0.5 0.53125 1 0.5 0.5 0.53125 0.5 0.5 1 0.46875 0.5 0.5 0.5 0.46875 1 0.4375 0.5 0.46875 0.5 0.4375 1 0.40625 0.5 0.4375 0.5 0.40625 1 0.375 0.5 0.40625 0.5 0.375 1 0.34375 0.5 0.375 0.5 0.34375 1 0.3125 0.5 0.34375 0.5 0.3125 1 0.28125 0.5 0.3125 0.5 0.28125 1 0.25 0.5 0.28125 0.5 0.25 1 0.21875 0.5 0.25 0.5 0.21875 1 0.1875 0.5 0.21875 0.5 0.1875 1 0.15625 0.5 0.1875 0.5 0.15625 1 0.125 0.5 0.15625 0.5 0.125 1 0.09375 0.5 0.125 0.5 0.09375 1 0.0625 0.5 0.09375 0.5 0.02826893 0.341844 0.1581559 0.02826887 0.4717311 0.1581559 0.0625 1 0.03125 0.5 0.0625 0.5 0.03125 1 0 0.5 0.03125 0.5 0.9853885 0.2968217 0.7968217 0.01461148 0.5146116 0.2031783 1 1 0.96875 1 0.96875 0.5 0.96875 1 0.9375 1 0.9375 0.5 0.9375 1 0.90625 1 0.90625 0.5 0.90625 1 0.8750001 1 0.8750001 0.5 0.8750001 1 0.84375 1 0.84375 0.5 0.84375 1 0.8125 1 0.8125 0.5 0.8125 1 0.78125 1 0.78125 0.5 0.78125 1 0.75 1 0.75 0.5 0.75 1 0.71875 1 0.71875 0.5 0.71875 1 0.6875 1 0.6875 0.5 0.6875 1 0.65625 1 0.65625 0.5 0.65625 1 0.625 1 0.625 0.5 0.625 1 0.59375 1 0.59375 0.5 0.59375 1 0.5625 1 0.5625 0.5 0.5625 1 0.53125 1 0.53125 0.5 0.53125 1 0.5 1 0.5 0.5 0.5 1 0.46875 1 0.46875 0.5 0.46875 1 0.4375 1 0.4375 0.5 0.4375 1 0.40625 1 0.40625 0.5 0.40625 1 0.375 1 0.375 0.5 0.375 1 0.34375 1 0.34375 0.5 0.34375 1 0.3125 1 0.3125 0.5 0.3125 1 0.28125 1 0.28125 0.5 0.28125 1 0.25 1 0.25 0.5 0.25 1 0.21875 1 0.21875 0.5 0.21875 1 0.1875 1 0.1875 0.5 0.1875 1 0.15625 1 0.15625 0.5 0.15625 1 0.125 1 0.125 0.5 0.125 1 0.09375 1 0.09375 0.5 0.09375 1 0.0625 1 0.0625 0.5 0.341844 0.4717311 0.2968217 0.4853885 0.1581559 0.4717311 0.2968217 0.4853885 0.25 0.49 0.1581559 0.4717311 0.25 0.49 0.2031783 0.4853885 0.1581559 0.4717311 0.1581559 0.4717311 0.116663 0.4495527 0.08029431 0.4197056 0.08029431 0.4197056 0.0504471 0.3833368 0.1581559 0.4717311 0.0504471 0.3833368 0.02826893 0.341844 0.1581559 0.4717311 0.02826893 0.341844 0.01461154 0.2968217 0.00999999 0.25 0.00999999 0.25 0.01461154 0.2031783 0.02826887 0.1581559 0.02826887 0.1581559 0.05044728 0.116663 0.08029437 0.08029437 0.08029437 0.08029437 0.116663 0.05044728 0.1581559 0.02826887 0.1581559 0.02826887 0.2031783 0.01461148 0.25 0.00999999 0.25 0.00999999 0.2968217 0.01461148 0.341844 0.02826887 0.341844 0.02826887 0.3833369 0.05044728 0.4197056 0.08029437 0.4197056 0.08029437 0.4495527 0.116663 0.4717311 0.1581559 0.4717311 0.1581559 0.4853885 0.2031783 0.49 0.25 0.49 0.25 0.4853885 0.2968217 0.4717311 0.341844 0.4717311 0.341844 0.4495527 0.3833369 0.4197056 0.4197056 0.4197056 0.4197056 0.3833369 0.4495527 0.341844 0.4717311 0.02826893 0.341844 0.00999999 0.25 0.1581559 0.02826887 0.00999999 0.25 0.02826887 0.1581559 0.1581559 0.02826887 0.02826887 0.1581559 0.08029437 0.08029437 0.1581559 0.02826887 0.1581559 0.02826887 0.25 0.00999999 0.341844 0.02826887 0.341844 0.02826887 0.4197056 0.08029437 0.1581559 0.02826887 0.4197056 0.08029437 0.4717311 0.1581559 0.1581559 0.02826887 0.4717311 0.1581559 0.49 0.25 0.341844 0.4717311 0.49 0.25 0.4717311 0.341844 0.341844 0.4717311 0.4717311 0.341844 0.4197056 0.4197056 0.341844 0.4717311 0.341844 0.4717311 0.1581559 0.4717311 0.02826893 0.341844 0.341844 0.4717311 0.02826893 0.341844 0.4717311 0.1581559 0.0625 1 0.03125 1 0.03125 0.5 0.03125 1 0 1 0 0.5 0.7031784 0.4853885 0.75 0.49 0.7968217 0.4853885 0.7968217 0.4853885 0.841844 0.4717311 0.8833369 0.4495527 0.8833369 0.4495527 0.9197056 0.4197056 0.9495527 0.3833369 0.9495527 0.3833369 0.9717311 0.341844 0.9853885 0.2968217 0.9853885 0.2968217 0.99 0.25 0.9853885 0.2031783 0.9853885 0.2031783 0.9717311 0.1581559 0.9495527 0.116663 0.9495527 0.116663 0.9197056 0.08029437 0.8833369 0.05044728 0.8833369 0.05044728 0.841844 0.02826887 0.7968217 0.01461148 0.7968217 0.01461148 0.75 0.00999999 0.7031784 0.01461148 0.7031784 0.01461148 0.658156 0.02826887 0.6166631 0.05044728 0.6166631 0.05044728 0.5802944 0.08029437 0.5504474 0.116663 0.5504474 0.116663 0.5282689 0.1581559 0.5146116 0.2031783 0.5146116 0.2031783 0.51 0.25 0.5146116 0.2968217 0.5146116 0.2968217 0.5282689 0.341844 0.5146116 0.2031783 0.5282689 0.341844 0.5504473 0.3833368 0.5146116 0.2031783 0.5504473 0.3833368 0.5802944 0.4197056 0.7031784 0.4853885 0.5802944 0.4197056 0.6166631 0.4495527 0.7031784 0.4853885 0.6166631 0.4495527 0.658156 0.4717311 0.7031784 0.4853885 0.7031784 0.4853885 0.7968217 0.4853885 0.9853885 0.2968217 0.7968217 0.4853885 0.8833369 0.4495527 0.9853885 0.2968217 0.8833369 0.4495527 0.9495527 0.3833369 0.9853885 0.2968217 0.9853885 0.2968217 0.9853885 0.2031783 0.9495527 0.116663 0.9495527 0.116663 0.8833369 0.05044728 0.9853885 0.2968217 0.8833369 0.05044728 0.7968217 0.01461148 0.9853885 0.2968217 0.7968217 0.01461148 0.7031784 0.01461148 0.5146116 0.2031783 0.7031784 0.01461148 0.6166631 0.05044728 0.5146116 0.2031783 0.6166631 0.05044728 0.5504474 0.116663 0.5146116 0.2031783 0.5146116 0.2031783 0.5504473 0.3833368 0.7031784 0.4853885 0.7031784 0.4853885 0.9853885 0.2968217 0.5146116 0.2031783 0 0 0 0 0 0 0 0 0 0 0 0 0 0 0 0 0 0 0 0 0 0 0 0 0 0 0 0 0 0 0 0 0 0 0 0 0 0 0 0 0 0 0 0 0 0 0 0 0 0 0 0 0 0 0 0 0 0 0 0 0 0 0 0 0 0 0 0 0 0 0 0 0 0 0 0 0 0 0 0 0 0 0 0 0 0 0 0 0 0 0 0 0 0 0 0 0 0 0 0 0 0 0 0 0 0 0 0 0 0 0 0 0 0 0 0 0 0 0 0 0 0 0 0 0 0 0 0 0 0 0 0 0 0 0 0 0 0 0 0 0 0 0 0 0 0 0 0 0 0 0 0 0 0 0 0 0 0 0 0 0 0 0 0 0 0 0 0 0 0 0 0 0 0 0 0 0 0 0 0 0 0 0 0 0 0 0 0 0 0 0 0 0 0 0 0 0 0 0 0 0 0 0 0 0 0 0 0 0 0 0 0 0 0 0 0 0 0 0 0 0 0 0 0 0 0 0 0 0 0 0 0 0 0 0 0 0 0 0 0 0 0 0 0 0 0 0 0 0 0 0 0 0 0 0 0 0 0 0 0 0 0 0 0 0 0 0 0 0 0 0 0 0 0 0 0 0 0 0 0 0 0 0 0 0 0 0 0 0 0 0 0 0 0 0 0 0 0 0 0 0 0 0 0 0 0 0 0 0 0 0 0 0 0 0 0 0 0 0 0 0 0 0 0 0 0 0 0 0 0 0 0 0 0 0 0 0 0 0 0 0 0 0 0 0 0 0 0 0 0 0 0 0 0 0 0 0 0 0 0 0 0 0 0 0 0 0 0 0 0 0 0 0 0 0 0 0 0 0 0 0 0 0 0 0 0 0 0 0 0 0 0 0 0 0 0 0 0 0 0 0 0 0 0 0 0 0 0 0 0 0 0 0 0 0 0 0 0 0 0 0 0 0 0 0 0 0 0 0 0 0 0 0 0 0 0 0 0 0 0 0 0 0 0 0 0 0 0 0 0 0 0 0 0 0 0 0 0 0 0 0 0 0 0 0 0 0 0 0 0 0 0 0 0 0 0 0 0 0 0 0 0 0 0 0 0 0 0 0 0 0 0 0 0 0 0 0 0 0 0 0 0 0 0 0 0 0 0 0 0 0 0 0 0 0 0 0 0 0 0 0 0 0 0 0 0 0 0 0 0 0 0 0 0 0 0 0 0 0 0 0 0 0 0 0 0 0 0 0 0 0 0 0 0 0 0 0 0 0 0 0 0 0 0 0 0 0 0 0 0 0 0 0 0 0 0 0 0 0 0 0 0 0 0 0 0 0 0 0 0 0 0 0 0 0 0 0 0 0 0 0 0 0 0 0 0 0 0 0 0 0 0 0 0 0 0 0 0 0 0 0 0 0 0 0 0 0 0 0 0 0 0 0 0 0 0 0 0 0 0 0 0 0 0 0 0 0 0 0 0 0 0 0 0 0 0 0 0 0 0 0 0 0 0 0 0 0 0 0 0 0 0 0 0 0 0 0 0 0 0 0 0 0 0 0 0 0 0 0 0 0 0 0 0 0 0 0 0 0 0 0 0 0 0 0 0 0 0 0 0 0 0 0 0 0 0 0 0 0 0 0 0 0 0 0 0 0 0 0 0 0 0 0 0 0 0 0 0 0 0 0 0 0 0 0 0 0 0 0 0 0 0 0 0 0 0 0 0 0 0 0 0 0 0 0 0 0 0 0 0 0 0 0 0 0 0 0 0 0 0 0 0 0 0 0 0 0 0 0 0 0 0 0 0 0 0 0 0 0 0 0 0 0 0 0 0 0 0 0 0 0 0 0 0 0 0 0 0 0 0 0 0 0 0 0 0 0 0 0 0 0 0 0 0 0 0 0 0 0 0 0 0 0 0 0 0 0 0 0 0 0 0 0 0 0 0 0 0 0 0 0 0 0 0 0 0 0 0 0 0 0 0 0 0 0 0 0 0 0 0 0 0 0 0 0 0 0 0 0 0 0 0 0 0 0 0 0 0 0 0 0 0 0 0 0 0 0 0 0 0 0 0 0 0 0 0 0 0 0 0 0 0 0 0 0 0 0 0 0 0 0 0 0 0 0 0 0 0 0 0 0 0 0 0 0 0 0 0 0 0 0 0 0 0 0 0 0 0 0 0 0 0 0 0 0 0 0 0 0 0 0 0 0 0 0 0 0 0 0 0 0 0 0 0 0 0 0 0 0 0 0 0 0 0 0 0 0 0 0 0 0 0 0 0 0 0 0 0 0 0 0 0 0 0 0 0 0 0 0 0 0 0 0 0 0 0 0 0 0 0 0 0 0 0 0 0 0 0 0 0 0 0 0 0 0 0 0 0 0 0 0 0 0 0 0 0 0 0 0 0 0 0 0 0 0 0 0 0 0 0 0 0 0 0 0 0 0 0 0 0 0 0 0 0 0 0 0 0 0 0 0 0 0 0 0 0 0 0 0 0 0 0 0 0 0 0 0 0 0 0 0 0 0 0 0 0 0 0 0 0 0 0 0 0 0 0 0 0 0 0 0 0 0 0 0 0 0 0 0 0 0 0 0 0 0 0 0 0 0 0 0 0 0 0 0 0 0 0 0 0 0 0 0 0 0 0 0 0 0 0 0 0 0 0 0 0 0 0 0 0 0 0 0 0 0 0 0 0 0 0 0 0 0 0 0 0 0 0 0 0 0 0 0 0 0 0 0 0 0 0 0 0 0 0 0 0 0 0 0 0 0 0 0 0 0 0 0 0 0 0 0 0 0 0 0 0 0 0 0 0 0 0 0 0 0 0 0 0 0 0 0 0 0 0 0 0 0 0 0 0 0 0 0 0 0 0 0 0 0 0 0 0 0 0 0 0 0 0 0 0 0 0 0 0 0 0 0 0 0 0 0 0 0 0 0 0 0 0 0 0 0 0 0 0 0 0 0 0 0 0 0 0 0 0 0 0 0 0 0 0 0 0 0 0 0 0 0 0 0 0 0 0 0 0 0 0 0 0 0 0 0 0 0 0 0 0 0 0 0 0 0 0 0 0 0 0 0 0 0 0 0 0 0 0 0 0 0 0 0 0 0 0 0 0 0 0 0 0 0 0 0 0 0 0 0 0 0 0 0 0 0 0 0 0 0 0 0 0 0 0 0 0 0 0 0 0 0 0 0 0 0 0 0 0 0 0 0 0 0 0 0 0 0 0 0 0 0 0 0 0 0 0 0 0 0 0 0 0 0 0 0 0 0 0 0 0 0 0 0 0 0 0 0 0 0 0 0 0 0 0 0 0 0 0 0 0 0 0 0 0 0 0 0 0 0 0 0 0 0 0 0 0 0 0 0 0 0 0 0 0 0 0 0 0 0 0 0 0 0 0 0 0 0 0 0 0 0 0 0 0 0 0 0 0 0 0 0 0 0 0 0 0 0 0 0 0 0 0 0 0 0 0 0 0 0 0 0 0 0 0 0 0 0 0 0 0 0 0 0 0 0 0 0 0 0 0 0 0 0 0 0 0 0 0 0 0 0 0 0 0 0 0 0 0 0 0 0 0 0 0 0 0 0 0 0 0 0 0 0 0 0 0 0 0 0 0 0 0 0 0 0 0 0 0 0 0 0 0 0 0 0 0 0 0 0 0 0 0 0 0 0 0 0 0 0 0 0 0 0 0 0 0 0 0 0 0 0 0 0 0 0 0 0 0 0 0 0 0 0 0 0 0 0 0 0 0 0 0 0 0 0 0 0 0 0 0 0 0 0 0 0 0 0 0 0 0 0 0 0 0 0 0 0 0 0 0 0 0 0 0 0 0 0 0 0 0 0 0 0 0 0 0 0 0 0 0 0 0 0 0 0 0 0 0 0 0 0 0 0 0 0 0 0 0 0 0 0 0 0 0 0 0 0 0 0 0 0 0 0 0 0 0 0 0 0 0 0 0 0 0 0 0 0 0 0 0 0 0 0 0 0 0 0 0 0 0 0 0 0 0 0 0 0 0 0 0 0 0 0 0 0 0 0 0 0 0 0 0 0 0 0 0 0 0 0 0 0 0 0 0 0 0 0 0 0 0 0 0 0 0 0 0 0 0 0 0 0 0 0 0 0 0 0 0 0 0 0 0 0 0 0 0 0 0 0 0 0 0 0 0 0 0 0 0 0 0 0 0 0 0 0 0 0 0 0 0 0 0 0 0 0 0 0 0 0 0 0 0 0 0 0 0 0 0 0 0 0 0 0 0 0 0 0 0 0 0 0 0 0 0 0 0 0 0 0 0 0 0 0 0 0 0 0 0 0 0 0 0 0 0 0 0 0 0 0 0 0 0 0 0 0 0 0 0 0 0 0 0 0 0 0 0 0 0 0 0 0 0 0 0 0 0 0 0 0 0 0 0 0 0 0 0 0 0 0 0 0 0 0 0 0 0 0 0 0 0 0 0 0 0 0 0 0 0 0 0 0 0 0 0 0 0 0 0 0 0 0 0 0 0 0 0 0 0 0 0 0 0 0 0 0 0 0 0 0 0 0 0 0 0 0 0 0 0 0 0 0 0 0 0 0 0 0 0 0 0 0 0 0 0 0 0 0 0 0 0 0 0 0 0 0 0 0 0 0 0 0 0 0 0 0 0 0 0 0 0 0 0 0 0 0 0 0 0 0 0 0 0 0 0 0 0 0 0 0 0 0 0 0 0 0 0 0 0 0 0 0 0 0 0 0 0 0 0 0 0 0 0 0 0 0 0 0 0 0 0 0 0 0 0 0 0 0 0 0 0 0 0 0 0 0 0 0 0 0 0 0 0 0 0 0 0 0 0 0 0 0 0 0 0 0 0 0 0 0 0 0 0 0 0 0 0 0 0 0 0 0 0 0 0 0 0 0 0 0 0 0 0 0 0 0 0 0 0 0 0 0 0 0 0 0 0 0 0 0 0 0 0 0 0 0 0 0 0 0 0 0 0 0 0 0 0 0 0 0 0 0 0 0 0 0 0 0 0 0 0 0 0 0 0 0 0 0 0 0 0 0 0 0 0 0 0 0 0 0 0 0 0 0 0 0 0 0 0 0 0 0 0 0 0 0 0 0 0 0 0 0 0 0 0 0 0 0 0 0 0 0 0 0 0 0 0 0 0 0 0 0 0 0 0 0 0 0 0 0 0 0 0 0 0 0 0 0 0 0 0 0 0 0 0 0 0 0 0 0 0 0 0 0 0 0 0 0 0 0 0 0 0 0 0 0 0 0 0 0 0 0 0 0 0 0 0 0 0 0 0 0 0 0 0 0 0 0 0 0 0 0 0 0 0 0 0 0 0 0 0 0 0 0 0 0 0 0 0 0 0 0 0 0 0 0 0 0 0 0 0 0 0 0 0 0 0 0 0 0 0 0 0 0 0 0 0 0 0 0 0 0 0 0 0 0 0 0 0 0 0 0 0 0 0 0 0 0 0 0 0 0 0 0 0 0 0 0 0 0 0 0 0 0 0 0 0 0 0 0 0 0 0 0 0 0 0 0 0 0 0 0 0 0 0 0 0 0 0 0 0 0 0 0 0 0 0 0 0 0 0 0 0 0 0 0 0 0 0 0 0 0 0 0 0 0 0 0 0 0 0 0 0 0 0 0 0 0 0 0 0 0 0 0 0 0 0 0 0 0 0 0 0 0 0 0 0 0 0 0 0 0 0 0 0 0 0 0 0 0 0 0 0 0 0 0 0 0 0 0 0 0 0 0 0 0 0 0 0 0 0 0 0 0 0 0 0 0 0 0 0 0 0 0 0 0 0 0 0 0 0 0 0 0 0 0 0 0 0 0 0 0 0 0 0 0 0 0 0 0 0 0 0 0 0 0 0 0 0 0 0 0 0 0 0 0 0 0 0 0 0 0 0 0 0 0 0 0 0 0 0 0 0 0 0 0 0 0 0 0 0 0 0 0 0 0 0 0 0 0 0 0 0 0 0 0 0 0 0 0 0 0 0 0 0 0 0 0 0 0 0 0 0 0 0 0 0 0 0 0 0 0 0 0 0 0 0 0 0 0 0 0 0 0 0 0 0 0 0 0 0 0 0 0 0 0 0 0 0 0 0 0 0 0 0 0 0 0 0 0 0 0 0 0 0 0 0 0 0 0 0 0 0 0 0 0 0 0 0 0 0 0 0 0 0 0 0 0 0 0 0 0 0 0 0 0 0 0 0 0 0 0 0 0 0 0 0 0 0 0 0 0 0 0 0 0 0 0 0 0 0 0 0 0 0 0 0 0 0 0 0 0 0 0 0 0 0 0 0 0 0 0 0 0 0 0 0 0 0 0 0 0 0 0 0 0 0 0 0 0 0 0 0 0 0 0 0 0 0 0 0 0 0 0 0 0 0 0 0 0 0 0 0 0 0 0 0 0 0 0 0 0 0 0 0 0 0 0 0 0 0 0 0 0 0 0 0 0 0 0 0 0 0 0 0 0 0 0 0 0 0 0 0 0 0 0 0 0 0 0 0 0 0 0 0 0 0 0 0 0 0 0 0 0 0 0 0 0 0 0 0 0 0 0 0 0 0 0 0 0 0 0 0 0 0 0 0 0 0 0 0 0 0 0 0 0 0 0 0 0 0 0 0 0 0 0 0 0 0 0 0 0 0 0 0 0 0 0 0 0 0 0 0 0 0 0 0 0 0 0 0 0 0 0 0 0 0 0 0 0 0 0 0 0 0 0 0 0 0 0 0 0 0 0 0 0 0 0 0 0 0 0 0 0 0 0 0 0 0 0 0 0 0 0 0 0 0 0 0 0 0 0 0 0 0 0 0 0 0 0 0 0 0 0 0 0 0 0 0 0 0 0 0 0 0 0 0 0 0 0 0 0 0 0 0 0 0 0 0 0 0 0 0 0 0 0 0 0 0 0 0 0 0 0 0 0 0 0 0 0 0 0 0 0 0 0 0 0 0 0 0 0 0 0 0 0 0 0 0 0 0 0 0 0 0 0 0 0 0 0 0 0 0 0 0 0 0 0 0 0 0 0 0 0 0 0 0 0 0 0 0 0 0 0 0 0 0 0 0 0 0 0 0 0 0 0 0 0 0 0 0 0 0 0 0 0 0 0 0 0 0 0 0 0 0 0 0 0 0 0 0 0 0 0 0 0 0 0 0 0 0 0 0 0 0 0 0 0 0 0 0 0 0 0 0 0 0 0 0 0 0 0 0 0 0 0 0 0 0 0 0 0 0 0 0 0 0 0 0 0 0 0 0 0 0 0 0 0 0 0 0 0 0 0 0 0 0 0 0 0 0 0 0 0 0 0 0 0 0 0 0 0 0 0 0 0 0 0 0 0 0 0 0 0 0 0 0 0 0 0 0 0 0 0 0 0 0 0 0 0 0 0 0 0 0 0 0 0 0 0 0 0 0 0 0 0 0 0 0 0 0 0 0 0 0 0 0 0 0 0 0 0 0 0 0 0 0 0 0 0 0 0 0 0 0 0 0 0 0 0 0 0 0 0 0 0 0 0 0 0 0 0 0 0 0 0 0 0 0 0 0 0 0 0 0 0 0 0 0 0 0 0 0 0 0 0 0 0 0 0 0 0 0 0 0 0 0 0 0 0 0 0 0 0 0 0 0 0 0 0 0 0 0 0 0 0 0 0 0 0 0 0 0 0 0 0 0 0 0 0 0 0 0 0 0 0 0 0 0 0 0 0 0 0 0 0 0 0 0 0 0 0 0 0 0 0 0 0 0 0 0 0 0 0 0 0 0 0 0 0 0 0 0 0 0 0 0 0 0 0 0 0 0 0 0 0 0 0 0 0 0 0 0 0 0 0 0 0 0 0 0 0 0 0 0 0 0 0 0 0 0 0 0 0 0 0 0 0 0 0 0 0 0 0 0 0 0 0 0 0 0 0 0 0 0 0 0 0 0 0 0 0 0 0 0 0 0 0 0 0 0 0 0 0 0 0 0 0 0 0 0 0 0 0 0 0 0 0 0 0 0 0 0 0 0 0 0 0 0 0 0 0 0 0 0 0 0 0 0 0 0 0 0 0 0 0 0 0 0 0 0 0 0 0 0 0 0 0 0 0 0 0 0 0 0 0 0 0 0 0 0 0 0 0 0 0 0 0 0 0 0 0 0 0 0 0 0 0 0 0 0 0 0 0 0 0 0 0 0 0 0 0 0 0 0 0 0 0 0 0 0 0 0 0 0 0 0 0 0 0 0 0 0 0 0 0 0 0 0 0 0 0 0 0 0 0 0 0 0 0 0 0 0 0 0 0 0 0 0 0 0 0 0 0 0 0 0 0 0 0 0 0 0 0 0 0 0 0 0 0 0 0 0 0 0 0 0 0 0 0 0 0 0 0 0 0 0 0 0 0 0 0 0 0 0 0 0 0 0 0 0 0 0 0 0 0 0 0 0 0 0 0 0 0 0 0 0 0 0 0 0 0 0 0 0 0 0 0 0 0 0 0 0 0 0 0 0 0 0 0 0 0 0 0 0 0 0 0 0 0 0 0 0 0 0 0 0 0 0 0 0 0 0 0 0 0 0 0 0 0 0 0 0 0 0 0 0 0 0 0 0 0 0 0 0 0 0 0 0 0 0 0 0 0 0 0 0 0 0 0 0 0 0 0 0 0 0 0 0 0 0 0 0 0 0 0 0 0 0 0 0 0 0 0 0 0 0 0 0 0 0 0 0 0 0 0 0 0 0 0 0 0 0 0 0 0 0 0 0 0 0 0 0 0 0 0 0 0 0 0 0 0 0 0 0 0 0 0 0 0 0 0 0 0 0 0 0 0 0 0 0 0 0 0 0 0 0 0 0 0 0 0 0 0 0 0 0 0 0 0 0 0 0 0 0 0 0 0 0 0 0 0 0 0 0 0 0 0 0 0 0 0 0 0 0 0 0 0 0 0 0 0 0 0 0 0 0 0 0 0 0 0 0 0 0 0 0 0 0 0 0 0 0 0 0 0 0 0 0 0 0 0 0 0 0 0 0 0 0 0 0 0 0 0 0 0 0 0 0 0 0 0 0 0 0 0 0 0 0 0 0 0 0 0 0 0 0 0 0 0 0 0 0 0 0 0 0 0 0 0 0 0 0 0 0 0 0 0 0 0 0 0 0 0 0 0 0 0 0 0 0 0 0 0 0 0 0 0 0 0 0 0 0 0 0 0 0 0 0 0 0 0 0 0 0 0 0 0 0 0 0 0 0 0 0 0 0 0 0 0 0 0 0 0 0 0 0 0 0 0 0 0 0 0 0 0 0 0 0 0 0 0 0 0 0 0 0 0 0 0 0 0 0 0 0 0 0 0 0 0 0 0 0 0 0 0 0 0 0 0 0 0 0 0 0 0 0 0 0 0 0 0 0 0 0 0 0 0 0 0 0 0 0 0 0 0 0 0 0 0 0 0 0 0 0 0 0 0 0 0 0 0 0 0 0 0 0 0 0 0 0 0 0 0 0 0 0 0 0 0 0 0 0 0 0 0 0 0 0 0 0 0 0 0 0 0 0 0 0 0 0 0 0 0 0 0 0 0 0 0 0 0 0 0 0 0 0 0 0 0 0 0 0 0 0 0 0 0 0 0 0 0 0 0 0 0 0 0 0 0 0 0 0 0 0 0 0 0 0 0 0 0 0 0 0 0 0 0 0 0 0 0 0 0 0 0 0 0 0 0 0 0 0 0 0 0 0 0 0 0 0 0 0 0 0 0 0 0 0 0 0 0 0 0 0 0 0 0 0 0 0 0 0 0 0 0 0 0 0 0 0 0 0 0 0 0 0 0 0 0 0 0 0 0 0 0 0 0 0 0 0 0 0 0 0 0 0 0 0 0 0 0 0 0 0 0 0 0 0 0 0 0 0 0 0 0 0 0 0 0 0 0 0 0 0 0 0 0 0 0 0 0 0 0 0 0 0 0 0 0 0 0 0 0 0 0 0 0 0 0 0 0 0 0 0 0 0 0 0 0 0 0 0 0 0 0 0 0 0 0 0 0 0 0 0 0 0 0 0 0 0 0 0 0 0 0 0 0 0 0 0 0 0 0 0 0 0 0 0 0 0 0 0 0 0 0 0 0 0 0 0 0 0 0 0 0 0 0 0 0 0 0 0 0 0 0 0 0 0 0 0 0 0 0 0 0 0 0 0 0 0 0 0 0 0 0 0 0 0 0 0 0 0 0 0 0 0 0 0 0 0 0 0 0 0 0 0 0 0 0 0 0 0 0 0 0 0 0 0 0 0 0 0 0 0 0 0 0 0 0 0 0 0 0 0 0 0 0 0 0 0 0 0 0 0 0 0 0 0 0 0 0 0 0 0 0 0 0 0 0 0 0 0 0 0 0 0 0 0 0 0 0 0 0 0 0 0 0 0 0 0 0 0 0 0 0 0 0 0 0 0 0 0 0 0 0 0 0 0 0 0 0 0 0 0 0 0 0 0 0 0 0 0 0 0 0 0 0 0 0 0 0 0 0 0 0 0 0 0 0 0 0 0 0 0 0 0 0 0 0 0 0 0 0 0 0 0 0 0 0 0 0 0 0 0 0 0 0 0 0 0 0 0 0 0 0 0 0 0 0 0 0 0 0 0 0 0 0 0 0 0 0 0 0 0 0 0 0 0 0 0 0 0 0 0 0 0 0 0 0 0 0 0 0 0 0 0 0 0 0 0 0 0 0 0 0 0 0 0 0 0 0 0 0 0 0 0 0 0 0 0 0 0 0 0 0 0 0 0 0 0 0 0 0 0 0 0 0 0 0 0 0 0 0 0 0 0 0 0 0 0 0 0 0 0 0 0 0 0 0 0 0 0 0 0 0 0 0 0 0 0 0 0 0 0 0 0 0 0 0 0 0 0 0 0 0 0 0 0 0 0 0 0 0 0 0 0 0 0 0 0 0 0 0 0 0 0 0 0 0 0 0 0 0 0 0 0 0 0 0 0 0 0 0 0 0 0 0 0 0 0 0 0 0 0 0 0 0 0 0 0 0 0 0 0 0 0 0 0 0 0 0 0 0 0 0 0 0 0 0 0 0 0 0 0 0 0 0 0 0 0 0 0 0 0 0 0 0 0 0 0 0 0 0 0 0 0 0 0 0 0 0 0 0 0 0 0 0 0 0 0 0 0 0 0 0 0 0 0 0 0 0 0 0 0 0 0 0 0 0 0 0 0 0 0 0 0 0 0 0 0 0 0 0 0 0 0 0 0 0 0 0 0 0 0 0 0 0 0 0 0 0 0 0 0 0 0 0 0 0 0 0 0 0 0 0 0 0 0 0 0 0 0 0 0 0 0 0 0 0 0 0 0 0 0 0 0 0 0 0 0 0 0 0 0 0 0 0 0 0 0 0 0 0 0 0 0 0 0 0 0 0 0 0 0 0 0 0 0 0 0 0 0 0 0 0 0 0 0 0 0 0 0 0 0 0 0 0 0 0 0 0 0 0 0 0 0 0 0 0 0 0 0 0 0 0 0 0 0 0 0 0 0 0 0 0 0 0 0 0 0 0 0 0 0 0 0 0 0 0 0 0 0 0 0 0 0 0 0 0 0 0 0 0 0 0 0 0 0 0 0 0 0 0 0 0 0 0 0 0 0 0 0 0 0 0 0 0 0 0 0 0 0 0 0 0 0 0 0 0 0 0 0 0 0 0 0 0 0 0 0 0 0 0 0 0 0 0 0 0 0 0 0 0 0 0 0 0 0 0 0 0 0 0 0 0 0 0 0 0 0 0 0 0 0 0 0 0 0 0 0 0 0 0 0 0 0 0 0 0 0 0 0 0 0 0 0 0 0 0 0 0 0 0 0 0 0 0 0 0 0 0 0 0 0 0 0 0 0 0 0 0 0 0 0 0 0 0 0 0 0 0 0 0 0 0 0 0 0 0 0 0 0 0 0 0 0 0 0 0 0 0 0 0 0 0 0 0 0 0 0 0 0 0 0 0 0 0 0 0 0 0 0 0 0 0 0 0 0 0 0 0 0 0 0 0 0 0 0 0 0 0 0 0 0 0 0 0 0 0 0 0 0 0 0 0 0 0 0 0 0 0 0 0 0 0 0 0 0 0 0 0 0 0 0 0 0 0 0 0 0 0 0 0 0 0 0 0 0 0 0 0 0 0 0 0 0 0 0 0 0 0 0 0 0 0 0 0 0 0 0 0 0 0 0 0 0 0 0 0 0 0 0 0 0 0 0 0 0 0 0 0 0 0 0 0 0 0 0 0 0 0 0 0 0 0 0 0 0 0 0 0 0 0 0 0 0 0 0 0 0 0 0 0 0 0 0 0 0 0 0 0 0 0 0 0 0 0 0 0 0 0 0 0 0 0 0 0 0 0 0 0 0 0 0 0 0 0 0 0 0 0 0 0 0 0 0 0 0 0 0 0 0 0 0 0 0 0 0 0 0 0 0 0 0 0 0 0 0 0 0 0 0 0 0 0 0 0 0 0 0 0 0 0 0 0 0 0 0 0 0 0 0 0 0 0 0 0 0 0 0 0 0 0 0 0 0 0 0 0 0 0 0 0 0 0 0 0 0 0 0 0 0 0 0 0 0 0 0 0 0 0 0 0 0 0 0 0 0 0 0 0 0 0 0 0 0 0 0 0 0 0 0 0 0 0 0 0 0 0 0 0 0 0 0 0 0 0 0 0 0 0 0 0 0 0 0 0 0 0 0 0 0 0 0 0 0 0 0 0 0 0 0 0 0 0 0 0 0 0 0 0 0 0 0 0 0 0 0 0 0 0 0 0 0 0 0 0 0 0 0 0 0 0 0 0 0 0 0 0 0 0 0 0 0 0 0 0 0 0 0 0 0 0 0 0 0 0 0 0 0 0 0 0 0 0 0 0 0 0 0 0 0 0 0 0 0 0 0 0 0 0 0 0 0 0 0 0 0 0 0 0 0 0 0 0 0 0 0 0 0 0 0 0 0 0 0 0 0 0 0 0 0 0 0 0 0 0 0 0 0 0 0 0 0 0 0 0 0 0 0 0 0 0 0 0 0 0 0 0 0 0 0 0 0 0 0 0 0 0 0 0 0 0 0 0 0 0 0 0 0 0 0 0 0 0 0 0 0 0 0 0 0 0 0 0 0 0 0 0 0 0 0 0 0 0 0 0 0 0 0 0 0 0 0 0 0 0 0 0 0 0 0 0 0 0 0 0 0 0 0 0 0 0 0 0 0 0 0 0 0 0 0 0 0 0 0 0 0 0 0 0 0 0 0 0 0 0 0 0 0 0 0 0 0 0 0 0 0 0 0 0 0 0 0 0 0 0 0 0 0 0 0 0 0 0 0 0 0 0 0 0 0 0 0 0 0 0 0 0 0 0 0 0 0 0 0 0 0 0 0 0 0 0 0 0 0 0 0 0 0 0 0 0 0 0 0 0 0 0 0 0 0 0 0 0 0 0 0 0 0 0 0 0 0 0 0 0 0 0 0 0 0 0 0 0 0 0 0 0 0 0 0 0 0 0 0 0 0 0 0 0 0 0 0 0 0 0 0 0 0 0 0 0 0 0 0 0 0 0 0 0 0 0 0 0 0 0 0 0 0 0 0 0 0 0 0 0 0 0 0 0 0 0 0 0 0 0 0 0 0 0 0 0 0 0 0 0 0 0 0 0 0 0 0 0 0 0 0 0 0 0 0 0 0 0 0 0 0 0 0 0 0 0 0 0 0 0 0 0 0 0 0 0 0 0 0 0 0 0 0 0 0 0 0 0 0 0 0 0 0 0 0 0 0 0 0 0 0 0 0 0 0 0 0 0 0 0 0 0 0 0 0 0 0 0 0 0 0 0 0 0 0 0 0 0 0 0 0 0 0 0 0 0 0 0 0 0 0 0 0 0 0 0 0 0 0 0 0 0 0 0 0 0 0 0 0 0 0 0 0 0 0 0 0 0 0 0 0 0 0 0 0 0 0 0 0 0 0 0 0 0 0 0 0 0 0 0 0 0 0 0 0 0 0 0 0 0 0 0 0 0 0 0 0 0 0 0 0 0 0 0 0 0 0 0 0 0 0 0 0 0 0 0 0 0 0 0 0 0 0 0 0 0 0 0 0 0 0 0 0 0 0 0 0 0 0 0 0 0 0 0 0 0 0 0 0 0 0 0 0 0 0 0 0 0 0 0 0 0 0 0 0 0 0 0 0 0 0 0 0 0 0 0 0 0 0 0 0 0 0 0 0 0 0 0 0 0 0 0 0 0 0 0 0 0 0 0 0 0 0 0 0 0 0 0 0 0 0 0 0 0 0 0 0 0 0 0 0 0 0 0 0 0 0 0 0 0 0 0 0 0 0 0 0 0 0 0 0 0 0 0 0 0 0 0 0 0 0 0 0 0 0 0 0 0 0 0 0 0 0 0 0 0 0 0 0 0 0 0 0 0 0 0 0 0 0 0 0 0 0 0 0 0 0 0 0 0 0 0 0 0 0 0 0 0 0 0 0 0 0 0 0 0 0 0 0 0 0 0 0 0 0 0 0 0 0 0 0 0 0 0 0 0 0 0 0 0 0 0 0 0 0 0 0 0 0 0 0 0 0 0 0 0 0 0 0 0 0 0 0 0 0 0 0 0 0 0 0 0 0 0 0 0 0 0 0 0 0 0 0 0 0 0 0 0 0 0 0 0 0 0 0 0 0 0 0 0 0 0 0 0 0 0 0 0 0 0 0 0 0 0 0 0 0 0 0 0 0 0 0 0 0 0 0 0 0 0 0 0 0 0 0 0 0 0 0 0 0 0 0 0 0 0 0 0 0 0 0 0 0 0 0 0 0 0 0 0 0 0 0 0 0 0 0 0 0 0 0 0 0 0 0 0 0 0 0 0 0 0 0 0 0 0 0 0 0 0 0 0 0 0 0 0 0 0 0 0 0 0 0 0 0 0 0 0 0 0 0 0 0 0 0 0 0 0 0 0 0 0 0 0 0 0 0 0 0 0 0 0 0 0 0 0 0 0 0 0 0 0 0 0 0 0 0 0 0 0 0 0 0 0 0 0 0 0 0 0 0 0 0 0 0 0 0 0 0 0 0 0 0 0 0 0 0 0 0 0 0 0 0 0 0 0 0 0 0 0 0 0 0 0 0 0 0 0 0 0 0 0 0 0 0 0 0 0 0 0 0 0 0 0 0 0 0 0 0 0 0 0 0 0 0 0 0 0 0 0 0 0 0 0 0 0 0 0 0 0 0 0 0 0 0 0 0 0 0 0 0 0 0 0 0 0 0 0 0 0 0 0 0 0 0 0 0 0 0 0 0 0 0 0 0 0 0 0 0 0 0 0 0 0 0 0 0 0 0 0 0 0 0 0 0 0 0 0 0 0 0 0 0 0 0 0 0 0 0 0 0 0 0 0 0 0 0 0 0 0 0 0 0 0 0 0 0 0 0 0 0 0 0 0 0 0 0 0 0 0 0 0 0 0 0 0 0 0 0 0 0 0 0 0 0 0 0 0 0 0 0 0 0 0 0 0 0 0 0 0 0 0 0 0 0 0 0 0 0 0 0 0 0 0 0 0 0 0 0 0 0 0 0 0 0 0 0 0 0 0 0 0 0 0 0 0 0 0 0 0 0 0 0 0 0 0 0 0 0 0 0 0 0 0 0 0 0 0 0 0 0 0 0 0 0 0 0 0 0 0 0 0 0 0 0 0 0 0 0 0 0 0 0 0 0 0 0 0 0 0 0 0 0 0 0 0 0 0 0 0 0 0 0 0 0 0 0 0 0 0 0 0 0 0 0 0 0 0 0 0 0 0 0 0 0 0 0 0 0 0 0 0 0 0 0 0 0 0 0 0 0 0 0 0 0 0 0 0 0 0 0 0 0 0 0 0 0 0 0 0 0 0 0 0 0 0 0 0 0 0 0 0 0 0 0 0 0 0 0 0 0 0 0 0 0 0 0 0 0 0 0 0 0 0 0 0 0 0 0 0 0 0 0 0 0 0 0 0 0 0 0 0 0 0 0 0 0 0 0 0 0 0 0 0 0 0 0 0 0 0 0 0 0 0 0 0 0 0 0 0 0 0 0 0 0 0 0 0 0 0 0 0 0 0 0 0 0 0 0 0 0 0 0 0 0 0 0 0 0 0 0 0 0 0 0 0 0 0 0 0 0 0 0 0 0 0 0 0 0 0 0 0 0 0 0 0 0 0 0 0 0 0 0 0 0 0 0 0 0 0 0 0 0 0 0 0 0 0 0 0 0 0 0 0 0 0 0 0 0 0 0 0 0 0 0 0 0 0 0 0 0 0 0 0 0 0 0 0 0 0 0 0 0 0 0 0 0 0 0 0 0 0 0 0 0 0 0 0 0 0 0 0 0 0 0 0 0 0 0 0 0 0 0 0 0 0 0 0 0 0 0 0 0 0 0 0 0 0 0 0 0 0 0 0 0 0 0 0 0 0 0 0 0 0 0 0 0 0 0 0 0 0 0 0 0 0 0 0 0 0 0 0 0 0 0 0 0 0 0 0 0 0 0 0 0 0 0 0 0 0 0 0 0 0 0 0 0 0 0 0 0 0 0 0 0 0 0 0 0 0 0 0 0 0 0 0 0 0 0 0 0 0 0 0 0 0 0 0 0 0 0 0 0 0 0 0 0 0 0 0 0 0 0 0 0 0 0 0 0 0 0 0 0 0 0 0 0 0 0 0 0 0 0 0 0 0 0 0 0 0 0 0 0 0 0 0 0 0 0 0 0 0 0 0 0 0 0 0 0 0 0 0 0 0 0 0 0 0 0 0 0 0 0 0 0 0 0 0 0 0 0 0 0 0 0 0 0 0 0 0 0 0 0 0 0 0 0 0 0 0 0 0 0 0 0 0 0 0 0 0 0 0 0 0 0 0 0 0 0 0 0 0 0 0 0 0 0 0 0 0 0 0 0 0 0 0 0 0 0 0 0 0 0 0 0 0 0 0 0 0 0 0 0 0 0 0 0 0 0 0 0 0 0 0 0 0 0 0 0 0 0 0 0 0 0 0 0 0 0 0 0 0 0 0 0 0 0 0 0 0 0 0 0 0 0 0 0 0 0 0 0 0 0 0 0 0 0 0 0 0 0 0 0 0 0 0 0 0 0 0 0 0 0 0 0 0 0 0 0 0 0 0 0 0 0 0 0 0 0 0 0 0 0 0 0 0 0 0 0 0 0 0 0 0 0 0 0 0 0 0 0 0 0 0 0 0 0 0 0 0 0 0 0 0 0 0 0 0 0 0 0 0 0 0 0 0 0 0 0 0 0 0 0 0 0 0 0 0 0 0 0 0 0 0 0 0 0 0 0 0 0 0 0 0 0 0 0 0 0 0 0 0 0 0 0 0 0 0 0 0 0 0 0 0 0 0 0 0 0 0 0 0 0 0 0 0 0 0 0 0 0 0 0 0 0 0 0 0 0 0 0 0 0 0 0 0 0 0 0 0 0 0 0 0 0 0 0 0 0 0 0 0 0 0 0 0 0 0 0 0 0 0 0 0 0 0 0 0 0 0 0 0 0 0 0 0 0 0 0 0 0 0 0 0 0 0 0 0 0 0 0 0 0 0 0 0 0 0 0 0 0 0 0 0 0 0 0 0 0 0 0 0 0 0 0 0 0 0 0 0 0 0 0 0 0 0 0 0 0 0 0 0 0 0 0 0 0 0 0 0 0 0 0 0 0 0 0 0 0 0 0 0 0 0 0 0 0 0 0 0 0 0 0 0 0 0 0 0 0 0 0 0 0 0 0 0 0 0 0 0 0 0 0 0 0 0 0 0 0 0 0 0 0 0 0 0 0 0 0 0 0 0 0 0 0 0 0 0 0 0 0 0 0 0 0 0 0 0 0 0 0 0 0 0 0 0 0 0 0 0 0 0 0 0 0 0 0 0 0 0 0 0 0 0 0 0 0 0 0 0 0 0 0 0 0 0 0 0 0 0 0 0 0 0 0 0 0 0 0 0 0 0 0 0 0 0 0 0 0 0 0 0 0 0 0 0 0 0 0 0 0 0 0 0 0 0 0 0 0 0 0 0 0 0 0 0 0 0 0 0 0 0 0 0 0 0 0 0 0 0 0 0 0 0 0 0 0 0 0 0 0 0 0 0 0 0 0 0 0 0 0 0 0 0 0 0 0 0 0 0 0 0 0 0 0 0 0 0 0 0 0 0 0 0 0 0 0 0 0 0 0 0 0 0 0 0 0 0 0 0 0 0 0 0 0 0 0 0 0 0 0 0 0 0 0 0 0 0 0 0 0 0 0 0 0 0 0 0 0 0 0 0 0 0 0 0 0 0 0 0 0 0 0 0 0 0 0 0 0 0 0 0 0 0 0 0 0 0 0 0 0 0 0 0 0 0 0 0 0 0 0 0 0 0 0 0 0 0 0 0 0 0 0 0 0 0 0 0 0 0 0 0 0 0 0 0 0 0 0 0 0 0 0 0 0 0 0 0 0 0 0 0 0 0 0 0 0 0 0 0 0 0 0 0 0 0 0 0 0 0 0 0 0 0 0 0 0 0 0 0 0 0 0 0 0 0 0 0 0 0 0 0 0 0 0 0 0 0 0 0 0 0 0 0 0 0 0 0 0 0 0 0 0 0 0 0 0 0 0 0 0 0 0 0 0 0 0 0 0 0 0 0 0 0 0 0 0 0 0 0 0 0 0 0 0 0 0 0 0 0 0 0 0 0 0 0 0 0 0 0 0 0 0 0 0 0 0 0 0 0 0 0 0 0 0 0 0 0 0 0 0 0 0 0 0 0 0 0 0 0 0 0 0 0 0 0 0 0 0 0 0 0 0 0 0 0 0 0 0 0 0 0 0 0 0 0 0 0 0 0 0 0 0 0 0 0 0 0 0 0 0 0 0 0 0 0 0 0 0 0 0 0 0 0 0 0 0 0 0 0 0 0 0 0 0 0 0 0 0 0 0 0 0 0 0 0 0 0 0 0 0 0 0 0 0 0 0 0 0 0 0 0 0 0 0 0 0 0 0 0 0 0 0 0 0 0 0 0 0 0 0 0 0 0 0 0 0 0 0 0 0 0 0 0 0 0 0 0 0 0 0 0 0 0 0 0 0 0 0 0 0 0 0 0 0 0 0 0 0 0 0 0 0 0 0 0 0 0 0 0 0 0 0 0 0 0 0 0 0 0 0 0 0 0 0 0 0 0 0 0 0 0 0 0 0 0 0 0 0 0 0 0 0 0 0 0 0 0 0 0 0 0 0 0 0 0 0 0 0 0 0 0 0 0 0 0 0 0 0 0 0 0 0 0 0 0 0 0 0 0 0 0 0 0 0 0 0 0 0 0 0 0 0 0 0 0 0 0 0 0 0 0 0 0 0 0 0 0 0 0 0 0 0 0 0 0 0 0 0 0 0 0 0 0 0 0 0 0 0 0 0 0 0 0 0 0 0 0 0 0 0 0 0 0 0 0 0 0 0 0 0 0 0 0 0 0 0 0 0 0 0 0 0 0 0 0 0 0 0 0 0 0 0 0 0 0 0 0 0 0 0 0 0 0 0 0 0 0 0 0 0 0 0 0 0 0 0 0 0 0 0 0 0 0 0 0 0 0 0 0 0 0 0 0 0 0 0 0 0 0 0 0 0 0 0 0 0 0 0 0 0 0 0 0 0 0 0 0 0 0 0 0 0 0 0 0 0 0 0 0 0 0 0 0 0 0 0 0 0 0 0 0 0 0 0 0 0 0 0 0 0 0 0 0 0 0 0 0 0 0 0 0 0 0 0 0 0 0 0 0 0 0 0 0 0 0 0 0 0 0 0 0 0 0 0 0 0 0 0 0 0 0 0 0 0 0 0 0 0 0 0 0 0 0 0 0 0 0 0 0 0 0 0 0 0 0 0 0 0 0 0 0 0 0 0 0 0 0 0 0 0 0 0 0 0 0 0 0 0 0 0 0 0 0 0 0 0 0 0 0 0 0 0 0 0 0 0 0 0 0 0 0 0 0 0 0 0 0 0 0 0 0 0 0 0 0 0 0 0 0 0 0 0 0 0 0 0 0 0 0 0 0 0 0 0 0 0 0 0 0 0 0 0 0 0 0 0 0 0 0 0 0 0 0 0 0 0 0 0 0 0 0 0 0 0 0 0 0 0 0 0 0 0 0 0 0 0 0 0 0 0 0 0 0 0 0 0 0 0 0 0 0 0 0 0 0 0 0 0 0 0 0 0 0 0 0 0 0 0 0 0 0 0 0 0 0 0 0 0 0 0 0 0 0 0 0 0 0 0 0 0 0 0 0 0 0 0 0 0 0 0 0 0 0 0 0 0 0 0 0 0 0 0 0 0 0 0 0 0 0 0 0 0 0 0 0 0 0 0 0 0 0 0 0 0 0 0 0 0 0 0 0 0 0 0 0 0 0 0 0 0 0 0 0 0 0 0 0 0 0 0 0 0 0 0 0 0 0 0 0 0 0 0 0 0 0 0 0 0 0 0 0 0 0 0 0 0 0 0 0 0 0 0 0 0 0 0 0 0 0 0 0 0 0 0 0 0 0 0 0 0 0 0 0 0 0 0 0 0 0 0 0 0 0 0 0 0 0 0 0 0 0 0 0 0 0 0 0 0 0 0 0 0 0 0 0 0 0 0 0 0 0 0 0 0 0 0 0 0 0 0 0 0 0 0 0 0 0 0 0 0 0 0 0 0 0 0 0 0 0 0 0 0 0 0 0 0 0 0 0 0 0 0 0 0 0 0 0 0 0 0 0 0 0 0 0 0 0 0 0 0 0 0 0 0 0 0 0 0 0 0 0 0 0 0 0 0 0 0 0 0 0 0 0 0 0 0 0 0 0 0 0 0 0 0 0 0 0 0 0 0 0 0 0 0 0 0 0 0 0 0 0 0 0 0 0 0 0 0 0 0 0 0 0 0 0 0 0 0 0 0 0 0 0 0 0 0 0 0 0 0 0 0 0 0 0 0 0 0 0 0 0 0 0 0 0 0 0 0 0 0 0 0 0 0 0 0 0 0 0 0 0 0 0 0 0 0 0 0 0 0 0 0 0 0 0 0 0 0 0 0 0 0 0 0 0 0 0 0 0 0 0 0 0 0 0 0 0 0 0 0 0 0 0 0 0 0 0 0 0 0 0 0 0 0 0 0 0 0 0 0 0 0 0 0 0 0 0 0 0 0 0 0 0 0 0 0 0 0 0 0 0 0 0 0 0 0 0 0 0 0 0 0 0 0 0 0 0 0 0 0 0 0 0 0 0 0 0 0 0 0 0 0 0 0 0 0 0 0 0 0 0 0 0 0 0 0 0 0 0 0 0 0 0 0 0 0 0 0 0 0 0 0 0 0 0 0 0 0 0 0 0 0 0 0 0 0 0 0 0 0 0 0 0 0 0 0 0 0 0 0 0 0 0 0 0 0 0 0 0 0 0 0 0 0 0 0 0 0 0 0 0 0 0 0 0 0 0 0 0 0 0 0 0 0 0 0 0 0 0 0 0 0 0 0 0 0 0 0 0 0 0 0 0 0 0 0 0 0 0 0 0 0 0 0 0 0 0 0 0 0 0 0 0 0 0 0 0 0 0 0 0 0 0 0 0 0 0 0 0 0 0 0 0 0 0 0 0 0 0 0 0 0 0 0 0 0 0 0 0 0 0 0 0 0 0 0 0 0 0 0 0 0 0 0 0 0 0 0 0 0 0 0 0 0 0 0 0 0 0 0 0 0 0 0 0 0 0 0 0 0 0 0 0 0 0 0 0 0 0 0 0 0 0 0 0 0 0 0 0 0 0 0 0 0 0 0 0 0 0 0 0 0 0 0 0 0 0 0 0 0 0 0 0 0 0 0 0 0 0 0 0 0 0 0 0 0 0 0 0 0 0 0 0 0 0 0 0 0 0 0 0 0 0 0 0 0 0 0 0 0 0 0 0 0 0 0 0 0 0 0 0 0 0 0 0 0 0 0 0 0 0 0 0 0 0 0 0 0 0 0 0 0 0 0 0 0 0 0 0 0 0 0 0 0 0 0 0 0 0 0 0 0 0 0 0 0 0 0 0 0 0 0 0 0 0 0 0 0 0 0 0 0 0 0 0 0 0 0 0 0 0 0 0 0 0 0 0 0 0 0 0 0 0 0 0 0 0 0 0 0 0 0 0 0 0 0 0 0 0 0 0 0 0 0 0 0 0 0 0 0 0 0 0 0 0 0 0 0 0 0 0 0 0 0 0 0 0 0 0 0 0 0 0 0 0 0 0 0 0 0 0 0 0 0 0 0 0 0 0 0 0 0 0 0 0 0 0 0 0 0 0 0 0 0 0 0 0 0 0 0 0 0 0 0 0 0 0 0 0 0 0 0 0 0 0 0 0 0 0 0 0 0 0 0 0 0 0 0 0 0 0 0 0 0 0 0 0 0 0 0 0 0 0 0 0 0 0 0 0 0 0 0 0 0 0 0 0 0 0 0 0 0 0 0 0 0 0 0 0 0 0 0 0 0 0 0 0 0 0 0 0 0 0 0 0 0 0 0 0 0 0 0 0 0 0 0 0 0 0 0 0 0 0 0 0 0 0 0 0 0 0 0 0 0 0 0 0 0 0 0 0 0 0 0 0 0 0 0 0 0 0 0 0 0 0 0 0 0 0 0 0 0 0 0 0 0 0 0 0 0 0 0 0 0 0 0 0 0 0 0 0 0 0 0 0 0 0 0 0 0 0 0 0 0 0 0 0 0 0 0 0 0 0 0 0 0 0 0 0 0 0 0 0 0 0 0 0 0 0 0 0 0 0 0 0 0 0 0 0 0 0 0 0 0 0 0 0 0 0 0 0 0 0 0 0 0 0 0 0 0 0 0 0 0 0 0 0 0 0 0 0 0 0 0 0 0 0 0 0 0 0 0 0 0 0 0 0 0 0 0 0 0 0 0 0 0 0 0 0 0 0 0 0 0 0 0 0 0 0 0 0 0 0 0 0 0 0 0 0 0 0 0 0 0 0 0 0 0 0 0 0 0 0 0 0 0 0 0 0 0 0 0 0 0 0 0 0 0 0 0 0 0 0 0 0 0 0 0 0 0 0 0 0 0 0 0 0 0 0 0 0 0 0 0 0 0 0 0 0 0 0 0 0 0 0 0 0 0 0 0 0 0 0 0 0 0 0 0 0 0 0 0 0 0 0 0 0 0 0 0 0 0 0 0 0 0 0 0 0 0 0 0 0 0 0 0 0 0 0 0 0 0 0 0 0 0 0 0 0 0 0 0 0 0 0 0 0 0 0 0 0 0 0 0 0 0 0 0 0 0 0 0 0 0 0 0 0 0 0 0 0 0 0 0 0 0 0 0 0 0 0 0 0 0 0 0 0 0 0 0 0 0 0 0 0 0 0 0 0 0 0 0 0 0 0 0 0 0 0 0 0 0 0 0 0 0 0 0 0 0 0 0 0 0 0 0 0 0 0 0 0 0 0 0 0 0 0 0 0 0 0 0 0 0 0 0 0 0 0 0 0 0 0 0 0 0 0 0 0 0 0 0 0 0 0 0 0 0 0 0 0 0 0 0 0 0 0 0 0 0 0 0 0 0 0 0 0 0 0 0 0 0 0 0 0 0 0 0 0 0 0 0 0 0 0 0 0 0 0 0 0 0 0 0 0 0 0 0 0 0 0 0 0 0 0 0 0 0 0 0 0 0 0 0 0 0 0 0 0 0 0 0 0 0 0 0 0 0 0 0 0 0 0 0 0 0 0 0 0 0 0 0 0 0 0 0 0 0 0 0 0 0 0 0 0 0 0 0 0 0 0 0 0 0 0 0 0 0 0 0 0 0 0 0 0 0 0 0 0 0 0 0 0 0 0 0 0 0 0 0 0 0 0 0 0 0 0 0 0 0 0 0 0 0 0 0 0 0 0 0 0 0 0 0 0 0 0 0 0 0 0 0 0 0 0 0 0 0 0 0 0 0 0 0 0 0 0 0 0 0 0 0 0 0 0 0 0 0 0 0 0 0 0 0 0 0 0 0 0 0 0 0 0 0 0 0 0 0 0 0 0 0 0 0 0 0 0 0 0 0 0 0 0 0 0 0 0 0 0 0 0 0 0 0 0 0 0 0 0 0 0 0 0 0 0 0 0 0 0 0 0 0 0 0 0 0 0 0 0 0 0 0 0 0 0 0 0 0 0 0 0 0 0 0 0 0 0 0 0 0 0 0 0 0 0 0 0 0 0 0 0 0 0 0 0 0 0 0 0 0 0 0 0 0 0 0 0 0 0 0 0 0 0 0 0 0 0 0 0 0 0 0 0 0 0 0 0 0 0 0 0 0 0 0 0 0 0 0 0 0 0 0 0 0 0 0 0 0 0 0 0 0 0 0 0 0 0 0 0 0 0 0 0 0 0 0 0 0 0 0 0 0 0 0 0 0 0 0 0 0 0 0 0 0 0 0 0 0 0 0 0 0 0 0 0 0 0 0 0 0 0 0 0 0 0 0 0 0 0 0 0 0 0 0 0 0 0 0 0 0 0 0 0 0 0 0 0 0 0 0 0 0 0 0 0 0 0 0 0 0 0 0 0 0 0 0 0 0 0 0 0 0 0 0 0 0 0 0 0 0 0 0 0 0 0 0 0 0 0 0 0 0 0 0 0 0 0 0 0 0 0 0 0 0 0 0 0 0 0 0 0 0 0 0 0 0 0 0 0 0 0 0 0 0 0 0 0 0 0 0 0 0 0 0 0 0 0 0 0 0 0 0 0 0 0 0 0 0 0 0 0 0 0 0 0 0 0 0 0 0 0 0 0 0 0 0 0 0 0 0 0 0 0 0 0 0 0 0 0 0 0 0 0 0 0 0 0 0 0 0 0 0 0 0 0 0 0 0 0 0 0 0 0 0 0 0 0 0 0 0 0 0 0 0 0 0 0 0 0 0 0 0 0 0 0 0 0 0 0 0 0 0 0 0 0 0 0 0 0 0 0 0 0 0 0 0 0 0 0 0 0 0 0 0 0 0 0 0 0 0 0 0 0 0 0 0 0 0 0 0 0 0 0 0 0 0 0 0 0 0 0 0 0 0 0 0 0 0 0 0 0 0 0 0 0 0 0 0 0 0 0 0 0 0 0 0 0 0 0 0 0 0 0 0 0 0 0 0 0 0 0 0 0 0 0 0 0 0 0 0 0 0 0 0 0 0 0 0 0 0 0 0 0 0 0 0 0 0 0 0 0 0 0 0 0 0 0 0 0 0 0 0 0 0 0 0 0 0 0 0 0 0 0 0 0 0 0 0 0 0 0 0 0 0 0 0 0 0 0 0 0 0 0 0 0 0 0 0 0 0 0 0 0 0 0 0 0 0 0 0 0 0 0 0 0 0 0 0 0 0 0 0 0 0 0 0 0 0 0 0 0 0 0 0 0 0 0 0 0 0 0 0 0 0 0 0 0 0 0 0 0 0 0 0 0 0 0 0 0 0 0 0 0 0 0 0 0 0 0 0 0 0 0 0 0 0 0 0 0 0 0 0 0 0 0 0 0 0 0 0 0 0 0 0 0 0 0 0 0 0 0 0 0 0 0 0 0 0 0 0 0 0 0 0 0 0 0 0 0 0 0 0 0 0 0 0 0 0 0 0 0 0 0 0 0 0 0 0 0 0 0 0 0 0 0 0 0 0 0 0 0 0 0 0 0 0 0 0 0 0 0 0 0 0 0 0 0 0 0 0 0 0 0 0 0 0 0 0 0 0 0 0 0 0 0 0 0 0 0 0 0 0 0 0 0 0 0 0 0 0 0 0 0 0 0 0 0 0 0 0 0 0 0 0 0 0 0 0 0 0 0 0 0 0 0 0 0 0 0 0 0 0 0 0 0 0 0 0 0 0 0 0 0 0 0 0 0 0 0 0 0 0 0 0 0 0 0 0 0 0 0 0 0 0 0 0 0 0 0 0 0 0 0 0 0 0 0 0 0 0 0 0 0 0 0 0 0 0 0 0 0 0 0 0 0 0 0 0 0 0 0 0 0 0 0 0 0 0 0 0 0 0 0 0 0 0 0 0 0 0 0 0 0 0 0 0 0 0 0 0 0 0 0 0 0 0 0 0 0 0 0 0 0 0 0 0 0 0 0 0 0 0 0 0 0 0 0 0 0 0 0 0 0 0 0 0 0 0 0 0 0 0 0 0 0 0 0 0 0 0 0 0 0 0 0 0 0 0 0 0 0 0 0 0 0 0 0 0 0 0 0 0 0 0 0 0 0 0 0 0 0 0 0 0 0 0 0 0 0 0 0 0 0 0 0 0 0 0 0 0 0 0 0 0 0 0 0 0 0 0 0 0 0 0 0 0 0 0 0 0 0 0 0 0 0 0 0 0 0 0 0 0 0 0 0 0 0 0 0 0 0 0 0 0 0 0 0 0 0 0 0 0 0 0 0 0 0 0 0 0 0 0 0 0 0 0 0 0 0 0 0 0 0 0 0 0 0 0 0 0 0 0 0 0 0 0 0 0 0 0 0 0 0 0 0 0 0 0 0 0 0 0 0 0 0 0 0 0 0 0 0 0 0 0 0 0 0 0 0 0 0 0 0 0 0 0 0 0 0 0 0 0 0 0 0 0 0 0 0 0 0 0 0 0 0 0 0 0 0 0 0 0 0 0 0 0 0 0 0 0 0 0 0 0 0 0 0 0 0 0 0 0 0 0 0 0 0 0 0 0 0 0 0 0 0 0 0 0 0 0 0 0 0 0 0 0 0 0 0 0 0 0 0 0 0 0 0 0 0 0 0 0 0 0 0 0 0 0 0 0 0 0 0 0 0 0 0 0 0 0 0 0 0 0 0 0 0 0 0 0 0 0 0 0 0 0 0 0 0 0 0 0 0 0 0 0 0 0 0 0</float_array>
          <technique_common>
            <accessor source="#Cylinder_010-mesh-map-4-array" count="7812" stride="2">
              <param name="S" type="float"/>
              <param name="T" type="float"/>
            </accessor>
          </technique_common>
        </source>
        <source id="Cylinder_010-mesh-map-5">
          <float_array id="Cylinder_010-mesh-map-5-array" count="15624">0 0 0 0 0 0 0 0 0 0 0 0 0 0 0 0 0 0 0 0 0 0 0 0 0 0 0 0 0 0 0 0 0 0 0 0 0 0 0 0 0 0 0 0 0 0 0 0 0 0 0 0 0 0 0 0 0 0 0 0 0 0 0 0 0 0 0 0 0 0 0 0 0 0 0 0 0 0 0 0 0 0 0 0 0 0 0 0 0 0 0 0 0 0 0 0 0 0 0 0 0 0 0 0 0 0 0 0 0 0 0 0 0 0 0 0 0 0 0 0 0 0 0 0 0 0 0 0 0 0 0 0 0 0 0 0 0 0 0 0 0 0 0 0 0 0 0 0 0 0 0 0 0 0 0 0 0 0 0 0 0 0 0 0 0 0 0 0 0 0 0 0 0 0 0 0 0 0 0 0 0 0 0 0 0 0 0 0 0 0 0 0 0 0 0 0 0 0 0 0 0 0 0 0 0 0 0 0 0 0 0 0 0 0 0 0 0 0 0 0 0 0 0 0 0 0 0 0 0 0 0 0 0 0 0 0 0 0 0 0 0 0 0 0 0 0 0 0 0 0 0 0 0 0 0 0 0 0 0 0 0 0 0 0 0 0 0 0 0 0 0 0 0 0 0 0 0 0 0 0 0 0 0 0 0 0 0 0 0 0 0 0 0 0 0 0 0 0 0 0 0 0 0 0 0 0 0 0 0 0 0 0 0 0 0 0 0 0 0 0 0 0 0 0 0 0 0 0 0 0 0 0 0 0 0 0 0 0 0 0 0 0 0 0 0 0 0 0 0 0 0 0 0 0 0 0 0 0 0 0 0 0 0 0 0 0 0 0 0 0 0 0 0 0 0 0 0 0 0 0 0 0 0 0 0 0 0 0 0 0 0 0 0 0 0 0 0 0 0 0 0 0 0 0 0 0 0 0 0 0 0 0 0 0 0 0 0 0 0 0 0 0 0 0 0 0 0 0 0 0 0 0 0 0 0 0 0 0 0 0 0 0 0 0 0 0 0 0 0 0 0 0 0 0 0 0 0 0 0 0 0 0 0 0 0 0 0 0 0 0 0 0 0 0 0 0 0 0 0 0 0 0 0 0 0 0 0 0 0 0 0 0 0 0 0 0 0 0 0 0 0 0 0 0 0 0 0 0 0 0 0 0 0 0 0 0 0 0 0 0 0 0 0 0 0 0 0 0 0 0 0 0 0 0 0 0 0 0 0 0 0 0 0 0 0 0 0 0 0 0 0 0 0 0 0 0 0 0 0 0 0 0 0 0 0 0 0 0 0 0 0 0 0 0 0 0 0 0 0 0 0 0 0 0 0 0 0 0 0 0 0 0 0 0 0 0 0 0 0 0 0 0 0 0 0 0 0 0 0 0 0 0 0 0 0 0 0 0 0 0 0 0 0 0 0 0 0 0 0 0 0 0 0 0 0 0 0 0 0 0 0 0 0 0 0 0 0 0 0 0 0 0 0 0 0 0 0 0 0 0 0 0 0 0 0 0 0 0 0 0 0 0 0 0 0 0 0 0 0 0 0 0 0 0 0 0 0 0 0 0 0 0 0 0 0 0 0 0 0 0 0 0 0 0 0 0 0 0 0 0 0 0 0 0 0 0 0 0 0 0 0 0 0 0 0 0 0 0 0 0 0 0 0 0 0 0 0 0 0 0 0 0 0 0 0 0 0 0 0 0 0 0 0 0 0 0 0 0 0 0 0 0 0 0 0 0 0 0 0 0 0 0 0 0 0 0 0 0 0 0 0 0 0 0 0 0 0 0 0 0 0 0 0 0 0 0 0 0 0 0 0 0 0 0 0 0 0 0 0 0 0 0 0 0 0 0 0 0 0 0 0 0 0 0 0 0 0 0 0 0 0 0 0 0 0 0 0 0 0 0 0 0 0 0 0 0 0 0 0 0 0 0 0 0 0 0 0 0 0 0 0 0 0 0 0 0 0 0 0 0 0 0 0 0 0 0 0 0 0 0 0 0 0 0 0 0 0 0 0 0 0 0 0 0 0 0 0 0 0 0 0 0 0 0 0 0 0 0 0 0 0 0 0 0 0 0 0 0 0 0 0 0 0 0 0 0 0 0 0 0 0 0 0 0 0 0 0 0 0 0 0 0 0 0 0 0 0 0 0 0 0 0 0 0 0 0 0 0 0 0 0 0 0 0 0 0 0 0 0 0 0 0 0 0 0 0 0 0 0 0 0 0 0 0 0 0 0 0 0 0 0 0 0 0 0 0 0 0 0 0 0 0 0 0 0 0 0 0 0 0 0 0 0 0 0 0 0 0 0 0 0 0 0 0 0 0 0 0 0 0 0 0 0 0 0 0 0 0 0 0 0 0 0 0 0 0 0 0 0 0 0 0 0 0 0 0 0 0 0 0 0 0 0 0 0 0 0 0 0 0 0 0 0 0 0 0 0 0 0 0 0 0 0 0 0 0 0 0 0 0 0 0 0 0 0 0 0 0 0 0 0 0 0 0 0 0 0 0 0 0 0 0 0 0 0 0 0 0 0 0 0 0 0 0 0 0 0 0 0 0 0 0 0 0 0 0 0 0 0 0 0 0 0 0 0 0 0 0 0 0 0 0 0 0 0 0 0 0 0 0 0 0 0 0 0 0 0 0 0 0 0 0 0 0 0 0 0 0 0 0 0 0 0 0 0 0 0 0 0 0 0 0 0 0 0 0 0 0 0 0 0 0 0 0 0 0 0 0 0 0 0 0 0 0 0 0 0 0 0 0 0 0 0 0 0 0 0 0 0 0 0 0 0 0 0 0 0 0 0 0 0 0 0 0 0 0 0 0 0 0 0 0 0 0 0 0 0 0 0 0 0 0 0 0 0 0 0 0 0 0 0 0 0 0 0 0 0 0 0 0 0 0 0 0 0 0 0 0 0 0 0 0 0 0 0 0 0 0 0 0 0 0 0 0 0 0 0 0 0 0 0 0 0 0 0 0 0 0 0 0 0 0 0 0 0 0 0 0 0 0 0 0 0 0 0 0 0 0 0 0 0 0 0 0 0 0 0 0 0 0 0 0 0 0 0 0 0 0 0 0 0 0 0 0 0 0 0 0 0 0 0 0 0 0 0 0 0 0 0 0 0 0 0 0 0 0 0 0 0 0 0 0 0 0 0 0 0 0 0 0 0 0 0 0 0 0 0 0 0 0 0 0 0 0 0 0 0 0 0 0 0 0 0 0 0 0 0 0 0 0 0 0 0 0 0 0 0 0 0 0 0 0 0 0 0 0 0 0 0 0 0 0 0 0 0 0 0 0 0 0 0 0 0 0 0 0 0 0 0 0 0 0 0 0 0 0 0 0 0 0 0 0 0 0 0 0 0 0 0 0 0 0 0 0 0 0 0 0 0 0 0 0 0 0 0 0 0 0 0 0 0 0 0 0 0 0 0 0 0 0 0 0 0 0 0 0 0 0 0 0 0 0 0 0 0 0 0 0 0 0 0 0 0 0 0 0 0 0 0 0 0 0 0 0 0 0 0 0 0 0 0 0 0 0 0 0 0 0 0 0 0 0 0 0 0 0 0 0 0 0 0 0 0 0 0 0 0 0 0 0 0 0 0 0 0 0 0 0 0 0 0 0 0 0 0 0 0 0 0 0 0 0 0 0 0 0 0 0 0 0 0 0 0 0 0 0 0 0 0 0 0 0 0 0 0 0 0 0 0 0 0 0 0 0 0 0 0 0 0 0 0 0 0 0 0 0 0 0 0 0 0 0 0 0 0 0 0 0 0 0 0 0 0 0 0 0 0 0 0 0 0 0 0 0 0 0 0 0 0 0 0 0 0 0 0 0 0 0 0 0 0 0 0 0 0 0 0 0 0 0 0 0 0 0 0 0 0 0 0 0 0 0 0 0 0 0 0 0 0 0 0 0 0 0 0 0 0 0 0 0 0 0 0 0 0 0 0 0 0 0 0 0 0 0 0 0 0 0 0 0 0 0 0 0 0 0 0 0 0 0 0 0 0 0 0 0 0 0 0 0 0 0 0 0 0 0 0 0 0 0 0 0 0 0 0 0 0 0 0 0 0 0 0 0 0 0 0 0 0 0 0 0 0 0 0 0 0 0 0 0 0 0 0 0 0 0 0 0 0 0 0 0 0 0 0 0 0 0 0 0 0 0 0 0 0 0 0 0 0 0 0 0 0 0 0 0 0 0 0 0 0 0 0 0 0 0 0 0 0 0 0 0 0 0 0 0 0 0 0 0 0 0 0 0 0 0 0 0 0 0 0 0 0 0 0 0 0 0 0 0 0 0 0 0 0 0 0 0 0 0 0 0 0 0 0 0 0 0 0 0 0 0 0 0 0 0 0 0 0 0 0 0 0 0 0 0 0 0 0 0 0 0 0 0 0 0 0 0 0 0 0 0 0 0 0 0 0 0 0 0 0 0 0 0 0 0 0 0 0 0 0 0 0 0 0 0 0 0 0 0 0 0 0 0 0 0 0 0 0 0 0 0 0 0 0 0 0 0 0 0 0 0 0 0 0 0 0 0 0 0 0 0 0 0 0 0 0 0 0 0 0 0 0 0 0 0 0 0 0 0 0 0 0 0 0 0 0 0 0 0 0 0 0 0 0 0 0 0 0 0 0 0 0 0 0 0 0 0 0 0 0 0 0 0 0 0 0 0 0 0 0 0 0 0 0 0 0 0 0 0 0 0 0 0 0 0 0 0 0 0 0 0 0 0 0 0 0 0 0 0 0 0 0 0 0 0 0 0 0 0 0 0 0 0 0 0 0 0 0 0 0 0 0 0 0 0 0 0 0 0 0 0 0 0 0 0 0 0 0 0 0 0 0 0 0 0 0 0 0 0 0 0 0 0 0 0 0 0 0 0 0 0 0 0 0 0 0 0 0 0 0 0 0 0 0 0 0 0 0 0 0 0 0 0 0 0 0 0 0 0 0 0 0 0 0 0 0 0 0 0 0 0 0 0 0 0 0 0 0 0 0 0 0 0 0 0 0 0 0 0 0 0 0 0 0 0 0 0 0 0 0 0 0 0 0 0 0 0 0 0 0 0 0 0 0 0 0 0 0 0 0 0 0 0 0 0 0 0 0 0 0 0 0 0 0 0 0 0 0 0 0 0 0 0 0 0 0 0 0 0 0 0 0 0 0 0 0 0 0 0 0 0 0 0 0 0 0 0 0 0 0 0 0 0 0 0 0 0 0 0 0 0 0 0 0 0 0 0 0 0 0 0 0 0 0 0 0 0 0 0 0 0 0 0 0 0 0 0 0 0 0 0 0 0 0 0 0 0 0 0 0 0 0 0 0 0 0 0 0 0 0 0 0 0 0 0 0 0 0 0 0 0 0 0 0 0 0 0 0 0 0 0 0 0 0 0 0 0 0 0 0 0 0 0 0 0 0 0 0 0 0 0 0 0 0 0 0 0 0 0 0 0 0 0 0 0 0 0 0 0 0 0 0 0 0 0 0 0 0 0 0 0 0 0 0 0 0 0 0 0 0 0 0 0 0 0 0 0 0 0 0 0 0 0 0 0 0 0 0 0 0 0 0 0 0 0 0 0 0 0 0 0 0 0 0 0 0 0 0 0 0 0 0 0 0 0 0 0 0 0 0 0 0 0 0 0 0 0 0 0 0 0 0 0 0 0 0 0 0 0 0 0 0 0 0 0 0 0 0 0 0 0 0 0 0 0 0 0 0 0 0 0 0 0 0 0 0 0 0 0 0 0 0 0 0 0 0 0 0 0 0 0 0 0 0 0 0 0 0 0 0 0 0 0 0 0 0 0 0 0 0 0 0 0 0 0 0 0 0 0 0 0 0 0 0 0 0 0 0 0 0 0 0 0 0 0 0 0 0 0 0 0 0 0 0 0 0 0 0 0 0 0 0 0 0 0 0 0 0 0 0 0 0 0 0 0 0 0 0 0 0 0 0 0 0 0 0 0 0 0 0 0 0 0 0 0 0 0 0 0 0 0 0 0 0 0 0 0 0 0 0 0 0 0 0 0 0 0 0 0 0 0 0 0 0 0 0 0 0 0 0 0 0 0 0 0 0 0 0 0 0 0 0 0 0 0 0 0 0 0 0 0 0 0 0 0 0 0 0 0 0 0 0 0 0 0 0 0 0 0 0 0 0 0 0 0 0 0 0 0 0 0 0 0 0 0 0 0 0 0 0 0 0 0 0 0 0 0 0 0 0 0 0 0 0 0 0 0 0 0 0 0 0 0 0 0 0 0 0 0 0 0 0 0 0 0 0 0 0 0 0 0 0 0 0 0 0 0 0 0 0 0 0 0 0 0 0 0 0 0 0 0 0 0 0 0 0 0 0 0 0 0 0 0 0 0 0 0 0 0 0 0 0 0 0 0 0 0 0 0 0 0 0 0 0 0 0 0 0 0 0 0 0 0 0 0 0 0 0 0 0 0 0 0 0 0 0 0 0 0 0 0 0 0 0 0 0 0 0 0 0 0 0 0 0 0 0 0 0 0 0 0 0 0 0 0 0 0 0 0 0 0 0 0 0 0 0 0 0 0 0 0 0 0 0 0 0 0 0 0 0 0 0 0 0 0 0 0 0 0 0 0 0 0 0 0 0 0 0 0 0 0 0 0 0 0 0 0 0 0 0 0 0 0 0 0 0 0 0 0 0 0 0 0 0 0 0 0 0 0 0 0 0 0 0 0 0 0 0 0 0 0 0 0 0 0 0 0 0 0 0 0 0 0 0 0 0 0 0 0 0 0 0 0 0 0 0 0 0 0 0 0 0 0 0 0 0 0 0 0 0 0 0 0 0 0 0 0 0 0 0 0 0 0 0 0 0 0 0 0 0 0 0 0 0 0 0 0 0 0 0 0 0 0 0 0 0 0 0 0 0 0 0 0 0 0 0 0 0 0 0 0 0 0 0 0 0 0 0 0 0 0 0 0 0 0 0 0 0 0 0 0 0 0 0 0 0 0 0 0 0 0 0 0 0 0 0 0 0 0 0 0 0 0 0 0 0 0 0 0 0 0 0 0 0 0 0 0 0 0 0 0 0 0 0 0 0 0 0 0 0 0 0 0 0 0 0 0 0 0 0 0 0 0 0 0 0 0 0 0 0 0 0 0 0 0 0 0 0 0 0 0 0 0 0 0 0 0 0 0 0 0 0 0 0 0 0 0 0 0 0 0 0 0 0 0 0 0 0 0 0 0 0 0 0 0 0 0 0 0 0 0 0 0 0 0 0 0 0 0 0 0 0 0 0 0 0 0 0 0 0 0 0 0 0 0 0 0 0 0 0 0 0 0 0 0 0 0 0 0 0 0 0 0 0 0 0 0 0 0 0 0 0 0 0 0 0 0 0 0 0 0 0 0 0 0 0 0 0 0 0 0 0 0 0 0 0 0 0 0 0 0 0 0 0 0 0 0 0 0 0 0 0 0 0 0 0 0 0 0 0 0 0 0 0 0 0 0 0 0 0 0 0 0 0 0 0 0 0 0 0 0 0 0 0 0 0 0 0 0 0 0 0 0 0 0 0 0 0 0 0 0 0 0 0 0 0 0 0 0 0 0 0 0 0 0 0 0 0 0 0 0 0 0 0 0 0 0 0 0 0 0 0 0 0 0 0 0 0 0 0 0 0 0 0 0 0 0 0 0 0 0 0 0 0 0 0 0 0 0 0 0 0 0 0 0 0 0 0 0 0 0 0 0 0 0 0 0 0 0 0 0 0 0 0 0 0 0 0 0 0 0 0 0 0 0 0 0 0 0 0 0 0 0 0 0 0 0 0 0 0 0 0 0 0 0 0 0 0 0 0 0 0 0 0 0 0 0 0 0 0 0 0 0 0 0 0 0 0 0 0 0 0 0 0 0 0 0 0 0 0 0 0 0 0 0 0 0 0 0 0 0 0 0 0 0 0 0 0 0 0 0 0 0 0 0 0 0 0 0 0 0 0 0 0 0 0 0 0 0 0 0 0 0 0 0 0 0 0 0 0 0 0 0 0 0 0 0 0 0 0 0 0 0 0 0 0 0 0 0 0 0 0 0 0 0 0 0 0 0 0 0 0 0 0 0 0 0 0 0 0 0 0 0 0 0 0 0 0 0 0 0 0 0 0 0 0 0 0 0 0 0 0 0 0 0 0 0 0 0 0 0 0 0 0 0 0 0 0 0 0 0 0 0 0 0 0 0 0 0 0 0 0 0 0 0 0 0 0 0 0 0 0 0 0 0 0 0 0 0 0 0 0 0 0 0 0 0 0 0 0 0 0 0 0 0 0 0 0 0 0 0 0 0 0 0 0 0 0 0 0 0 0 0 0 0 0 0 0 0 0 0 0 0 0 0 0 0 0 0 0 0 0 0 0 0 0 0 0 0 0 0 0 0 0 0 0 0 0 0 1 1 0.96875 0.5 1 0.5 0.96875 1 0.9375 0.5 0.96875 0.5 0.9375 1 0.90625 0.5 0.9375 0.5 0.90625 1 0.8750001 0.5 0.90625 0.5 0.8750001 1 0.84375 0.5 0.8750001 0.5 0.84375 1 0.8125 0.5 0.84375 0.5 0.8125 1 0.78125 0.5 0.8125 0.5 0.78125 1 0.75 0.5 0.78125 0.5 0.75 1 0.71875 0.5 0.75 0.5 0.71875 1 0.6875 0.5 0.71875 0.5 0.6875 1 0.65625 0.5 0.6875 0.5 0.65625 1 0.625 0.5 0.65625 0.5 0.625 1 0.59375 0.5 0.625 0.5 0.59375 1 0.5625 0.5 0.59375 0.5 0.5625 1 0.53125 0.5 0.5625 0.5 0.53125 1 0.5 0.5 0.53125 0.5 0.5 1 0.46875 0.5 0.5 0.5 0.46875 1 0.4375 0.5 0.46875 0.5 0.4375 1 0.40625 0.5 0.4375 0.5 0.40625 1 0.375 0.5 0.40625 0.5 0.375 1 0.34375 0.5 0.375 0.5 0.34375 1 0.3125 0.5 0.34375 0.5 0.3125 1 0.28125 0.5 0.3125 0.5 0.28125 1 0.25 0.5 0.28125 0.5 0.25 1 0.21875 0.5 0.25 0.5 0.21875 1 0.1875 0.5 0.21875 0.5 0.1875 1 0.15625 0.5 0.1875 0.5 0.15625 1 0.125 0.5 0.15625 0.5 0.125 1 0.09375 0.5 0.125 0.5 0.09375 1 0.0625 0.5 0.09375 0.5 0.02826893 0.341844 0.1581559 0.02826887 0.4717311 0.1581559 0.0625 1 0.03125 0.5 0.0625 0.5 0.03125 1 0 0.5 0.03125 0.5 0.9853885 0.2968217 0.7968217 0.01461148 0.5146116 0.2031783 1 1 0.96875 1 0.96875 0.5 0.96875 1 0.9375 1 0.9375 0.5 0.9375 1 0.90625 1 0.90625 0.5 0.90625 1 0.8750001 1 0.8750001 0.5 0.8750001 1 0.84375 1 0.84375 0.5 0.84375 1 0.8125 1 0.8125 0.5 0.8125 1 0.78125 1 0.78125 0.5 0.78125 1 0.75 1 0.75 0.5 0.75 1 0.71875 1 0.71875 0.5 0.71875 1 0.6875 1 0.6875 0.5 0.6875 1 0.65625 1 0.65625 0.5 0.65625 1 0.625 1 0.625 0.5 0.625 1 0.59375 1 0.59375 0.5 0.59375 1 0.5625 1 0.5625 0.5 0.5625 1 0.53125 1 0.53125 0.5 0.53125 1 0.5 1 0.5 0.5 0.5 1 0.46875 1 0.46875 0.5 0.46875 1 0.4375 1 0.4375 0.5 0.4375 1 0.40625 1 0.40625 0.5 0.40625 1 0.375 1 0.375 0.5 0.375 1 0.34375 1 0.34375 0.5 0.34375 1 0.3125 1 0.3125 0.5 0.3125 1 0.28125 1 0.28125 0.5 0.28125 1 0.25 1 0.25 0.5 0.25 1 0.21875 1 0.21875 0.5 0.21875 1 0.1875 1 0.1875 0.5 0.1875 1 0.15625 1 0.15625 0.5 0.15625 1 0.125 1 0.125 0.5 0.125 1 0.09375 1 0.09375 0.5 0.09375 1 0.0625 1 0.0625 0.5 0.341844 0.4717311 0.2968217 0.4853885 0.1581559 0.4717311 0.2968217 0.4853885 0.25 0.49 0.1581559 0.4717311 0.25 0.49 0.2031783 0.4853885 0.1581559 0.4717311 0.1581559 0.4717311 0.116663 0.4495527 0.08029431 0.4197056 0.08029431 0.4197056 0.0504471 0.3833368 0.1581559 0.4717311 0.0504471 0.3833368 0.02826893 0.341844 0.1581559 0.4717311 0.02826893 0.341844 0.01461154 0.2968217 0.00999999 0.25 0.00999999 0.25 0.01461154 0.2031783 0.02826887 0.1581559 0.02826887 0.1581559 0.05044728 0.116663 0.08029437 0.08029437 0.08029437 0.08029437 0.116663 0.05044728 0.1581559 0.02826887 0.1581559 0.02826887 0.2031783 0.01461148 0.25 0.00999999 0.25 0.00999999 0.2968217 0.01461148 0.341844 0.02826887 0.341844 0.02826887 0.3833369 0.05044728 0.4197056 0.08029437 0.4197056 0.08029437 0.4495527 0.116663 0.4717311 0.1581559 0.4717311 0.1581559 0.4853885 0.2031783 0.49 0.25 0.49 0.25 0.4853885 0.2968217 0.4717311 0.341844 0.4717311 0.341844 0.4495527 0.3833369 0.4197056 0.4197056 0.4197056 0.4197056 0.3833369 0.4495527 0.341844 0.4717311 0.02826893 0.341844 0.00999999 0.25 0.1581559 0.02826887 0.00999999 0.25 0.02826887 0.1581559 0.1581559 0.02826887 0.02826887 0.1581559 0.08029437 0.08029437 0.1581559 0.02826887 0.1581559 0.02826887 0.25 0.00999999 0.341844 0.02826887 0.341844 0.02826887 0.4197056 0.08029437 0.1581559 0.02826887 0.4197056 0.08029437 0.4717311 0.1581559 0.1581559 0.02826887 0.4717311 0.1581559 0.49 0.25 0.341844 0.4717311 0.49 0.25 0.4717311 0.341844 0.341844 0.4717311 0.4717311 0.341844 0.4197056 0.4197056 0.341844 0.4717311 0.341844 0.4717311 0.1581559 0.4717311 0.02826893 0.341844 0.341844 0.4717311 0.02826893 0.341844 0.4717311 0.1581559 0.0625 1 0.03125 1 0.03125 0.5 0.03125 1 0 1 0 0.5 0.7031784 0.4853885 0.75 0.49 0.7968217 0.4853885 0.7968217 0.4853885 0.841844 0.4717311 0.8833369 0.4495527 0.8833369 0.4495527 0.9197056 0.4197056 0.9495527 0.3833369 0.9495527 0.3833369 0.9717311 0.341844 0.9853885 0.2968217 0.9853885 0.2968217 0.99 0.25 0.9853885 0.2031783 0.9853885 0.2031783 0.9717311 0.1581559 0.9495527 0.116663 0.9495527 0.116663 0.9197056 0.08029437 0.8833369 0.05044728 0.8833369 0.05044728 0.841844 0.02826887 0.7968217 0.01461148 0.7968217 0.01461148 0.75 0.00999999 0.7031784 0.01461148 0.7031784 0.01461148 0.658156 0.02826887 0.6166631 0.05044728 0.6166631 0.05044728 0.5802944 0.08029437 0.5504474 0.116663 0.5504474 0.116663 0.5282689 0.1581559 0.5146116 0.2031783 0.5146116 0.2031783 0.51 0.25 0.5146116 0.2968217 0.5146116 0.2968217 0.5282689 0.341844 0.5146116 0.2031783 0.5282689 0.341844 0.5504473 0.3833368 0.5146116 0.2031783 0.5504473 0.3833368 0.5802944 0.4197056 0.7031784 0.4853885 0.5802944 0.4197056 0.6166631 0.4495527 0.7031784 0.4853885 0.6166631 0.4495527 0.658156 0.4717311 0.7031784 0.4853885 0.7031784 0.4853885 0.7968217 0.4853885 0.9853885 0.2968217 0.7968217 0.4853885 0.8833369 0.4495527 0.9853885 0.2968217 0.8833369 0.4495527 0.9495527 0.3833369 0.9853885 0.2968217 0.9853885 0.2968217 0.9853885 0.2031783 0.9495527 0.116663 0.9495527 0.116663 0.8833369 0.05044728 0.9853885 0.2968217 0.8833369 0.05044728 0.7968217 0.01461148 0.9853885 0.2968217 0.7968217 0.01461148 0.7031784 0.01461148 0.5146116 0.2031783 0.7031784 0.01461148 0.6166631 0.05044728 0.5146116 0.2031783 0.6166631 0.05044728 0.5504474 0.116663 0.5146116 0.2031783 0.5146116 0.2031783 0.5504473 0.3833368 0.7031784 0.4853885 0.7031784 0.4853885 0.9853885 0.2968217 0.5146116 0.2031783 0 0 0 0 0 0 0 0 0 0 0 0 0 0 0 0 0 0 0 0 0 0 0 0 0 0 0 0 0 0 0 0 0 0 0 0 0 0 0 0 0 0 0 0 0 0 0 0 0 0 0 0 0 0 0 0 0 0 0 0 0 0 0 0 0 0 0 0 0 0 0 0 0 0 0 0 0 0 0 0 0 0 0 0 0 0 0 0 0 0 0 0 0 0 0 0 0 0 0 0 0 0 0 0 0 0 0 0 0 0 0 0 0 0 0 0 0 0 0 0 0 0 0 0 0 0 0 0 0 0 0 0 0 0 0 0 0 0 0 0 0 0 0 0 0 0 0 0 0 0 0 0 0 0 0 0 0 0 0 0 0 0 0 0 0 0 0 0 0 0 0 0 0 0 0 0 0 0 0 0 0 0 0 0 0 0 0 0 0 0 0 0 0 0 0 0 0 0 0 0 0 0 0 0 0 0 0 0 0 0 0 0 0 0 0 0 0 0 0 0 0 0 0 0 0 0 0 0 0 0 0 0 0 0 0 0 0 0 0 0 0 0 0 0 0 0 0 0 0 0 0 0 0 0 0 0 0 0 0 0 0 0 0 0 0 0 0 0 0 0 0 0 0 0 0 0 0 0 0 0 0 0 0 0 0 0 0 0 0 0 0 0 0 0 0 0 0 0 0 0 0 0 0 0 0 0 0 0 0 0 0 0 0 0 0 0 0 0 0 0 0 0 0 0 0 0 0 0 0 0 0 0 0 0 0 0 0 0 0 0 0 0 0 0 0 0 0 0 0 0 0 0 0 0 0 0 0 0 0 0 0 0 0 0 0 0 0 0 0 0 0 0 0 0 0 0 0 0 0 0 0 0 0 0 0 0 0 0 0 0 0 0 0 0 0 0 0 0 0 0 0 0 0 0 0 0 0 0 0 0 0 0 0 0 0 0 0 0 0 0 0 0 0 0 0 0 0 0 0 0 0 0 0 0 0 0 0 0 0 0 0 0 0 0 0 0 0 0 0 0 0 0 0 0 0 0 0 0 0 0 0 0 0 0 0 0 0 0 0 0 0 0 0 0 0 0 0 0 0 0 0 0 0 0 0 0 0 0 0 0 0 0 0 0 0 0 0 0 0 0 0 0 0 0 0 0 0 0 0 0 0 0 0 0 0 0 0 0 0 0 0 0 0 0 0 0 0 0 0 0 0 0 0 0 0 0 0 0 0 0 0 0 0 0 0 0 0 0 0 0 0 0 0 0 0 0 0 0 0 0 0 0 0 0 0 0 0 0 0 0 0 0 0 0 0 0 0 0 0 0 0 0 0 0 0 0 0 0 0 0 0 0 0 0 0 0 0 0 0 0 0 0 0 0 0 0 0 0 0 0 0 0 0 0 0 0 0 0 0 0 0 0 0 0 0 0 0 0 0 0 0 0 0 0 0 0 0 0 0 0 0 0 0 0 0 0 0 0 0 0 0 0 0 0 0 0 0 0 0 0 0 0 0 0 0 0 0 0 0 0 0 0 0 0 0 0 0 0 0 0 0 0 0 0 0 0 0 0 0 0 0 0 0 0 0 0 0 0 0 0 0 0 0 0 0 0 0 0 0 0 0 0 0 0 0 0 0 0 0 0 0 0 0 0 0 0 0 0 0 0 0 0 0 0 0 0 0 0 0 0 0 0 0 0 0 0 0 0 0 0 0 0 0 0 0 0 0 0 0 0 0 0 0 0 0 0 0 0 0 0 0 0 0 0 0 0 0 0 0 0 0 0 0 0 0 0 0 0 0 0 0 0 0 0 0 0 0 0 0 0 0 0 0 0 0 0 0 0 0 0 0 0 0 0 0 0 0 0 0 0 0 0 0 0 0 0 0 0 0 0 0 0 0 0 0 0 0 0 0 0 0 0 0 0 0 0 0 0 0 0 0 0 0 0 0 0 0 0 0 0 0 0 0 0 0 0 0 0 0 0 0 0 0 0 0 0 0 0 0 0 0 0 0 0 0 0 0 0 0 0 0 0 0 0 0 0 0 0 0 0 0 0 0 0 0 0 0 0 0 0 0 0 0 0 0 0 0 0 0 0 0 0 0 0 0 0 0 0 0 0 0 0 0 0 0 0 0 0 0 0 0 0 0 0 0 0 0 0 0 0 0 0 0 0 0 0 0 0 0 0 0 0 0 0 0 0 0 0 0 0 0 0 0 0 0 0 0 0 0 0 0 0 0 0 0 0 0 0 0 0 0 0 0 0 0 0 0 0 0 0 0 0 0 0 0 0 0 0 0 0 0 0 0 0 0 0 0 0 0 0 0 0 0 0 0 0 0 0 0 0 0 0 0 0 0 0 0 0 0 0 0 0 0 0 0 0 0 0 0 0 0 0 0 0 0 0 0 0 0 0 0 0 0 0 0 0 0 0 0 0 0 0 0 0 0 0 0 0 0 0 0 0 0 0 0 0 0 0 0 0 0 0 0 0 0 0 0 0 0 0 0 0 0 0 0 0 0 0 0 0 0 0 0 0 0 0 0 0 0 0 0 0 0 0 0 0 0 0 0 0 0 0 0 0 0 0 0 0 0 0 0 0 0 0 0 0 0 0 0 0 0 0 0 0 0 0 0 0 0 0 0 0 0 0 0 0 0 0 0 0 0 0 0 0 0 0 0 0 0 0 0 0 0 0 0 0 0 0 0 0 0 0 0 0 0 0 0 0 0 0 0 0 0 0 0 0 0 0 0 0 0 0 0 0 0 0 0 0 0 0 0 0 0 0 0 0 0 0 0 0 0 0 0 0 0 0 0 0 0 0 0 0 0 0 0 0 0 0 0 0 0 0 0 0 0 0 0 0 0 0 0 0 0 0 0 0 0 0 0 0 0 0 0 0 0 0 0 0 0 0 0 0 0 0 0 0 0 0 0 0 0 0 0 0 0 0 0 0 0 0 0 0 0 0 0 0 0 0 0 0 0 0 0 0 0 0 0 0 0 0 0 0 0 0 0 0 0 0 0 0 0 0 0 0 0 0 0 0 0 0 0 0 0 0 0 0 0 0 0 0 0 0 0 0 0 0 0 0 0 0 0 0 0 0 0 0 0 0 0 0 0 0 0 0 0 0 0 0 0 0 0 0 0 0 0 0 0 0 0 0 0 0 0 0 0 0 0 0 0 0 0 0 0 0 0 0 0 0 0 0 0 0 0 0 0 0 0 0 0 0 0 0 0 0 0 0 0 0 0 0 0 0 0 0 0 0 0 0 0 0 0 0 0 0 0 0 0 0 0 0 0 0 0 0 0 0 0 0 0 0 0 0 0 0 0 0 0 0 0 0 0 0 0 0 0 0 0 0 0 0 0 0 0 0 0 0 0 0 0 0 0 0 0 0 0 0 0 0 0 0 0 0 0 0 0 0 0 0 0 0 0 0 0 0 0 0 0 0 0 0 0 0 0 0 0 0 0 0 0 0 0 0 0 0 0 0 0 0 0 0 0 0 0 0 0 0 0 0 0 0 0 0 0 0 0 0 0 0 0 0 0 0 0 0 0 0 0 0 0 0 0 0 0 0 0 0 0 0 0 0 0 0 0 0 0 0 0 0 0 0 0 0 0 0 0 0 0 0 0 0 0 0 0 0 0 0 0 0 0 0 0 0 0 0 0 0 0 0 0 0 0 0 0 0 0 0 0 0 0 0 0 0 0 0 0 0 0 0 0 0 0 0 0 0 0 0 0 0 0 0 0 0 0 0 0 0 0 0 0 0 0 0 0 0 0 0 0 0 0 0 0 0 0 0 0 0 0 0 0 0 0 0 0 0 0 0 0 0 0 0 0 0 0 0 0 0 0 0 0 0 0 0 0 0 0 0 0 0 0 0 0 0 0 0 0 0 0 0 0 0 0 0 0 0 0 0 0 0 0 0 0 0 0 0 0 0 0 0 0 0 0 0 0 0 0 0 0 0 0 0 0 0 0 0 0 0 0 0 0 0 0 0 0 0 0 0 0 0 0 0 0 0 0 0 0 0 0 0 0 0 0 0 0 0 0 0 0 0 0 0 0 0 0 0 0 0 0 0 0 0 0 0 0 0 0 0 0 0 0 0 0 0 0 0 0 0 0 0 0 0 0 0 0 0 0 0 0 0 0 0 0 0 0 0 0 0 0 0 0 0 0 0 0 0 0 0 0 0 0 0 0 0 0 0 0 0 0 0 0 0 0 0 0 0 0 0 0 0 0 0 0 0 0 0 0 0 0 0 0 0 0 0 0 0 0 0 0 0 0 0 0 0 0 0 0 0 0 0 0 0 0 0 0 0 0 0 0 0 0 0 0 0 0 0 0 0 0 0 0 0 0 0 0 0 0 0 0 0 0 0 0 0 0 0 0 0 0 0 0 0 0 0 0 0 0 0 0 0 0 0 0 0 0 0 0 0 0 0 0 0 0 0 0 0 0 0 0 0 0 0 0 0 0 0 0 0 0 0 0 0 0 0 0 0 0 0 0 0 0 0 0 0 0 0 0 0 0 0 0 0 0 0 0 0 0 0 0 0 0 0 0 0 0 0 0 0 0 0 0 0 0 0 0 0 0 0 0 0 0 0 0 0 0 0 0 0 0 0 0 0 0 0 0 0 0 0 0 0 0 0 0 0 0 0 0 0 0 0 0 0 0 0 0 0 0 0 0 0 0 0 0 0 0 0 0 0 0 0 0 0 0 0 0 0 0 0 0 0 0 0 0 0 0 0 0 0 0 0 0 0 0 0 0 0 0 0 0 0 0 0 0 0 0 0 0 0 0 0 0 0 0 0 0 0 0 0 0 0 0 0 0 0 0 0 0 0 0 0 0 0 0 0 0 0 0 0 0 0 0 0 0 0 0 0 0 0 0 0 0 0 0 0 0 0 0 0 0 0 0 0 0 0 0 0 0 0 0 0 0 0 0 0 0 0 0 0 0 0 0 0 0 0 0 0 0 0 0 0 0 0 0 0 0 0 0 0 0 0 0 0 0 0 0 0 0 0 0 0 0 0 0 0 0 0 0 0 0 0 0 0 0 0 0 0 0 0 0 0 0 0 0 0 0 0 0 0 0 0 0 0 0 0 0 0 0 0 0 0 0 0 0 0 0 0 0 0 0 0 0 0 0 0 0 0 0 0 0 0 0 0 0 0 0 0 0 0 0 0 0 0 0 0 0 0 0 0 0 0 0 0 0 0 0 0 0 0 0 0 0 0 0 0 0 0 0 0 0 0 0 0 0 0 0 0 0 0 0 0 0 0 0 0 0 0 0 0 0 0 0 0 0 0 0 0 0 0 0 0 0 0 0 0 0 0 0 0 0 0 0 0 0 0 0 0 0 0 0 0 0 0 0 0 0 0 0 0 0 0 0 0 0 0 0 0 0 0 0 0 0 0 0 0 0 0 0 0 0 0 0 0 0 0 0 0 0 0 0 0 0 0 0 0 0 0 0 0 0 0 0 0 0 0 0 0 0 0 0 0 0 0 0 0 0 0 0 0 0 0 0 0 0 0 0 0 0 0 0 0 0 0 0 0 0 0 0 0 0 0 0 0 0 0 0 0 0 0 0 0 0 0 0 0 0 0 0 0 0 0 0 0 0 0 0 0 0 0 0 0 0 0 0 0 0 0 0 0 0 0 0 0 0 0 0 0 0 0 0 0 0 0 0 0 0 0 0 0 0 0 0 0 0 0 0 0 0 0 0 0 0 0 0 0 0 0 0 0 0 0 0 0 0 0 0 0 0 0 0 0 0 0 0 0 0 0 0 0 0 0 0 0 0 0 0 0 0 0 0 0 0 0 0 0 0 0 0 0 0 0 0 0 0 0 0 0 0 0 0 0 0 0 0 0 0 0 0 0 0 0 0 0 0 0 0 0 0 0 0 0 0 0 0 0 0 0 0 0 0 0 0 0 0 0 0 0 0 0 0 0 0 0 0 0 0 0 0 0 0 0 0 0 0 0 0 0 0 0 0 0 0 0 0 0 0 0 0 0 0 0 0 0 0 0 0 0 0 0 0 0 0 0 0 0 0 0 0 0 0 0 0 0 0 0 0 0 0 0 0 0 0 0 0 0 0 0 0 0 0 0 0 0 0 0 0 0 0 0 0 0 0 0 0 0 0 0 0 0 0 0 0 0 0 0 0 0 0 0 0 0 0 0 0 0 0 0 0 0 0 0 0 0 0 0 0 0 0 0 0 0 0 0 0 0 0 0 0 0 0 0 0 0 0 0 0 0 0 0 0 0 0 0 0 0 0 0 0 0 0 0 0 0 0 0 0 0 0 0 0 0 0 0 0 0 0 0 0 0 0 0 0 0 0 0 0 0 0 0 0 0 0 0 0 0 0 0 0 0 0 0 0 0 0 0 0 0 0 0 0 0 0 0 0 0 0 0 0 0 0 0 0 0 0 0 0 0 0 0 0 0 0 0 0 0 0 0 0 0 0 0 0 0 0 0 0 0 0 0 0 0 0 0 0 0 0 0 0 0 0 0 0 0 0 0 0 0 0 0 0 0 0 0 0 0 0 0 0 0 0 0 0 0 0 0 0 0 0 0 0 0 0 0 0 0 0 0 0 0 0 0 0 0 0 0 0 0 0 0 0 0 0 0 0 0 0 0 0 0 0 0 0 0 0 0 0 0 0 0 0 0 0 0 0 0 0 0 0 0 0 0 0 0 0 0 0 0 0 0 0 0 0 0 0 0 0 0 0 0 0 0 0 0 0 0 0 0 0 0 0 0 0 0 0 0 0 0 0 0 0 0 0 0 0 0 0 0 0 0 0 0 0 0 0 0 0 0 0 0 0 0 0 0 0 0 0 0 0 0 0 0 0 0 0 0 0 0 0 0 0 0 0 0 0 0 0 0 0 0 0 0 0 0 0 0 0 0 0 0 0 0 0 0 0 0 0 0 0 0 0 0 0 0 0 0 0 0 0 0 0 0 0 0 0 0 0 0 0 0 0 0 0 0 0 0 0 0 0 0 0 0 0 0 0 0 0 0 0 0 0 0 0 0 0 0 0 0 0 0 0 0 0 0 0 0 0 0 0 0 0 0 0 0 0 0 0 0 0 0 0 0 0 0 0 0 0 0 0 0 0 0 0 0 0 0 0 0 0 0 0 0 0 0 0 0 0 0 0 0 0 0 0 0 0 0 0 0 0 0 0 0 0 0 0 0 0 0 0 0 0 0 0 0 0 0 0 0 0 0 0 0 0 0 0 0 0 0 0 0 0 0 0 0 0 0 0 0 0 0 0 0 0 0 0 0 0 0 0 0 0 0 0 0 0 0 0 0 0 0 0 0 0 0 0 0 0 0 0 0 0 0 0 0 0 0 0 0 0 0 0 0 0 0 0 0 0 0 0 0 0 0 0 0 0 0 0 0 0 0 0 0 0 0 0 0 0 0 0 0 0 0 0 0 0 0 0 0 0 0 0 0 0 0 0 0 0 0 0 0 0 0 0 0 0 0 0 0 0 0 0 0 0 0 0 0 0 0 0 0 0 0 0 0 0 0 0 0 0 0 0 0 0 0 0 0 0 0 0 0 0 0 0 0 0 0 0 0 0 0 0 0 0 0 0 0 0 0 0 0 0 0 0 0 0 0 0 0 0 0 0 0 0 0 0 0 0 0 0 0 0 0 0 0 0 0 0 0 0 0 0 0 0 0 0 0 0 0 0 0 0 0 0 0 0 0 0 0 0 0 0 0 0 0 0 0 0 0 0 0 0 0 0 0 0 0 0 0 0 0 0 0 0 0 0 0 0 0 0 0 0 0 0 0 0 0 0 0 0 0 0 0 0 0 0 0 0 0 0 0 0 0 0 0 0 0 0 0 0 0 0 0 0 0 0 0 0 0 0 0 0 0 0 0 0 0 0 0 0 0 0 0 0 0 0 0 0 0 0 0 0 0 0 0 0 0 0 0 0 0 0 0 0 0 0 0 0 0 0 0 0 0 0 0 0 0 0 0 0 0 0 0 0 0 0 0 0 0 0 0 0 0 0 0 0 0 0 0 0 0 0 0 0 0 0 0 0 0 0 0 0 0 0 0 0 0 0 0 0 0 0 0 0 0 0 0 0 0 0 0 0 0 0 0 0 0 0 0 0 0 0 0 0 0 0 0 0 0 0 0 0 0 0 0 0 0 0 0 0 0 0 0 0 0 0 0 0 0 0 0 0 0 0 0 0 0 0 0 0 0 0 0 0 0 0 0 0 0 0 0 0 0 0 0 0 0 0 0 0 0 0 0 0 0 0 0 0 0 0 0 0 0 0 0 0 0 0 0 0 0 0 0 0 0 0 0 0 0 0 0 0 0 0 0 0 0 0 0 0 0 0 0 0 0 0 0 0 0 0 0 0 0 0 0 0 0 0 0 0 0 0 0 0 0 0 0 0 0 0 0 0 0 0 0 0 0 0 0 0 0 0 0 0 0 0 0 0 0 0 0 0 0 0 0 0 0 0 0 0 0 0 0 0 0 0 0 0 0 0 0 0 0 0 0 0 0 0 0 0 0 0 0 0 0 0 0 0 0 0 0 0 0 0 0 0 0 0 0 0 0 0 0 0 0 0 0 0 0 0 0 0 0 0 0 0 0 0 0 0 0 0 0 0 0 0 0 0 0 0 0 0 0 0 0 0 0 0 0 0 0 0 0 0 0 0 0 0 0 0 0 0 0 0 0 0 0 0 0 0 0 0 0 0 0 0 0 0 0 0 0 0 0 0 0 0 0 0 0 0 0 0 0 0 0 0 0 0 0 0 0 0 0 0 0 0 0 0 0 0 0 0 0 0 0 0 0 0 0 0 0 0 0 0 0 0 0 0 0 0 0 0 0 0 0 0 0 0 0 0 0 0 0 0 0 0 0 0 0 0 0 0 0 0 0 0 0 0 0 0 0 0 0 0 0 0 0 0 0 0 0 0 0 0 0 0 0 0 0 0 0 0 0 0 0 0 0 0 0 0 0 0 0 0 0 0 0 0 0 0 0 0 0 0 0 0 0 0 0 0 0 0 0 0 0 0 0 0 0 0 0 0 0 0 0 0 0 0 0 0 0 0 0 0 0 0 0 0 0 0 0 0 0 0 0 0 0 0 0 0 0 0 0 0 0 0 0 0 0 0 0 0 0 0 0 0 0 0 0 0 0 0 0 0 0 0 0 0 0 0 0 0 0 0 0 0 0 0 0 0 0 0 0 0 0 0 0 0 0 0 0 0 0 0 0 0 0 0 0 0 0 0 0 0 0 0 0 0 0 0 0 0 0 0 0 0 0 0 0 0 0 0 0 0 0 0 0 0 0 0 0 0 0 0 0 0 0 0 0 0 0 0 0 0 0 0 0 0 0 0 0 0 0 0 0 0 0 0 0 0 0 0 0 0 0 0 0 0 0 0 0 0 0 0 0 0 0 0 0 0 0 0 0 0 0 0 0 0 0 0 0 0 0 0 0 0 0 0 0 0 0 0 0 0 0 0 0 0 0 0 0 0 0 0 0 0 0 0 0 0 0 0 0 0 0 0 0 0 0 0 0 0 0 0 0 0 0 0 0 0 0 0 0 0 0 0 0 0 0 0 0 0 0 0 0 0 0 0 0 0 0 0 0 0 0 0 0 0 0 0 0 0 0 0 0 0 0 0 0 0 0 0 0 0 0 0 0 0 0 0 0 0 0 0 0 0 0 0 0 0 0 0 0 0 0 0 0 0 0 0 0 0 0 0 0 0 0 0 0 0 0 0 0 0 0 0 0 0 0 0 0 0 0 0 0 0 0 0 0 0 0 0 0 0 0 0 0 0 0 0 0 0 0 0 0 0 0 0 0 0 0 0 0 0 0 0 0 0 0 0 0 0 0 0 0 0 0 0 0 0 0 0 0 0 0 0 0 0 0 0 0 0 0 0 0 0 0 0 0 0 0 0 0 0 0 0 0 0 0 0 0 0 0 0 0 0 0 0 0 0 0 0 0 0 0 0 0 0 0 0 0 0 0 0 0 0 0 0 0 0 0 0 0 0 0 0 0 0 0 0 0 0 0 0 0 0 0 0 0 0 0 0 0 0 0 0 0 0 0 0 0 0 0 0 0 0 0 0 0 0 0 0 0 0 0 0 0 0 0 0 0 0 0 0 0 0 0 0 0 0 0 0 0 0 0 0 0 0 0 0 0 0 0 0 0 0 0 0 0 0 0 0 0 0 0 0 0 0 0 0 0 0 0 0 0 0 0 0 0 0 0 0 0 0 0 0 0 0 0 0 0 0 0 0 0 0 0 0 0 0 0 0 0 0 0 0 0 0 0 0 0 0 0 0 0 0 0 0 0 0 0 0 0 0 0 0 0 0 0 0 0 0 0 0 0 0 0 0 0 0 0 0 0 0 0 0 0 0 0 0 0 0 0 0 0 0 0 0 0 0 0 0 0 0 0 0 0 0 0 0 0 0 0 0 0 0 0 0 0 0 0 0 0 0 0 0 0 0 0 0 0 0 0 0 0 0 0 0 0 0 0 0 0 0 0 0 0 0 0 0 0 0 0 0 0 0 0 0 0 0 0 0 0 0 0 0 0 0 0 0 0 0 0 0 0 0 0 0 0 0 0 0 0 0 0 0 0 0 0 0 0 0 0 0 0 0 0 0 0 0 0 0 0 0 0 0 0 0 0 0 0 0 0 0 0 0 0 0 0 0 0 0 0 0 0 0 0 0 0 0 0 0 0 0 0 0 0 0 0 0 0 0 0 0 0 0 0 0 0 0 0 0 0 0 0 0 0 0 0 0 0 0 0 0 0 0 0 0 0 0 0 0 0 0 0 0 0 0 0 0 0 0 0 0 0 0 0 0 0 0 0 0 0 0 0 0 0 0 0 0 0 0 0 0 0 0 0 0 0 0 0 0 0 0 0 0 0 0 0 0 0 0 0 0 0 0 0 0 0 0 0 0 0 0 0 0 0 0 0 0 0 0 0 0 0 0 0 0 0 0 0 0 0 0 0 0 0 0 0 0 0 0 0 0 0 0 0 0 0 0 0 0 0 0 0 0 0 0 0 0 0 0 0 0 0 0 0 0 0 0 0 0 0 0 0 0 0 0 0 0 0 0 0 0 0 0 0 0 0 0 0 0 0 0 0 0 0 0 0 0 0 0 0 0 0 0 0 0 0 0 0 0 0 0 0 0 0 0 0 0 0 0 0 0 0 0 0 0 0 0 0 0 0 0 0 0 0 0 0 0 0 0 0 0 0 0 0 0 0 0 0 0 0 0 0 0 0 0 0 0 0 0 0 0 0 0 0 0 0 0 0 0 0 0 0 0 0 0 0 0 0 0 0 0 0 0 0 0 0 0 0 0 0 0 0 0 0 0 0 0 0 0 0 0 0 0 0 0 0 0 0 0 0 0 0 0 0 0 0 0 0 0 0 0 0 0 0 0 0 0 0 0 0 0 0 0 0 0 0 0 0 0 0 0 0 0 0 0 0 0 0 0 0 0 0 0 0 0 0 0 0 0 0 0 0 0 0 0 0 0 0 0 0 0 0 0 0 0 0 0 0 0 0 0 0 0 0 0 0 0 0 0 0 0 0 0 0 0 0 0 0 0 0 0 0 0 0 0 0 0 0 0 0 0 0 0 0 0 0 0 0 0 0 0 0 0 0 0 0 0 0 0 0 0 0 0 0 0 0 0 0 0 0 0 0 0 0 0 0 0 0 0 0 0 0 0 0 0 0 0 0 0 0 0 0 0 0 0 0 0 0 0 0 0 0 0 0 0 0 0 0 0 0 0 0 0 0 0 0 0 0 0 0 0 0 0 0 0 0 0 0 0 0 0 0 0 0 0 0 0 0 0 0 0 0 0 0 0 0 0 0 0 0 0 0 0 0 0 0 0 0 0 0 0 0 0 0 0 0 0 0 0 0 0 0 0 0 0 0 0 0 0 0 0 0 0 0 0 0 0 0 0 0 0 0 0 0 0 0 0 0 0 0 0 0 0 0 0 0 0 0 0 0 0 0 0 0 0 0 0 0 0 0 0 0 0 0 0 0 0 0 0 0 0 0 0 0 0 0 0 0 0 0 0 0 0 0 0 0 0 0 0 0 0 0 0 0 0 0 0 0 0 0 0 0 0 0 0 0 0 0 0 0 0 0 0 0 0 0 0 0 0 0 0 0 0 0 0 0 0 0 0 0 0 0 0 0 0 0 0 0 0 0 0 0 0 0 0 0 0 0 0 0 0 0 0 0 0 0 0 0 0 0 0 0 0 0 0 0 0 0 0 0 0 0 0 0 0 0 0 0 0 0 0 0 0 0 0 0 0 0 0 0 0 0 0 0 0 0 0 0 0 0 0 0 0 0 0 0 0 0 0 0 0 0 0 0 0 0 0 0 0 0 0 0 0 0 0 0 0 0 0 0 0 0 0 0 0 0 0 0 0 0 0 0 0 0 0 0 0 0 0 0 0 0 0 0 0 0 0 0 0 0 0 0 0 0 0 0 0 0 0 0 0 0 0 0 0 0 0 0 0 0 0 0 0 0 0 0 0 0 0 0 0 0 0 0 0 0 0 0 0 0 0 0 0 0 0 0 0 0 0 0 0 0 0 0 0 0 0 0 0 0 0 0 0 0 0 0 0 0 0 0 0 0 0 0 0 0 0 0 0 0 0 0 0 0 0 0 0 0 0 0 0 0 0 0 0 0 0 0 0 0 0 0 0 0 0 0 0 0 0 0 0 0 0 0 0 0 0 0 0 0 0 0 0 0 0 0 0 0 0 0 0 0 0 0 0 0 0 0 0 0 0 0 0 0 0 0 0 0 0 0 0 0 0 0 0 0 0 0 0 0 0 0 0 0 0 0 0 0 0 0 0 0 0 0 0 0 0 0 0 0 0 0 0 0 0 0 0 0 0 0 0 0 0 0 0 0 0 0 0 0 0 0 0 0 0 0 0 0 0 0 0 0 0 0 0 0 0 0 0 0 0 0 0 0 0 0 0 0 0 0 0 0 0 0 0 0 0 0 0 0 0 0 0 0 0 0 0 0 0 0 0 0 0 0 0 0 0 0 0 0 0 0 0 0 0 0 0 0 0 0 0 0 0 0 0 0 0 0 0 0 0 0 0 0 0 0 0 0 0 0 0 0 0 0 0 0 0 0 0 0 0 0 0 0 0 0 0 0 0 0 0 0 0 0 0 0 0 0 0 0 0 0 0 0 0 0 0 0 0 0 0 0 0 0 0 0 0 0 0 0 0 0 0 0 0 0 0 0 0 0 0 0 0 0 0 0 0 0 0 0 0 0 0 0 0 0 0 0 0 0 0 0 0 0 0 0 0 0 0 0 0 0 0 0 0 0 0 0 0 0 0 0 0 0 0 0 0 0 0 0 0 0 0 0 0 0 0 0 0 0 0 0 0 0 0 0 0 0 0 0 0 0 0 0 0 0 0 0 0 0 0 0 0 0 0 0 0 0 0 0 0 0 0 0 0 0 0 0 0 0 0 0 0 0 0 0 0 0 0 0 0 0 0 0 0 0 0 0 0 0 0 0 0 0 0 0 0 0 0 0 0 0 0 0 0 0 0 0 0 0 0 0 0 0 0 0 0 0 0 0 0 0 0 0 0 0 0 0 0 0 0 0 0 0 0 0 0 0 0 0 0 0 0 0 0 0 0 0 0 0 0 0 0 0 0 0 0 0 0 0 0 0 0 0 0 0 0 0 0 0 0 0 0 0 0 0 0 0 0 0 0 0 0 0 0 0 0 0 0 0 0 0 0 0 0 0 0 0 0 0 0 0 0 0 0 0 0 0 0 0 0 0 0 0 0 0 0 0 0 0 0 0 0 0 0 0 0 0 0 0 0 0 0 0 0 0 0 0 0 0 0 0 0 0 0 0 0 0 0 0 0 0 0 0 0 0 0 0 0 0 0 0 0 0 0 0 0 0 0 0 0 0 0 0 0 0 0 0 0 0 0 0 0 0 0 0 0 0 0 0 0 0 0 0 0 0 0 0 0 0 0 0 0 0 0 0 0 0 0 0 0 0 0 0 0 0 0 0 0 0 0 0 0 0 0 0 0 0 0 0 0 0 0 0 0 0 0 0 0 0 0 0 0 0 0 0 0 0 0 0 0 0 0 0 0 0 0 0 0 0 0 0 0 0 0 0 0 0 0 0 0 0 0 0 0 0 0 0 0 0 0 0 0 0 0 0 0 0 0 0 0 0 0 0 0 0 0 0 0 0 0 0 0 0 0 0 0 0 0 0 0 0 0 0 0 0 0 0 0 0 0 0 0 0 0 0 0 0 0 0 0 0 0 0 0 0 0 0 0 0 0 0 0 0 0 0 0 0 0 0 0 0 0 0 0 0 0 0 0 0 0 0 0 0 0 0 0 0 0 0 0 0 0 0 0 0 0 0 0 0 0 0 0 0 0 0 0 0 0 0 0 0 0 0 0 0 0 0 0 0 0 0 0 0 0 0 0 0 0 0 0 0 0 0 0 0 0 0 0 0 0 0 0 0 0 0 0 0 0 0 0 0 0 0 0 0 0 0 0 0 0 0 0 0 0 0 0 0 0 0 0 0 0 0 0 0 0 0 0 0 0 0 0 0 0 0 0 0 0 0 0 0 0 0 0 0 0 0 0 0 0 0 0 0 0 0 0 0 0 0 0 0 0 0 0 0 0 0 0 0 0 0 0 0 0 0 0 0 0 0 0 0 0 0 0 0 0 0 0 0 0 0 0 0 0 0 0 0 0 0 0 0 0 0 0 0 0 0 0 0 0 0 0 0 0 0 0 0 0 0 0 0 0 0 0 0 0 0 0 0 0 0 0 0 0 0 0 0 0 0 0 0 0 0 0 0 0 0 0 0 0 0 0 0 0 0 0 0 0 0 0 0 0 0 0 0 0 0 0 0 0 0 0 0 0 0 0 0 0 0 0 0 0 0 0 0 0 0 0 0 0 0 0 0 0 0 0 0 0 0 0 0 0 0 0 0 0 0 0 0 0 0 0 0 0 0 0 0 0 0 0 0 0 0 0 0 0 0 0 0 0 0 0 0 0 0 0 0 0 0 0 0 0 0 0 0 0 0 0 0 0 0 0 0 0 0 0 0 0 0 0 0 0 0 0 0 0 0 0 0 0 0 0 0 0 0 0 0 0 0 0 0 0 0 0 0 0 0 0 0 0 0 0 0 0 0 0 0 0 0 0 0 0 0 0 0 0 0 0 0 0 0 0 0 0 0 0 0 0 0 0 0 0 0 0 0 0 0 0 0 0 0 0 0 0 0 0 0 0 0 0 0 0 0 0 0 0 0 0 0 0 0 0 0 0 0 0 0 0 0 0 0 0 0 0 0 0 0 0 0 0 0 0 0 0 0 0 0 0 0 0 0 0 0 0 0 0 0 0 0 0 0 0 0 0 0 0 0 0 0 0 0 0 0 0 0 0 0 0 0 0 0 0 0 0 0 0 0 0 0 0 0 0 0 0 0 0 0 0 0 0 0 0 0 0 0 0 0 0 0 0 0 0 0 0 0 0 0 0 0 0 0 0 0 0 0 0 0 0 0 0 0 0 0 0 0 0 0 0 0 0 0 0 0 0 0 0 0 0 0 0 0 0 0 0 0 0 0 0 0 0 0 0 0 0 0 0 0 0 0 0 0 0 0 0 0 0 0 0 0 0 0 0 0 0 0 0 0 0 0 0 0 0 0 0 0 0 0 0 0 0 0 0 0 0 0 0 0 0 0 0 0 0 0 0 0 0 0 0 0 0 0 0 0 0 0 0 0 0 0 0 0 0 0 0 0 0 0 0 0 0 0 0 0 0 0 0 0 0 0 0 0 0 0 0 0 0 0 0 0 0 0 0 0 0 0 0 0 0 0 0 0 0 0 0 0 0 0 0 0 0 0 0 0 0 0 0 0 0 0 0 0 0 0 0 0 0 0 0 0 0 0 0 0 0 0 0 0 0 0 0 0 0 0 0 0 0 0 0 0 0 0 0 0 0 0 0 0 0 0 0 0 0 0 0 0 0 0 0 0 0 0 0 0 0 0 0 0 0 0 0 0 0 0 0 0 0 0 0 0 0 0 0 0 0 0 0 0 0 0 0 0 0 0 0 0 0 0 0 0 0 0 0 0 0 0 0 0 0 0 0 0 0 0 0 0 0 0 0 0 0 0 0 0 0 0 0 0 0 0 0 0 0 0 0 0 0 0 0 0 0 0 0 0 0 0 0 0 0 0 0 0 0 0 0 0 0 0 0 0 0 0 0 0 0 0 0 0 0 0 0 0 0 0 0 0 0 0 0 0 0 0 0 0 0 0 0 0 0 0 0 0 0 0 0 0 0 0 0 0 0 0 0 0 0 0 0 0 0 0 0 0 0 0 0 0 0 0 0 0 0 0 0 0 0 0 0 0 0 0 0 0 0 0 0 0 0 0 0 0 0 0 0 0 0 0 0 0 0 0 0 0 0 0 0 0 0 0 0 0 0 0 0 0 0 0 0 0 0 0 0 0 0 0 0 0 0 0 0 0 0 0 0 0 0 0 0 0 0 0 0 0 0 0 0 0 0 0 0 0 0 0 0 0 0 0 0 0 0 0 0 0 0 0 0 0 0 0 0 0 0 0 0 0 0 0 0 0 0 0 0 0 0 0 0 0 0 0 0 0 0 0 0 0 0 0 0 0 0 0 0 0 0 0 0 0 0 0 0 0 0 0 0 0 0 0 0 0 0 0 0 0 0 0 0 0 0 0 0 0 0 0 0 0 0 0 0 0 0 0 0 0 0 0 0 0 0 0 0 0 0 0 0 0 0 0 0 0 0 0 0 0 0 0 0 0 0 0 0 0 0 0 0 0 0 0 0 0 0 0 0 0 0 0 0 0 0 0 0 0 0 0 0 0 0 0 0 0 0 0 0 0 0 0 0 0 0 0 0 0 0 0 0 0 0 0 0 0 0 0 0 0 0 0 0 0 0 0 0 0 0 0 0 0 0 0 0 0 0 0 0 0 0 0 0 0 0 0 0 0 0 0 0 0 0 0 0 0 0 0 0 0 0 0 0 0 0 0 0 0 0 0 0 0 0 0 0 0 0 0 0 0 0 0 0 0 0 0 0 0 0 0 0 0 0 0 0 0 0 0 0 0 0 0 0 0 0 0 0 0 0 0 0 0 0 0 0 0 0 0 0 0 0 0 0 0 0 0 0 0 0 0 0 0 0 0 0 0 0 0 0 0 0 0 0 0 0 0 0 0 0 0 0 0 0 0 0 0 0 0 0 0 0 0 0 0 0 0 0 0 0 0 0 0 0 0 0 0 0 0 0 0 0 0 0 0 0 0 0 0 0 0 0 0 0 0 0 0 0 0 0 0 0 0 0 0 0 0 0 0 0 0 0 0 0 0 0 0 0 0 0 0 0 0 0 0 0 0 0 0 0 0 0 0 0 0 0 0 0 0 0 0 0 0 0 0 0 0 0 0 0 0 0 0 0 0 0 0 0 0 0 0 0 0 0 0 0 0 0 0 0 0 0 0 0 0 0 0 0 0 0 0 0 0 0 0 0 0 0 0 0 0 0 0 0 0 0 0 0 0 0 0 0 0 0 0 0 0 0 0 0 0 0 0 0 0 0 0 0 0 0 0 0 0 0 0 0 0 0 0 0 0 0 0 0 0 0 0 0 0 0 0 0 0 0 0 0 0 0 0 0 0 0 0 0 0 0 0 0 0 0 0 0 0 0 0 0 0 0 0 0 0 0 0 0 0 0 0 0 0 0 0 0 0 0 0 0 0 0 0 0 0 0 0 0 0 0 0 0 0 0 0 0 0 0 0 0 0 0 0 0 0 0 0 0 0 0 0 0 0 0 0 0 0 0 0 0 0 0 0 0 0 0 0 0 0 0 0 0 0 0 0 0 0 0 0 0 0 0 0 0 0 0 0 0 0 0 0 0 0 0 0 0 0 0 0 0 0 0 0 0 0 0 0 0 0 0 0 0 0 0 0 0 0 0 0 0 0 0 0 0 0 0 0 0 0 0 0 0 0 0 0 0 0 0 0 0 0 0 0 0 0 0 0 0 0 0 0 0 0 0 0 0 0 0 0 0 0 0 0 0 0 0 0 0 0 0 0 0 0 0 0 0 0 0 0 0 0 0 0 0 0 0 0 0 0 0 0 0 0 0 0 0 0 0 0 0 0 0 0 0 0 0 0 0 0 0 0 0 0 0 0 0 0 0 0 0 0 0 0 0 0 0 0 0 0 0 0 0 0 0 0 0 0 0 0 0 0 0 0 0 0 0 0 0 0 0 0 0 0 0 0 0 0 0 0 0 0 0 0 0 0 0 0 0 0 0 0 0 0 0 0 0 0 0 0 0 0 0 0 0 0 0 0 0 0 0 0 0 0 0 0 0 0 0 0 0 0 0 0 0 0 0 0 0 0 0 0 0 0 0 0 0 0 0 0 0 0 0 0 0 0 0 0 0 0 0 0 0 0 0 0 0 0 0 0 0 0 0 0 0 0 0 0 0 0 0 0 0 0 0 0 0 0 0 0 0 0 0 0 0 0 0 0 0 0 0 0 0 0 0 0 0 0 0 0 0 0 0 0 0 0 0 0 0 0 0 0 0 0 0 0 0 0 0 0 0 0 0 0 0 0 0 0 0 0 0 0 0 0 0 0 0 0 0 0 0 0 0 0 0 0 0 0 0 0 0 0 0 0 0 0 0 0 0 0 0 0 0 0 0 0 0 0 0 0 0 0 0 0 0 0 0 0 0 0 0 0 0 0 0 0 0 0 0 0 0 0 0 0 0 0 0 0 0 0 0 0 0 0 0 0 0 0 0 0 0 0 0 0 0 0 0 0 0 0 0 0 0 0 0 0 0 0 0 0 0 0 0 0 0 0 0 0 0 0 0 0 0 0 0 0 0 0 0 0 0 0 0 0 0 0 0 0 0 0 0 0 0 0 0 0 0 0 0 0 0 0 0 0 0 0 0 0 0 0 0 0 0 0 0 0 0 0 0 0 0 0 0 0 0 0 0 0 0 0 0 0 0 0 0 0 0 0 0 0 0 0 0 0 0 0 0 0 0 0 0 0 0 0 0 0 0 0 0 0 0 0 0 0 0 0 0 0 0 0 0 0 0 0 0 0 0 0 0 0 0 0 0 0 0 0 0 0 0 0 0 0 0 0 0 0 0 0 0 0 0 0 0 0 0 0 0 0 0 0 0 0 0 0 0 0 0 0 0 0 0 0 0 0 0 0 0 0 0 0 0 0 0 0 0 0 0 0 0 0 0 0 0 0 0 0 0 0 0 0 0 0 0 0 0 0 0 0 0 0 0 0 0 0 0 0 0 0 0 0 0 0 0 0 0 0 0 0 0 0 0 0 0 0 0 0 0 0 0 0 0 0 0 0 0 0 0 0 0 0 0 0 0 0 0 0 0 0 0 0 0 0 0 0 0 0 0 0 0 0 0 0 0 0 0 0 0 0 0 0 0 0 0 0 0 0 0 0 0 0 0 0 0 0 0 0 0 0 0 0 0 0 0 0 0 0 0 0 0 0 0 0 0 0 0 0 0 0 0 0 0 0 0 0 0 0 0 0 0 0 0 0 0 0 0 0 0 0 0 0 0 0 0 0 0 0 0 0 0 0 0 0 0 0 0 0 0 0 0 0 0 0 0 0 0 0 0 0 0 0 0 0 0 0 0 0 0 0 0 0 0 0 0 0 0 0 0 0 0 0 0 0 0 0 0 0 0 0 0 0 0 0 0 0 0 0 0 0 0 0 0 0 0 0 0 0 0 0 0 0 0 0 0 0 0 0 0 0 0 0 0 0 0 0 0 0 0 0 0 0 0 0 0 0 0 0 0 0 0 0 0 0 0 0 0 0 0 0 0 0 0 0 0 0 0 0 0 0 0 0 0 0 0 0 0 0 0 0 0 0 0 0 0 0 0 0 0 0 0 0 0 0 0 0 0 0 0 0 0 0 0 0 0 0 0 0 0 0 0 0 0 0 0 0 0 0 0 0 0 0 0 0 0 0 0 0 0 0 0 0 0 0 0 0 0 0 0 0 0 0 0 0 0 0 0 0 0 0 0 0 0 0 0 0 0 0 0 0 0 0 0 0 0 0 0 0 0 0 0 0 0 0 0 0 0 0 0 0 0 0 0 0 0 0 0 0 0 0 0 0 0 0 0 0 0 0 0 0 0 0 0 0 0 0 0 0 0 0 0 0 0 0 0 0 0 0 0 0 0 0 0 0 0 0 0 0 0 0 0 0 0 0 0 0 0 0 0 0 0 0 0 0 0 0 0 0 0 0 0 0 0 0 0 0 0 0 0 0 0 0 0 0 0 0 0 0 0 0 0 0 0 0 0 0 0 0 0 0 0 0 0 0 0 0 0 0 0 0 0 0 0 0 0 0 0 0 0 0 0 0 0 0 0 0 0 0 0 0 0 0 0 0 0 0 0 0 0 0 0 0 0 0 0 0 0 0 0 0 0 0 0 0 0 0 0 0 0 0 0 0 0 0 0 0 0 0 0 0 0 0 0 0 0 0 0 0 0 0 0 0 0 0 0 0 0 0 0 0 0 0 0 0 0 0 0 0 0 0 0 0 0 0 0 0 0 0 0 0 0 0 0 0 0 0 0 0 0 0 0 0 0 0 0 0 0 0 0 0 0 0 0 0 0 0 0 0 0 0 0 0 0 0 0 0 0 0 0 0 0 0 0 0 0 0 0 0 0 0 0 0 0 0 0 0 0 0 0 0 0 0 0 0 0 0 0 0 0 0 0 0 0 0 0 0 0 0 0 0 0 0 0 0 0 0 0 0 0 0 0 0 0 0 0 0 0 0 0 0 0 0 0 0 0 0 0 0 0 0 0 0 0 0 0 0 0 0 0 0 0 0 0 0 0 0 0 0 0 0 0 0 0 0 0 0 0 0 0 0 0 0 0 0 0 0 0 0 0 0 0 0 0 0 0 0 0 0 0 0 0 0 0 0 0 0 0 0 0 0 0 0 0 0 0 0 0 0 0 0 0 0 0 0 0 0 0 0 0 0 0 0 0 0 0 0 0 0 0 0 0 0 0 0 0 0 0 0 0 0 0 0 0 0 0 0 0 0 0 0 0 0 0 0 0 0 0 0 0 0 0 0 0 0 0 0 0 0 0 0 0 0 0 0 0 0 0 0 0 0 0 0 0 0 0 0 0 0 0 0 0 0 0 0 0 0 0 0 0 0 0 0 0 0 0 0 0 0 0 0 0 0 0 0 0 0 0 0 0 0 0 0 0 0 0 0 0 0 0 0 0 0 0 0 0 0 0 0 0 0 0 0 0 0 0 0 0 0 0 0 0 0 0 0 0 0 0 0 0 0 0 0 0 0 0 0 0 0 0 0 0 0 0 0 0 0 0 0 0 0 0 0 0 0 0 0 0 0 0 0 0 0 0 0 0 0 0 0 0 0 0 0 0 0 0 0 0 0 0 0 0 0 0 0 0 0 0 0 0 0 0 0 0 0 0 0 0 0 0 0 0 0 0 0 0 0 0 0 0 0 0 0 0 0 0 0 0 0 0 0 0 0 0 0 0 0 0 0 0 0 0 0 0 0 0 0 0 0 0 0 0 0 0 0 0 0 0 0 0 0 0 0 0 0 0 0 0 0 0 0 0 0 0 0 0 0 0 0 0 0 0 0 0 0 0 0 0 0 0 0 0 0 0 0 0 0 0 0 0 0 0 0 0 0 0 0 0 0 0 0 0 0 0 0 0 0 0 0 0 0 0 0 0 0 0 0 0 0 0 0 0 0 0 0 0 0 0 0 0 0 0 0 0 0 0 0 0 0 0 0 0 0 0 0 0 0 0 0 0 0 0 0 0 0 0 0 0 0 0 0 0 0 0 0 0 0 0 0 0 0 0 0 0 0 0 0 0 0 0 0 0 0 0 0 0 0 0 0 0 0 0 0 0 0 0 0 0 0 0 0 0 0 0 0 0 0 0 0 0 0 0 0 0 0 0 0 0 0 0 0 0 0 0 0 0 0 0 0 0 0 0 0 0 0 0 0 0 0 0 0 0 0 0 0 0 0 0 0 0 0 0 0 0 0 0 0 0 0 0 0 0 0 0 0 0 0 0 0 0 0 0 0 0 0 0 0 0 0 0 0 0 0 0 0 0 0 0 0 0 0 0 0 0 0 0 0 0 0 0 0 0 0 0 0 0 0 0 0 0 0 0 0 0 0 0 0 0 0 0 0 0 0 0 0 0 0 0 0 0 0 0 0 0 0 0 0 0 0 0 0 0 0 0 0 0 0 0 0 0 0 0 0 0 0 0 0 0 0 0 0 0 0 0 0 0 0 0 0 0 0 0 0 0 0 0 0 0 0 0 0 0 0 0 0 0 0 0 0 0 0 0 0 0 0 0 0 0 0 0 0 0 0 0 0 0 0 0 0 0 0 0 0 0 0 0 0 0 0 0 0 0 0 0 0 0 0 0 0 0 0 0 0 0 0 0 0 0 0 0 0 0 0 0 0 0 0 0 0 0 0 0 0 0 0 0 0 0 0 0 0 0 0 0 0 0 0 0 0 0 0 0 0 0 0 0 0 0 0 0 0 0 0 0 0 0 0 0 0 0 0 0 0 0 0 0 0 0 0 0 0 0 0 0 0 0 0 0 0 0 0 0 0 0 0 0 0 0 0 0 0 0 0 0 0 0 0 0 0 0 0 0 0 0 0 0 0 0 0 0 0 0 0 0 0 0 0 0 0 0 0 0 0 0 0 0 0 0 0 0 0 0 0 0 0 0 0 0 0 0 0 0 0 0 0 0 0 0 0 0 0 0 0 0 0 0 0 0 0 0 0 0 0 0 0 0 0 0 0 0 0 0 0 0 0 0 0 0 0 0 0 0 0 0 0 0 0 0 0 0 0 0 0 0 0 0 0 0 0 0 0 0 0 0 0 0 0 0 0 0 0 0 0 0 0 0 0 0 0 0 0 0 0 0 0 0 0 0 0 0 0 0 0 0 0 0 0 0 0 0 0 0 0 0 0 0 0 0 0 0 0 0 0 0 0 0 0 0 0 0 0 0 0 0 0 0 0 0 0 0 0 0 0 0 0 0 0 0 0 0 0 0 0 0 0 0 0 0 0 0 0 0 0 0 0 0 0 0 0 0 0 0 0 0 0 0 0 0 0 0 0 0 0 0 0 0 0 0 0 0 0 0 0 0 0 0 0 0 0 0 0 0 0 0 0 0 0 0 0 0 0 0 0 0 0 0 0 0 0 0 0 0 0 0 0 0 0 0 0 0 0 0 0 0 0 0 0 0 0 0 0 0 0 0 0 0 0 0 0 0 0 0 0 0 0 0 0 0 0 0 0 0 0 0 0 0 0 0 0 0 0 0 0 0 0 0 0 0 0 0 0 0 0 0 0 0 0 0 0 0 0 0 0 0 0 0 0 0 0 0 0 0 0 0 0 0 0 0 0 0 0 0 0 0 0 0 0 0 0 0 0 0 0 0 0 0 0 0 0 0 0 0 0 0 0 0 0 0 0 0 0 0 0 0 0 0 0 0 0 0 0 0 0 0 0 0 0 0 0 0 0 0 0 0 0 0 0 0 0 0 0 0 0 0 0 0 0 0 0 0 0 0 0 0 0 0 0 0 0 0 0 0 0 0 0 0 0 0 0 0 0 0 0 0 0 0 0 0 0 0 0 0 0 0 0 0 0 0 0 0 0 0 0 0 0 0 0 0 0 0 0 0 0 0 0 0 0 0 0 0 0 0 0 0 0 0 0 0 0 0 0 0 0 0 0 0 0 0 0 0 0 0 0 0 0 0 0 0 0 0 0 0 0 0 0 0 0 0 0 0 0 0 0 0 0 0 0 0 0 0 0 0 0 0 0 0 0 0 0 0 0 0 0 0 0 0 0 0 0 0 0 0 0 0 0 0 0 0 0 0 0 0 0 0 0 0 0 0 0 0 0 0 0 0 0 0 0 0 0 0 0 0 0 0 0 0 0 0 0 0 0 0 0 0 0 0 0 0 0 0 0 0 0 0 0 0 0 0 0 0 0 0 0 0 0 0 0 0 0 0 0 0 0 0 0 0 0 0 0 0 0 0 0 0 0 0 0 0 0 0 0 0 0 0 0 0 0 0 0 0 0 0 0 0 0 0 0 0 0 0 0 0 0 0 0 0 0 0 0 0 0 0 0 0 0 0 0 0 0 0 0 0 0 0 0 0 0 0 0 0 0 0 0 0 0 0 0 0 0 0 0 0 0 0 0 0 0 0 0 0 0 0 0 0 0 0 0 0 0 0 0 0 0 0 0 0 0 0 0 0 0 0 0 0 0 0 0 0 0 0 0 0 0 0 0 0 0 0 0 0 0 0 0 0 0 0 0 0 0 0 0 0 0 0 0 0 0 0 0 0 0 0 0 0 0 0 0 0 0 0 0 0 0 0 0 0 0 0 0 0 0 0 0 0 0 0 0 0 0 0 0 0 0 0 0 0 0 0 0 0 0 0 0 0 0 0 0 0 0 0 0 0 0 0 0 0 0 0 0 0 0 0 0 0 0 0 0 0 0 0 0 0 0 0 0 0 0 0 0 0 0 0 0 0 0 0 0 0 0 0 0 0 0 0 0 0 0 0 0 0 0 0 0 0 0 0 0 0 0 0 0 0 0 0 0 0 0 0 0 0 0 0 0 0 0 0 0 0 0 0 0 0 0 0 0 0 0 0 0 0 0 0 0 0 0 0 0 0 0 0 0 0 0 0 0 0 0 0 0 0 0 0 0 0 0 0 0 0 0 0 0 0 0 0 0 0 0 0 0 0 0 0 0 0 0 0 0 0 0 0 0 0 0 0 0 0 0 0 0 0 0 0 0 0 0 0 0 0 0 0 0 0 0 0 0 0 0 0 0 0 0 0 0 0 0 0 0 0 0 0 0 0 0 0 0 0 0 0 0 0 0 0 0 0 0 0 0 0 0 0 0 0 0 0 0 0 0 0 0 0 0 0 0 0 0 0 0 0 0 0 0 0 0 0 0 0 0 0 0 0 0 0 0 0 0 0 0 0 0 0 0 0 0 0 0 0 0 0 0 0 0 0 0 0 0 0 0 0 0 0 0 0 0 0 0 0 0 0 0</float_array>
          <technique_common>
            <accessor source="#Cylinder_010-mesh-map-5-array" count="7812" stride="2">
              <param name="S" type="float"/>
              <param name="T" type="float"/>
            </accessor>
          </technique_common>
        </source>
        <source id="Cylinder_010-mesh-map-6">
          <float_array id="Cylinder_010-mesh-map-6-array" count="15624">0 0 0 0 0 0 0 0 0 0 0 0 0 0 0 0 0 0 0 0 0 0 0 0 0 0 0 0 0 0 0 0 0 0 0 0 0 0 0 0 0 0 0 0 0 0 0 0 0 0 0 0 0 0 0 0 0 0 0 0 0 0 0 0 0 0 0 0 0 0 0 0 0 0 0 0 0 0 0 0 0 0 0 0 0 0 0 0 0 0 0 0 0 0 0 0 0 0 0 0 0 0 0 0 0 0 0 0 0 0 0 0 0 0 0 0 0 0 0 0 0 0 0 0 0 0 0 0 0 0 0 0 0 0 0 0 0 0 0 0 0 0 0 0 0 0 0 0 0 0 0 0 0 0 0 0 0 0 0 0 0 0 0 0 0 0 0 0 0 0 0 0 0 0 0 0 0 0 0 0 0 0 0 0 0 0 0 0 0 0 0 0 0 0 0 0 0 0 0 0 0 0 0 0 0 0 0 0 0 0 0 0 0 0 0 0 0 0 0 0 0 0 0 0 0 0 0 0 0 0 0 0 0 0 0 0 0 0 0 0 0 0 0 0 0 0 0 0 0 0 0 0 0 0 0 0 0 0 0 0 0 0 0 0 0 0 0 0 0 0 0 0 0 0 0 0 0 0 0 0 0 0 0 0 0 0 0 0 0 0 0 0 0 0 0 0 0 0 0 0 0 0 0 0 0 0 0 0 0 0 0 0 0 0 0 0 0 0 0 0 0 0 0 0 0 0 0 0 0 0 0 0 0 0 0 0 0 0 0 0 0 0 0 0 0 0 0 0 0 0 0 0 0 0 0 0 0 0 0 0 0 0 0 0 0 0 0 0 0 0 0 0 0 0 0 0 0 0 0 0 0 0 0 0 0 0 0 0 0 0 0 0 0 0 0 0 0 0 0 0 0 0 0 0 0 0 0 0 0 0 0 0 0 0 0 0 0 0 0 0 0 0 0 0 0 0 0 0 0 0 0 0 0 0 0 0 0 0 0 0 0 0 0 0 0 0 0 0 0 0 0 0 0 0 0 0 0 0 0 0 0 0 0 0 0 0 0 0 0 0 0 0 0 0 0 0 0 0 0 0 0 0 0 0 0 0 0 0 0 0 0 0 0 0 0 0 0 0 0 0 0 0 0 0 0 0 0 0 0 0 0 0 0 0 0 0 0 0 0 0 0 0 0 0 0 0 0 0 0 0 0 0 0 0 0 0 0 0 0 0 0 0 0 0 0 0 0 0 0 0 0 0 0 0 0 0 0 0 0 0 0 0 0 0 0 0 0 0 0 0 0 0 0 0 0 0 0 0 0 0 0 0 0 0 0 0 0 0 0 0 0 0 0 0 0 0 0 0 0 0 0 0 0 0 0 0 0 0 0 0 0 0 0 0 0 0 0 0 0 0 0 0 0 0 0 0 0 0 0 0 0 0 0 0 0 0 0 0 0 0 0 0 0 0 0 0 0 0 0 0 0 0 0 0 0 0 0 0 0 0 0 0 0 0 0 0 0 0 0 0 0 0 0 0 0 0 0 0 0 0 0 0 0 0 0 0 0 0 0 0 0 0 0 0 0 0 0 0 0 0 0 0 0 0 0 0 0 0 0 0 0 0 0 0 0 0 0 0 0 0 0 0 0 0 0 0 0 0 0 0 0 0 0 0 0 0 0 0 0 0 0 0 0 0 0 0 0 0 0 0 0 0 0 0 0 0 0 0 0 0 0 0 0 0 0 0 0 0 0 0 0 0 0 0 0 0 0 0 0 0 0 0 0 0 0 0 0 0 0 0 0 0 0 0 0 0 0 0 0 0 0 0 0 0 0 0 0 0 0 0 0 0 0 0 0 0 0 0 0 0 0 0 0 0 0 0 0 0 0 0 0 0 0 0 0 0 0 0 0 0 0 0 0 0 0 0 0 0 0 0 0 0 0 0 0 0 0 0 0 0 0 0 0 0 0 0 0 0 0 0 0 0 0 0 0 0 0 0 0 0 0 0 0 0 0 0 0 0 0 0 0 0 0 0 0 0 0 0 0 0 0 0 0 0 0 0 0 0 0 0 0 0 0 0 0 0 0 0 0 0 0 0 0 0 0 0 0 0 0 0 0 0 0 0 0 0 0 0 0 0 0 0 0 0 0 0 0 0 0 0 0 0 0 0 0 0 0 0 0 0 0 0 0 0 0 0 0 0 0 0 0 0 0 0 0 0 0 0 0 0 0 0 0 0 0 0 0 0 0 0 0 0 0 0 0 0 0 0 0 0 0 0 0 0 0 0 0 0 0 0 0 0 0 0 0 0 0 0 0 0 0 0 0 0 0 0 0 0 0 0 0 0 0 0 0 0 0 0 0 0 0 0 0 0 0 0 0 0 0 0 0 0 0 0 0 0 0 0 0 0 0 0 0 0 0 0 0 0 0 0 0 0 0 0 0 0 0 0 0 0 0 0 0 0 0 0 0 0 0 0 0 0 0 0 0 0 0 0 0 0 0 0 0 0 0 0 0 0 0 0 0 0 0 0 0 0 0 0 0 0 0 0 0 0 0 0 0 0 0 0 0 0 0 0 0 0 0 0 0 0 0 0 0 0 0 0 0 0 0 0 0 0 0 0 0 0 0 0 0 0 0 0 0 0 0 0 0 0 0 0 0 0 0 0 0 0 0 0 0 0 0 0 0 0 0 0 0 0 0 0 0 0 0 0 0 0 0 0 0 0 0 0 0 0 0 0 0 0 0 0 0 0 0 0 0 0 0 0 0 0 0 0 0 0 0 0 0 0 0 0 0 0 0 0 0 0 0 0 0 0 0 0 0 0 0 0 0 0 0 0 0 0 0 0 0 0 0 0 0 0 0 0 0 0 0 0 0 0 0 0 0 0 0 0 0 0 0 0 0 0 0 0 0 0 0 0 0 0 0 0 0 0 0 0 0 0 0 0 0 0 0 0 0 0 0 0 0 0 0 0 0 0 0 0 0 0 0 0 0 0 0 0 0 0 0 0 0 0 0 0 0 0 0 0 0 0 0 0 0 0 0 0 0 0 0 0 0 0 0 0 0 0 0 0 0 0 0 0 0 0 0 0 0 0 0 0 0 0 0 0 0 0 0 0 0 0 0 0 0 0 0 0 0 0 0 0 0 0 0 0 0 0 0 0 0 0 0 0 0 0 0 0 0 0 0 0 0 0 0 0 0 0 0 0 0 0 0 0 0 0 0 0 0 0 0 0 0 0 0 0 0 0 0 0 0 0 0 0 0 0 0 0 0 0 0 0 0 0 0 0 0 0 0 0 0 0 0 0 0 0 0 0 0 0 0 0 0 0 0 0 0 0 0 0 0 0 0 0 0 0 0 0 0 0 0 0 0 0 0 0 0 0 0 0 0 0 0 0 0 0 0 0 0 0 0 0 0 0 0 0 0 0 0 0 0 0 0 0 0 0 0 0 0 0 0 0 0 0 0 0 0 0 0 0 0 0 0 0 0 0 0 0 0 0 0 0 0 0 0 0 0 0 0 0 0 0 0 0 0 0 0 0 0 0 0 0 0 0 0 0 0 0 0 0 0 0 0 0 0 0 0 0 0 0 0 0 0 0 0 0 0 0 0 0 0 0 0 0 0 0 0 0 0 0 0 0 0 0 0 0 0 0 0 0 0 0 0 0 0 0 0 0 0 0 0 0 0 0 0 0 0 0 0 0 0 0 0 0 0 0 0 0 0 0 0 0 0 0 0 0 0 0 0 0 0 0 0 0 0 0 0 0 0 0 0 0 0 0 0 0 0 0 0 0 0 0 0 0 0 0 0 0 0 0 0 0 0 0 0 0 0 0 0 0 0 0 0 0 0 0 0 0 0 0 0 0 0 0 0 0 0 0 0 0 0 0 0 0 0 0 0 0 0 0 0 0 0 0 0 0 0 0 0 0 0 0 0 0 0 0 0 0 0 0 0 0 0 0 0 0 0 0 0 0 0 0 0 0 0 0 0 0 0 0 0 0 0 0 0 0 0 0 0 0 0 0 0 0 0 0 0 0 0 0 0 0 0 0 0 0 0 0 0 0 0 0 0 0 0 0 0 0 0 0 0 0 0 0 0 0 0 0 0 0 0 0 0 0 0 0 0 0 0 0 0 0 0 0 0 0 0 0 0 0 0 0 0 0 0 0 0 0 0 0 0 0 0 0 0 0 0 0 0 0 0 0 0 0 0 0 0 0 0 0 0 0 0 0 0 0 0 0 0 0 0 0 0 0 0 0 0 0 0 0 0 0 0 0 0 0 0 0 0 0 0 0 0 0 0 0 0 0 0 0 0 0 0 0 0 0 0 0 0 0 0 0 0 0 0 0 0 0 0 0 0 0 0 0 0 0 0 0 0 0 0 0 0 0 0 0 0 0 0 0 0 0 0 0 0 0 0 0 0 0 0 0 0 0 0 0 0 0 0 0 0 0 0 0 0 0 0 0 0 0 0 0 0 0 0 0 0 0 0 0 0 0 0 0 0 0 0 0 0 0 0 0 0 0 0 0 0 0 0 0 0 0 0 0 0 0 0 0 0 0 0 0 0 0 0 0 0 0 0 0 0 0 0 0 0 0 0 0 0 0 0 0 0 0 0 0 0 0 0 0 0 0 0 0 0 0 0 0 0 0 0 0 0 0 0 0 0 0 0 0 0 0 0 0 0 0 0 0 0 0 0 0 0 0 0 0 0 0 0 0 0 0 0 0 0 0 0 0 0 0 0 0 0 0 0 0 0 0 0 0 0 0 0 0 0 0 0 0 0 0 0 0 0 0 0 0 0 0 0 0 0 0 0 0 0 0 0 0 0 0 0 0 0 0 0 0 0 0 0 0 0 0 0 0 0 0 0 0 0 0 0 0 0 0 0 0 0 0 0 0 0 0 0 0 0 0 0 0 0 0 0 0 0 0 0 0 0 0 0 0 0 0 0 0 0 0 0 0 0 0 0 0 0 0 0 0 0 0 0 0 0 0 0 0 0 0 0 0 0 0 0 0 0 0 0 0 0 0 0 0 0 0 0 0 0 0 0 0 0 0 0 0 0 0 0 0 0 0 0 0 0 0 0 0 0 0 0 0 0 0 0 0 0 0 0 0 0 0 0 0 0 0 0 0 0 0 0 0 0 0 0 0 0 0 0 0 0 0 0 0 0 0 0 0 0 0 0 0 0 0 0 0 0 0 0 0 0 0 0 0 0 0 0 0 0 0 0 0 0 0 0 0 0 0 0 0 0 0 0 0 0 0 0 0 0 0 0 0 0 0 0 0 0 0 0 0 0 0 0 0 0 0 0 0 0 0 0 0 0 0 0 0 0 0 0 0 0 0 0 0 0 0 0 0 0 0 0 0 0 0 0 0 0 0 0 0 0 0 0 0 0 0 0 0 0 0 0 0 0 0 0 0 0 0 0 0 0 0 0 0 0 0 0 0 0 0 0 0 0 0 0 0 0 0 0 0 0 0 0 0 0 0 0 0 0 0 0 0 0 0 0 0 0 0 0 0 0 0 0 0 0 0 0 0 0 0 0 0 0 0 0 0 0 0 0 0 0 0 0 0 0 0 0 0 0 0 0 0 0 0 0 0 0 0 0 0 0 0 0 0 0 0 0 0 0 0 0 0 0 0 0 0 0 0 0 0 0 0 0 0 0 0 0 0 0 0 0 0 0 0 0 0 0 0 0 0 0 0 0 0 0 0 0 0 0 0 0 0 0 0 0 0 0 0 0 0 0 0 0 0 0 0 0 0 0 0 0 0 0 0 0 0 0 0 0 0 0 0 0 0 0 0 0 0 0 0 0 0 0 0 0 0 0 0 0 0 0 0 0 0 0 0 0 0 0 0 0 0 0 0 0 0 0 0 0 0 0 0 0 0 0 0 0 0 0 0 0 0 0 0 0 0 0 0 0 0 0 0 0 0 0 0 0 0 0 0 0 0 0 0 0 0 0 0 0 0 0 0 0 0 0 0 0 0 0 0 0 0 0 0 0 0 0 0 0 0 0 0 0 0 0 0 0 0 0 0 0 0 0 0 0 0 0 0 0 0 0 0 0 0 0 0 0 0 0 0 0 0 0 0 0 0 0 0 0 0 0 0 0 0 0 0 0 0 0 0 0 0 0 0 0 0 0 0 0 0 0 0 0 0 0 0 0 0 0 0 0 0 0 0 0 0 0 0 0 0 0 0 0 0 0 0 0 0 0 0 0 0 0 0 0 0 0 0 0 0 0 0 0 0 0 0 0 0 0 0 0 0 0 0 0 0 0 0 0 0 0 0 0 0 0 0 0 0 0 0 0 0 0 0 0 0 0 0 0 0 0 0 0 0 0 0 0 0 0 0 0 0 0 0 0 0 0 0 0 0 0 0 0 0 0 0 0 0 0 0 0 0 0 0 0 0 0 0 0 0 0 0 0 0 0 0 0 0 0 0 0 0 0 0 0 0 0 0 0 0 0 0 0 0 0 0 0 0 0 0 0 0 0 0 0 0 0 0 0 0 0 0 0 0 0 0 0 0 0 0 0 0 0 0 0 0 0 0 0 0 0 0 0 0 0 0 0 0 0 0 0 0 0 0 0 0 0 0 0 0 0 0 0 0 0 0 0 0 0 0 0 0 0 0 0 0 0 0 0 0 0 0 0 0 0 0 0 0 0 0 0 0 0 0 0 0 0 0 0 0 0 0 0 0 0 0 0 0 0 0 0 0 0 0 0 0 0 0 0 0 0 0 0 0 0 0 0 0 0 0 0 0 0 0 0 0 0 0 0 0 0 0 0 0 0 0 0 0 0 0 0 0 0 0 0 0 0 0 0 0 0 0 0 0 0 0 0 0 0 0 0 0 0 0 0 0 0 0 0 0 0 0 0 0 0 0 0 0 0 0 0 0 0 0 0 0 0 0 0 0 0 0 0 0 0 0 0 0 0 0 0 0 0 0 0 0 0 0 0 0 0 0 0 0 0 0 0 0 0 0 0 0 0 0 0 0 0 0 0 0 0 0 0 0 0 0 0 0 0 0 0 0 0 0 0 0 0 0 0 0 0 0 0 0 0 0 0 0 0 0 0 0 0 0 0 0 0 0 0 0 0 0 0 0 0 0 0 0 0 0 0 0 0 0 0 0 0 0 0 0 0 0 0 0 0 0 0 0 0 0 0 0 0 0 0 0 0 0 0 0 0 0 0 0 0 0 0 0 0 0 0 0 0 0 0 0 0 0 0 0 0 0 0 0 0 0 0 0 0 0 0 0 0 0 0 0 0 0 0 0 0 0 0 0 0 0 0 0 0 0 0 0 0 0 0 0 0 0 0 0 0 0 0 0 0 0 0 0 0 0 0 0 0 0 0 0 0 0 0 0 0 0 0 0 0 0 0 0 0 0 0 0 0 0 0 0 0 0 0 0 0 0 0 0 0 0 0 0 0 0 0 0 0 0 0 0 0 0 0 0 0 0 0 0 0 0 0 0 0 0 0 0 0 0 0 0 0 0 0 0 0 0 0 0 0 0 0 0 0 0 0 0 0 0 0 0 0 0 0 0 0 0 0 0 0 0 0 0 0 0 0 0 0 0 0 0 0 0 0 0 0 0 0 0 0 0 0 0 0 0 0 0 0 0 0 0 0 0 0 0 0 0 0 0 0 0 0 0 0 0 0 0 0 0 0 0 0 0 0 0 0 0 0 0 0 0 0 0 0 0 0 0 0 0 0 0 0 0 0 0 0 0 0 0 0 0 0 0 0 0 0 0 0 0 0 0 0 0 0 0 0 0 0 0 0 0 0 0 0 0 0 0 0 0 0 0 0 0 0 0 0 0 0 0 0 0 0 0 0 0 0 0 0 0 0 0 0 0 0 0 0 0 0 0 0 0 0 0 0 0 0 0 0 0 0 0 0 0 0 0 0 0 0 0 0 0 0 0 0 0 0 0 0 0 0 0 0 0 0 0 0 0 0 0 0 0 0 0 0 0 0 0 0 0 0 0 0 0 0 0 0 0 0 0 0 0 0 0 0 0 0 0 0 0 0 0 0 0 0 0 0 0 0 0 0 0 0 0 0 0 0 0 0 0 0 0 0 0 0 0 0 0 0 0 0 0 0 0 0 0 0 0 0 0 0 0 0 0 0 0 0 0 0 0 0 0 0 0 0 0 0 0 0 0 0 0 0 0 0 0 0 0 0 0 0 0 0 0 0 0 0 0 0 0 0 0 0 0 0 0 0 0 0 0 0 0 0 0 0 0 0 0 0 0 0 0 0 0 0 0 0 0 0 0 0 0 0 0 0 0 0 0 0 0 0 0 0 0 0 0 0 0 0 0 0 0 0 0 0 0 0 0 0 0 0 0 0 0 0 0 0 0 0 0 0 0 0 0 0 0 0 0 0 0 0 0 0 0 0 0 0 0 0 0 0 0 0 0 0 0 0 0 0 0 0 0 0 0 0 0 0 0 0 0 0 0 0 0 0 0 0 0 0 0 0 0 0 0 0 0 0 0 0 0 0 0 0 0 0 0 0 0 0 0 0 0 0 0 0 0 0 0 0 0 0 0 0 0 0 0 0 0 0 0 0 0 0 0 0 0 0 0 0 0 0 0 0 0 0 0 0 0 0 0 0 0 0 0 0 0 0 0 0 0 0 0 0 0 0 0 0 0 0 0 0 0 0 0 0 0 0 0 0 0 0 0 0 0 0 0 0 0 0 0 0 0 0 0 0 0 0 0 0 0 0 0 0 0 0 0 0 0 0 0 0 0 0 0 0 0 0 0 0 0 0 0 0 0 0 0 0 0 0 0 0 0 0 0 0 0 0 0 0 0 0 0 0 0 0 0 0 0 0 0 0 0 0 0 0 0 0 0 0 0 0 0 0 0 0 0 0 0 0 0 0 0 0 0 0 0 0 0 0 0 0 0 0 0 0 0 0 0 0 0 0 0 0 0 0 0 0 0 0 0 0 0 0 0 0 0 0 0 0 0 0 0 0 0 0 0 0 0 0 0 0 0 0 0 0 0 0 0 0 0 0 0 0 0 0 0 0 0 0 0 0 0 0 0 0 0 0 0 0 0 0 0 0 0 0 0 0 0 0 0 0 0 0 0 0 0 0 0 0 0 0 0 0 0 0 0 0 0 0 0 0 0 0 0 0 0 0 0 0 0 0 0 0 0 0 0 0 0 0 0 0 0 0 0 0 0 0 0 0 0 0 0 0 0 0 0 0 0 0 0 0 0 0 0 0 0 0 0 0 0 0 0 0 0 0 0 0 0 0 0 0 0 0 0 0 0 0 0 0 0 0 0 0 0 0 0 0 0 0 0 0 0 0 0 0 0 0 0 0 0 0 0 0 0 0 0 0 0 0 0 0 0 0 0 0 0 0 0 0 0 0 0 0 0 0 0 0 0 0 0 0 0 0 0 0 0 0 0 0 0 0 0 0 0 0 0 0 0 0 0 0 0 0 0 0 0 0 0 0 0 0 0 0 0 0 0 0 0 0 0 0 0 0 0 0 0 0 0 0 0 0 0 0 0 0 0 0 0 0 0 0 0 0 0 0 0 0 0 0 0 0 0 0 0 0 0 0 0 0 0 0 0 0 0 0 0 0 0 0 0 0 0 0 0 0 0 0 0 0 0 0 0 0 0 0 0 0 0 0 0 0 0 0 0 0 0 0 0 0 0 0 0 0 0 0 0 0 0 0 0 0 0 0 0 0 0 0 0 0 0 0 0 0 0 0 0 0 0 0 0 0 0 0 0 0 0 0 0 0 0 0 0 0 0 0 0 0 0 0 0 0 0 0 0 0 0 0 0 0 0 0 0 0 0 0 0 0 0 0 0 0 0 0 0 0 0 0 0 0 0 0 0 0 0 0 0 0 0 0 0 0 0 0 0 0 0 0 0 0 0 0 0 0 0 0 0 0 0 0 0 0 0 0 0 0 0 0 0 0 0 0 0 0 0 0 0 0 0 0 0 0 0 0 0 0 0 0 0 0 0 0 0 0 0 0 0 0 0 0 0 0 0 0 0 0 0 0 0 0 0 0 0 0 0 0 0 0 0 0 0 0 0 0 0 0 0 0 0 0 0 1 1 0.96875 0.5 1 0.5 0.96875 1 0.9375 0.5 0.96875 0.5 0.9375 1 0.90625 0.5 0.9375 0.5 0.90625 1 0.8750001 0.5 0.90625 0.5 0.8750001 1 0.84375 0.5 0.8750001 0.5 0.84375 1 0.8125 0.5 0.84375 0.5 0.8125 1 0.78125 0.5 0.8125 0.5 0.78125 1 0.75 0.5 0.78125 0.5 0.75 1 0.71875 0.5 0.75 0.5 0.71875 1 0.6875 0.5 0.71875 0.5 0.6875 1 0.65625 0.5 0.6875 0.5 0.65625 1 0.625 0.5 0.65625 0.5 0.625 1 0.59375 0.5 0.625 0.5 0.59375 1 0.5625 0.5 0.59375 0.5 0.5625 1 0.53125 0.5 0.5625 0.5 0.53125 1 0.5 0.5 0.53125 0.5 0.5 1 0.46875 0.5 0.5 0.5 0.46875 1 0.4375 0.5 0.46875 0.5 0.4375 1 0.40625 0.5 0.4375 0.5 0.40625 1 0.375 0.5 0.40625 0.5 0.375 1 0.34375 0.5 0.375 0.5 0.34375 1 0.3125 0.5 0.34375 0.5 0.3125 1 0.28125 0.5 0.3125 0.5 0.28125 1 0.25 0.5 0.28125 0.5 0.25 1 0.21875 0.5 0.25 0.5 0.21875 1 0.1875 0.5 0.21875 0.5 0.1875 1 0.15625 0.5 0.1875 0.5 0.15625 1 0.125 0.5 0.15625 0.5 0.125 1 0.09375 0.5 0.125 0.5 0.09375 1 0.0625 0.5 0.09375 0.5 0.02826893 0.341844 0.1581559 0.02826887 0.4717311 0.1581559 0.0625 1 0.03125 0.5 0.0625 0.5 0.03125 1 0 0.5 0.03125 0.5 0.9853885 0.2968217 0.7968217 0.01461148 0.5146116 0.2031783 1 1 0.96875 1 0.96875 0.5 0.96875 1 0.9375 1 0.9375 0.5 0.9375 1 0.90625 1 0.90625 0.5 0.90625 1 0.8750001 1 0.8750001 0.5 0.8750001 1 0.84375 1 0.84375 0.5 0.84375 1 0.8125 1 0.8125 0.5 0.8125 1 0.78125 1 0.78125 0.5 0.78125 1 0.75 1 0.75 0.5 0.75 1 0.71875 1 0.71875 0.5 0.71875 1 0.6875 1 0.6875 0.5 0.6875 1 0.65625 1 0.65625 0.5 0.65625 1 0.625 1 0.625 0.5 0.625 1 0.59375 1 0.59375 0.5 0.59375 1 0.5625 1 0.5625 0.5 0.5625 1 0.53125 1 0.53125 0.5 0.53125 1 0.5 1 0.5 0.5 0.5 1 0.46875 1 0.46875 0.5 0.46875 1 0.4375 1 0.4375 0.5 0.4375 1 0.40625 1 0.40625 0.5 0.40625 1 0.375 1 0.375 0.5 0.375 1 0.34375 1 0.34375 0.5 0.34375 1 0.3125 1 0.3125 0.5 0.3125 1 0.28125 1 0.28125 0.5 0.28125 1 0.25 1 0.25 0.5 0.25 1 0.21875 1 0.21875 0.5 0.21875 1 0.1875 1 0.1875 0.5 0.1875 1 0.15625 1 0.15625 0.5 0.15625 1 0.125 1 0.125 0.5 0.125 1 0.09375 1 0.09375 0.5 0.09375 1 0.0625 1 0.0625 0.5 0.341844 0.4717311 0.2968217 0.4853885 0.1581559 0.4717311 0.2968217 0.4853885 0.25 0.49 0.1581559 0.4717311 0.25 0.49 0.2031783 0.4853885 0.1581559 0.4717311 0.1581559 0.4717311 0.116663 0.4495527 0.08029431 0.4197056 0.08029431 0.4197056 0.0504471 0.3833368 0.1581559 0.4717311 0.0504471 0.3833368 0.02826893 0.341844 0.1581559 0.4717311 0.02826893 0.341844 0.01461154 0.2968217 0.00999999 0.25 0.00999999 0.25 0.01461154 0.2031783 0.02826887 0.1581559 0.02826887 0.1581559 0.05044728 0.116663 0.08029437 0.08029437 0.08029437 0.08029437 0.116663 0.05044728 0.1581559 0.02826887 0.1581559 0.02826887 0.2031783 0.01461148 0.25 0.00999999 0.25 0.00999999 0.2968217 0.01461148 0.341844 0.02826887 0.341844 0.02826887 0.3833369 0.05044728 0.4197056 0.08029437 0.4197056 0.08029437 0.4495527 0.116663 0.4717311 0.1581559 0.4717311 0.1581559 0.4853885 0.2031783 0.49 0.25 0.49 0.25 0.4853885 0.2968217 0.4717311 0.341844 0.4717311 0.341844 0.4495527 0.3833369 0.4197056 0.4197056 0.4197056 0.4197056 0.3833369 0.4495527 0.341844 0.4717311 0.02826893 0.341844 0.00999999 0.25 0.1581559 0.02826887 0.00999999 0.25 0.02826887 0.1581559 0.1581559 0.02826887 0.02826887 0.1581559 0.08029437 0.08029437 0.1581559 0.02826887 0.1581559 0.02826887 0.25 0.00999999 0.341844 0.02826887 0.341844 0.02826887 0.4197056 0.08029437 0.1581559 0.02826887 0.4197056 0.08029437 0.4717311 0.1581559 0.1581559 0.02826887 0.4717311 0.1581559 0.49 0.25 0.341844 0.4717311 0.49 0.25 0.4717311 0.341844 0.341844 0.4717311 0.4717311 0.341844 0.4197056 0.4197056 0.341844 0.4717311 0.341844 0.4717311 0.1581559 0.4717311 0.02826893 0.341844 0.341844 0.4717311 0.02826893 0.341844 0.4717311 0.1581559 0.0625 1 0.03125 1 0.03125 0.5 0.03125 1 0 1 0 0.5 0.7031784 0.4853885 0.75 0.49 0.7968217 0.4853885 0.7968217 0.4853885 0.841844 0.4717311 0.8833369 0.4495527 0.8833369 0.4495527 0.9197056 0.4197056 0.9495527 0.3833369 0.9495527 0.3833369 0.9717311 0.341844 0.9853885 0.2968217 0.9853885 0.2968217 0.99 0.25 0.9853885 0.2031783 0.9853885 0.2031783 0.9717311 0.1581559 0.9495527 0.116663 0.9495527 0.116663 0.9197056 0.08029437 0.8833369 0.05044728 0.8833369 0.05044728 0.841844 0.02826887 0.7968217 0.01461148 0.7968217 0.01461148 0.75 0.00999999 0.7031784 0.01461148 0.7031784 0.01461148 0.658156 0.02826887 0.6166631 0.05044728 0.6166631 0.05044728 0.5802944 0.08029437 0.5504474 0.116663 0.5504474 0.116663 0.5282689 0.1581559 0.5146116 0.2031783 0.5146116 0.2031783 0.51 0.25 0.5146116 0.2968217 0.5146116 0.2968217 0.5282689 0.341844 0.5146116 0.2031783 0.5282689 0.341844 0.5504473 0.3833368 0.5146116 0.2031783 0.5504473 0.3833368 0.5802944 0.4197056 0.7031784 0.4853885 0.5802944 0.4197056 0.6166631 0.4495527 0.7031784 0.4853885 0.6166631 0.4495527 0.658156 0.4717311 0.7031784 0.4853885 0.7031784 0.4853885 0.7968217 0.4853885 0.9853885 0.2968217 0.7968217 0.4853885 0.8833369 0.4495527 0.9853885 0.2968217 0.8833369 0.4495527 0.9495527 0.3833369 0.9853885 0.2968217 0.9853885 0.2968217 0.9853885 0.2031783 0.9495527 0.116663 0.9495527 0.116663 0.8833369 0.05044728 0.9853885 0.2968217 0.8833369 0.05044728 0.7968217 0.01461148 0.9853885 0.2968217 0.7968217 0.01461148 0.7031784 0.01461148 0.5146116 0.2031783 0.7031784 0.01461148 0.6166631 0.05044728 0.5146116 0.2031783 0.6166631 0.05044728 0.5504474 0.116663 0.5146116 0.2031783 0.5146116 0.2031783 0.5504473 0.3833368 0.7031784 0.4853885 0.7031784 0.4853885 0.9853885 0.2968217 0.5146116 0.2031783 0 0 0 0 0 0 0 0 0 0 0 0 0 0 0 0 0 0 0 0 0 0 0 0 0 0 0 0 0 0 0 0 0 0 0 0 0 0 0 0 0 0 0 0 0 0 0 0 0 0 0 0 0 0 0 0 0 0 0 0 0 0 0 0 0 0 0 0 0 0 0 0 0 0 0 0 0 0 0 0 0 0 0 0 0 0 0 0 0 0 0 0 0 0 0 0 0 0 0 0 0 0 0 0 0 0 0 0 0 0 0 0 0 0 0 0 0 0 0 0 0 0 0 0 0 0 0 0 0 0 0 0 0 0 0 0 0 0 0 0 0 0 0 0 0 0 0 0 0 0 0 0 0 0 0 0 0 0 0 0 0 0 0 0 0 0 0 0 0 0 0 0 0 0 0 0 0 0 0 0 0 0 0 0 0 0 0 0 0 0 0 0 0 0 0 0 0 0 0 0 0 0 0 0 0 0 0 0 0 0 0 0 0 0 0 0 0 0 0 0 0 0 0 0 0 0 0 0 0 0 0 0 0 0 0 0 0 0 0 0 0 0 0 0 0 0 0 0 0 0 0 0 0 0 0 0 0 0 0 0 0 0 0 0 0 0 0 0 0 0 0 0 0 0 0 0 0 0 0 0 0 0 0 0 0 0 0 0 0 0 0 0 0 0 0 0 0 0 0 0 0 0 0 0 0 0 0 0 0 0 0 0 0 0 0 0 0 0 0 0 0 0 0 0 0 0 0 0 0 0 0 0 0 0 0 0 0 0 0 0 0 0 0 0 0 0 0 0 0 0 0 0 0 0 0 0 0 0 0 0 0 0 0 0 0 0 0 0 0 0 0 0 0 0 0 0 0 0 0 0 0 0 0 0 0 0 0 0 0 0 0 0 0 0 0 0 0 0 0 0 0 0 0 0 0 0 0 0 0 0 0 0 0 0 0 0 0 0 0 0 0 0 0 0 0 0 0 0 0 0 0 0 0 0 0 0 0 0 0 0 0 0 0 0 0 0 0 0 0 0 0 0 0 0 0 0 0 0 0 0 0 0 0 0 0 0 0 0 0 0 0 0 0 0 0 0 0 0 0 0 0 0 0 0 0 0 0 0 0 0 0 0 0 0 0 0 0 0 0 0 0 0 0 0 0 0 0 0 0 0 0 0 0 0 0 0 0 0 0 0 0 0 0 0 0 0 0 0 0 0 0 0 0 0 0 0 0 0 0 0 0 0 0 0 0 0 0 0 0 0 0 0 0 0 0 0 0 0 0 0 0 0 0 0 0 0 0 0 0 0 0 0 0 0 0 0 0 0 0 0 0 0 0 0 0 0 0 0 0 0 0 0 0 0 0 0 0 0 0 0 0 0 0 0 0 0 0 0 0 0 0 0 0 0 0 0 0 0 0 0 0 0 0 0 0 0 0 0 0 0 0 0 0 0 0 0 0 0 0 0 0 0 0 0 0 0 0 0 0 0 0 0 0 0 0 0 0 0 0 0 0 0 0 0 0 0 0 0 0 0 0 0 0 0 0 0 0 0 0 0 0 0 0 0 0 0 0 0 0 0 0 0 0 0 0 0 0 0 0 0 0 0 0 0 0 0 0 0 0 0 0 0 0 0 0 0 0 0 0 0 0 0 0 0 0 0 0 0 0 0 0 0 0 0 0 0 0 0 0 0 0 0 0 0 0 0 0 0 0 0 0 0 0 0 0 0 0 0 0 0 0 0 0 0 0 0 0 0 0 0 0 0 0 0 0 0 0 0 0 0 0 0 0 0 0 0 0 0 0 0 0 0 0 0 0 0 0 0 0 0 0 0 0 0 0 0 0 0 0 0 0 0 0 0 0 0 0 0 0 0 0 0 0 0 0 0 0 0 0 0 0 0 0 0 0 0 0 0 0 0 0 0 0 0 0 0 0 0 0 0 0 0 0 0 0 0 0 0 0 0 0 0 0 0 0 0 0 0 0 0 0 0 0 0 0 0 0 0 0 0 0 0 0 0 0 0 0 0 0 0 0 0 0 0 0 0 0 0 0 0 0 0 0 0 0 0 0 0 0 0 0 0 0 0 0 0 0 0 0 0 0 0 0 0 0 0 0 0 0 0 0 0 0 0 0 0 0 0 0 0 0 0 0 0 0 0 0 0 0 0 0 0 0 0 0 0 0 0 0 0 0 0 0 0 0 0 0 0 0 0 0 0 0 0 0 0 0 0 0 0 0 0 0 0 0 0 0 0 0 0 0 0 0 0 0 0 0 0 0 0 0 0 0 0 0 0 0 0 0 0 0 0 0 0 0 0 0 0 0 0 0 0 0 0 0 0 0 0 0 0 0 0 0 0 0 0 0 0 0 0 0 0 0 0 0 0 0 0 0 0 0 0 0 0 0 0 0 0 0 0 0 0 0 0 0 0 0 0 0 0 0 0 0 0 0 0 0 0 0 0 0 0 0 0 0 0 0 0 0 0 0 0 0 0 0 0 0 0 0 0 0 0 0 0 0 0 0 0 0 0 0 0 0 0 0 0 0 0 0 0 0 0 0 0 0 0 0 0 0 0 0 0 0 0 0 0 0 0 0 0 0 0 0 0 0 0 0 0 0 0 0 0 0 0 0 0 0 0 0 0 0 0 0 0 0 0 0 0 0 0 0 0 0 0 0 0 0 0 0 0 0 0 0 0 0 0 0 0 0 0 0 0 0 0 0 0 0 0 0 0 0 0 0 0 0 0 0 0 0 0 0 0 0 0 0 0 0 0 0 0 0 0 0 0 0 0 0 0 0 0 0 0 0 0 0 0 0 0 0 0 0 0 0 0 0 0 0 0 0 0 0 0 0 0 0 0 0 0 0 0 0 0 0 0 0 0 0 0 0 0 0 0 0 0 0 0 0 0 0 0 0 0 0 0 0 0 0 0 0 0 0 0 0 0 0 0 0 0 0 0 0 0 0 0 0 0 0 0 0 0 0 0 0 0 0 0 0 0 0 0 0 0 0 0 0 0 0 0 0 0 0 0 0 0 0 0 0 0 0 0 0 0 0 0 0 0 0 0 0 0 0 0 0 0 0 0 0 0 0 0 0 0 0 0 0 0 0 0 0 0 0 0 0 0 0 0 0 0 0 0 0 0 0 0 0 0 0 0 0 0 0 0 0 0 0 0 0 0 0 0 0 0 0 0 0 0 0 0 0 0 0 0 0 0 0 0 0 0 0 0 0 0 0 0 0 0 0 0 0 0 0 0 0 0 0 0 0 0 0 0 0 0 0 0 0 0 0 0 0 0 0 0 0 0 0 0 0 0 0 0 0 0 0 0 0 0 0 0 0 0 0 0 0 0 0 0 0 0 0 0 0 0 0 0 0 0 0 0 0 0 0 0 0 0 0 0 0 0 0 0 0 0 0 0 0 0 0 0 0 0 0 0 0 0 0 0 0 0 0 0 0 0 0 0 0 0 0 0 0 0 0 0 0 0 0 0 0 0 0 0 0 0 0 0 0 0 0 0 0 0 0 0 0 0 0 0 0 0 0 0 0 0 0 0 0 0 0 0 0 0 0 0 0 0 0 0 0 0 0 0 0 0 0 0 0 0 0 0 0 0 0 0 0 0 0 0 0 0 0 0 0 0 0 0 0 0 0 0 0 0 0 0 0 0 0 0 0 0 0 0 0 0 0 0 0 0 0 0 0 0 0 0 0 0 0 0 0 0 0 0 0 0 0 0 0 0 0 0 0 0 0 0 0 0 0 0 0 0 0 0 0 0 0 0 0 0 0 0 0 0 0 0 0 0 0 0 0 0 0 0 0 0 0 0 0 0 0 0 0 0 0 0 0 0 0 0 0 0 0 0 0 0 0 0 0 0 0 0 0 0 0 0 0 0 0 0 0 0 0 0 0 0 0 0 0 0 0 0 0 0 0 0 0 0 0 0 0 0 0 0 0 0 0 0 0 0 0 0 0 0 0 0 0 0 0 0 0 0 0 0 0 0 0 0 0 0 0 0 0 0 0 0 0 0 0 0 0 0 0 0 0 0 0 0 0 0 0 0 0 0 0 0 0 0 0 0 0 0 0 0 0 0 0 0 0 0 0 0 0 0 0 0 0 0 0 0 0 0 0 0 0 0 0 0 0 0 0 0 0 0 0 0 0 0 0 0 0 0 0 0 0 0 0 0 0 0 0 0 0 0 0 0 0 0 0 0 0 0 0 0 0 0 0 0 0 0 0 0 0 0 0 0 0 0 0 0 0 0 0 0 0 0 0 0 0 0 0 0 0 0 0 0 0 0 0 0 0 0 0 0 0 0 0 0 0 0 0 0 0 0 0 0 0 0 0 0 0 0 0 0 0 0 0 0 0 0 0 0 0 0 0 0 0 0 0 0 0 0 0 0 0 0 0 0 0 0 0 0 0 0 0 0 0 0 0 0 0 0 0 0 0 0 0 0 0 0 0 0 0 0 0 0 0 0 0 0 0 0 0 0 0 0 0 0 0 0 0 0 0 0 0 0 0 0 0 0 0 0 0 0 0 0 0 0 0 0 0 0 0 0 0 0 0 0 0 0 0 0 0 0 0 0 0 0 0 0 0 0 0 0 0 0 0 0 0 0 0 0 0 0 0 0 0 0 0 0 0 0 0 0 0 0 0 0 0 0 0 0 0 0 0 0 0 0 0 0 0 0 0 0 0 0 0 0 0 0 0 0 0 0 0 0 0 0 0 0 0 0 0 0 0 0 0 0 0 0 0 0 0 0 0 0 0 0 0 0 0 0 0 0 0 0 0 0 0 0 0 0 0 0 0 0 0 0 0 0 0 0 0 0 0 0 0 0 0 0 0 0 0 0 0 0 0 0 0 0 0 0 0 0 0 0 0 0 0 0 0 0 0 0 0 0 0 0 0 0 0 0 0 0 0 0 0 0 0 0 0 0 0 0 0 0 0 0 0 0 0 0 0 0 0 0 0 0 0 0 0 0 0 0 0 0 0 0 0 0 0 0 0 0 0 0 0 0 0 0 0 0 0 0 0 0 0 0 0 0 0 0 0 0 0 0 0 0 0 0 0 0 0 0 0 0 0 0 0 0 0 0 0 0 0 0 0 0 0 0 0 0 0 0 0 0 0 0 0 0 0 0 0 0 0 0 0 0 0 0 0 0 0 0 0 0 0 0 0 0 0 0 0 0 0 0 0 0 0 0 0 0 0 0 0 0 0 0 0 0 0 0 0 0 0 0 0 0 0 0 0 0 0 0 0 0 0 0 0 0 0 0 0 0 0 0 0 0 0 0 0 0 0 0 0 0 0 0 0 0 0 0 0 0 0 0 0 0 0 0 0 0 0 0 0 0 0 0 0 0 0 0 0 0 0 0 0 0 0 0 0 0 0 0 0 0 0 0 0 0 0 0 0 0 0 0 0 0 0 0 0 0 0 0 0 0 0 0 0 0 0 0 0 0 0 0 0 0 0 0 0 0 0 0 0 0 0 0 0 0 0 0 0 0 0 0 0 0 0 0 0 0 0 0 0 0 0 0 0 0 0 0 0 0 0 0 0 0 0 0 0 0 0 0 0 0 0 0 0 0 0 0 0 0 0 0 0 0 0 0 0 0 0 0 0 0 0 0 0 0 0 0 0 0 0 0 0 0 0 0 0 0 0 0 0 0 0 0 0 0 0 0 0 0 0 0 0 0 0 0 0 0 0 0 0 0 0 0 0 0 0 0 0 0 0 0 0 0 0 0 0 0 0 0 0 0 0 0 0 0 0 0 0 0 0 0 0 0 0 0 0 0 0 0 0 0 0 0 0 0 0 0 0 0 0 0 0 0 0 0 0 0 0 0 0 0 0 0 0 0 0 0 0 0 0 0 0 0 0 0 0 0 0 0 0 0 0 0 0 0 0 0 0 0 0 0 0 0 0 0 0 0 0 0 0 0 0 0 0 0 0 0 0 0 0 0 0 0 0 0 0 0 0 0 0 0 0 0 0 0 0 0 0 0 0 0 0 0 0 0 0 0 0 0 0 0 0 0 0 0 0 0 0 0 0 0 0 0 0 0 0 0 0 0 0 0 0 0 0 0 0 0 0 0 0 0 0 0 0 0 0 0 0 0 0 0 0 0 0 0 0 0 0 0 0 0 0 0 0 0 0 0 0 0 0 0 0 0 0 0 0 0 0 0 0 0 0 0 0 0 0 0 0 0 0 0 0 0 0 0 0 0 0 0 0 0 0 0 0 0 0 0 0 0 0 0 0 0 0 0 0 0 0 0 0 0 0 0 0 0 0 0 0 0 0 0 0 0 0 0 0 0 0 0 0 0 0 0 0 0 0 0 0 0 0 0 0 0 0 0 0 0 0 0 0 0 0 0 0 0 0 0 0 0 0 0 0 0 0 0 0 0 0 0 0 0 0 0 0 0 0 0 0 0 0 0 0 0 0 0 0 0 0 0 0 0 0 0 0 0 0 0 0 0 0 0 0 0 0 0 0 0 0 0 0 0 0 0 0 0 0 0 0 0 0 0 0 0 0 0 0 0 0 0 0 0 0 0 0 0 0 0 0 0 0 0 0 0 0 0 0 0 0 0 0 0 0 0 0 0 0 0 0 0 0 0 0 0 0 0 0 0 0 0 0 0 0 0 0 0 0 0 0 0 0 0 0 0 0 0 0 0 0 0 0 0 0 0 0 0 0 0 0 0 0 0 0 0 0 0 0 0 0 0 0 0 0 0 0 0 0 0 0 0 0 0 0 0 0 0 0 0 0 0 0 0 0 0 0 0 0 0 0 0 0 0 0 0 0 0 0 0 0 0 0 0 0 0 0 0 0 0 0 0 0 0 0 0 0 0 0 0 0 0 0 0 0 0 0 0 0 0 0 0 0 0 0 0 0 0 0 0 0 0 0 0 0 0 0 0 0 0 0 0 0 0 0 0 0 0 0 0 0 0 0 0 0 0 0 0 0 0 0 0 0 0 0 0 0 0 0 0 0 0 0 0 0 0 0 0 0 0 0 0 0 0 0 0 0 0 0 0 0 0 0 0 0 0 0 0 0 0 0 0 0 0 0 0 0 0 0 0 0 0 0 0 0 0 0 0 0 0 0 0 0 0 0 0 0 0 0 0 0 0 0 0 0 0 0 0 0 0 0 0 0 0 0 0 0 0 0 0 0 0 0 0 0 0 0 0 0 0 0 0 0 0 0 0 0 0 0 0 0 0 0 0 0 0 0 0 0 0 0 0 0 0 0 0 0 0 0 0 0 0 0 0 0 0 0 0 0 0 0 0 0 0 0 0 0 0 0 0 0 0 0 0 0 0 0 0 0 0 0 0 0 0 0 0 0 0 0 0 0 0 0 0 0 0 0 0 0 0 0 0 0 0 0 0 0 0 0 0 0 0 0 0 0 0 0 0 0 0 0 0 0 0 0 0 0 0 0 0 0 0 0 0 0 0 0 0 0 0 0 0 0 0 0 0 0 0 0 0 0 0 0 0 0 0 0 0 0 0 0 0 0 0 0 0 0 0 0 0 0 0 0 0 0 0 0 0 0 0 0 0 0 0 0 0 0 0 0 0 0 0 0 0 0 0 0 0 0 0 0 0 0 0 0 0 0 0 0 0 0 0 0 0 0 0 0 0 0 0 0 0 0 0 0 0 0 0 0 0 0 0 0 0 0 0 0 0 0 0 0 0 0 0 0 0 0 0 0 0 0 0 0 0 0 0 0 0 0 0 0 0 0 0 0 0 0 0 0 0 0 0 0 0 0 0 0 0 0 0 0 0 0 0 0 0 0 0 0 0 0 0 0 0 0 0 0 0 0 0 0 0 0 0 0 0 0 0 0 0 0 0 0 0 0 0 0 0 0 0 0 0 0 0 0 0 0 0 0 0 0 0 0 0 0 0 0 0 0 0 0 0 0 0 0 0 0 0 0 0 0 0 0 0 0 0 0 0 0 0 0 0 0 0 0 0 0 0 0 0 0 0 0 0 0 0 0 0 0 0 0 0 0 0 0 0 0 0 0 0 0 0 0 0 0 0 0 0 0 0 0 0 0 0 0 0 0 0 0 0 0 0 0 0 0 0 0 0 0 0 0 0 0 0 0 0 0 0 0 0 0 0 0 0 0 0 0 0 0 0 0 0 0 0 0 0 0 0 0 0 0 0 0 0 0 0 0 0 0 0 0 0 0 0 0 0 0 0 0 0 0 0 0 0 0 0 0 0 0 0 0 0 0 0 0 0 0 0 0 0 0 0 0 0 0 0 0 0 0 0 0 0 0 0 0 0 0 0 0 0 0 0 0 0 0 0 0 0 0 0 0 0 0 0 0 0 0 0 0 0 0 0 0 0 0 0 0 0 0 0 0 0 0 0 0 0 0 0 0 0 0 0 0 0 0 0 0 0 0 0 0 0 0 0 0 0 0 0 0 0 0 0 0 0 0 0 0 0 0 0 0 0 0 0 0 0 0 0 0 0 0 0 0 0 0 0 0 0 0 0 0 0 0 0 0 0 0 0 0 0 0 0 0 0 0 0 0 0 0 0 0 0 0 0 0 0 0 0 0 0 0 0 0 0 0 0 0 0 0 0 0 0 0 0 0 0 0 0 0 0 0 0 0 0 0 0 0 0 0 0 0 0 0 0 0 0 0 0 0 0 0 0 0 0 0 0 0 0 0 0 0 0 0 0 0 0 0 0 0 0 0 0 0 0 0 0 0 0 0 0 0 0 0 0 0 0 0 0 0 0 0 0 0 0 0 0 0 0 0 0 0 0 0 0 0 0 0 0 0 0 0 0 0 0 0 0 0 0 0 0 0 0 0 0 0 0 0 0 0 0 0 0 0 0 0 0 0 0 0 0 0 0 0 0 0 0 0 0 0 0 0 0 0 0 0 0 0 0 0 0 0 0 0 0 0 0 0 0 0 0 0 0 0 0 0 0 0 0 0 0 0 0 0 0 0 0 0 0 0 0 0 0 0 0 0 0 0 0 0 0 0 0 0 0 0 0 0 0 0 0 0 0 0 0 0 0 0 0 0 0 0 0 0 0 0 0 0 0 0 0 0 0 0 0 0 0 0 0 0 0 0 0 0 0 0 0 0 0 0 0 0 0 0 0 0 0 0 0 0 0 0 0 0 0 0 0 0 0 0 0 0 0 0 0 0 0 0 0 0 0 0 0 0 0 0 0 0 0 0 0 0 0 0 0 0 0 0 0 0 0 0 0 0 0 0 0 0 0 0 0 0 0 0 0 0 0 0 0 0 0 0 0 0 0 0 0 0 0 0 0 0 0 0 0 0 0 0 0 0 0 0 0 0 0 0 0 0 0 0 0 0 0 0 0 0 0 0 0 0 0 0 0 0 0 0 0 0 0 0 0 0 0 0 0 0 0 0 0 0 0 0 0 0 0 0 0 0 0 0 0 0 0 0 0 0 0 0 0 0 0 0 0 0 0 0 0 0 0 0 0 0 0 0 0 0 0 0 0 0 0 0 0 0 0 0 0 0 0 0 0 0 0 0 0 0 0 0 0 0 0 0 0 0 0 0 0 0 0 0 0 0 0 0 0 0 0 0 0 0 0 0 0 0 0 0 0 0 0 0 0 0 0 0 0 0 0 0 0 0 0 0 0 0 0 0 0 0 0 0 0 0 0 0 0 0 0 0 0 0 0 0 0 0 0 0 0 0 0 0 0 0 0 0 0 0 0 0 0 0 0 0 0 0 0 0 0 0 0 0 0 0 0 0 0 0 0 0 0 0 0 0 0 0 0 0 0 0 0 0 0 0 0 0 0 0 0 0 0 0 0 0 0 0 0 0 0 0 0 0 0 0 0 0 0 0 0 0 0 0 0 0 0 0 0 0 0 0 0 0 0 0 0 0 0 0 0 0 0 0 0 0 0 0 0 0 0 0 0 0 0 0 0 0 0 0 0 0 0 0 0 0 0 0 0 0 0 0 0 0 0 0 0 0 0 0 0 0 0 0 0 0 0 0 0 0 0 0 0 0 0 0 0 0 0 0 0 0 0 0 0 0 0 0 0 0 0 0 0 0 0 0 0 0 0 0 0 0 0 0 0 0 0 0 0 0 0 0 0 0 0 0 0 0 0 0 0 0 0 0 0 0 0 0 0 0 0 0 0 0 0 0 0 0 0 0 0 0 0 0 0 0 0 0 0 0 0 0 0 0 0 0 0 0 0 0 0 0 0 0 0 0 0 0 0 0 0 0 0 0 0 0 0 0 0 0 0 0 0 0 0 0 0 0 0 0 0 0 0 0 0 0 0 0 0 0 0 0 0 0 0 0 0 0 0 0 0 0 0 0 0 0 0 0 0 0 0 0 0 0 0 0 0 0 0 0 0 0 0 0 0 0 0 0 0 0 0 0 0 0 0 0 0 0 0 0 0 0 0 0 0 0 0 0 0 0 0 0 0 0 0 0 0 0 0 0 0 0 0 0 0 0 0 0 0 0 0 0 0 0 0 0 0 0 0 0 0 0 0 0 0 0 0 0 0 0 0 0 0 0 0 0 0 0 0 0 0 0 0 0 0 0 0 0 0 0 0 0 0 0 0 0 0 0 0 0 0 0 0 0 0 0 0 0 0 0 0 0 0 0 0 0 0 0 0 0 0 0 0 0 0 0 0 0 0 0 0 0 0 0 0 0 0 0 0 0 0 0 0 0 0 0 0 0 0 0 0 0 0 0 0 0 0 0 0 0 0 0 0 0 0 0 0 0 0 0 0 0 0 0 0 0 0 0 0 0 0 0 0 0 0 0 0 0 0 0 0 0 0 0 0 0 0 0 0 0 0 0 0 0 0 0 0 0 0 0 0 0 0 0 0 0 0 0 0 0 0 0 0 0 0 0 0 0 0 0 0 0 0 0 0 0 0 0 0 0 0 0 0 0 0 0 0 0 0 0 0 0 0 0 0 0 0 0 0 0 0 0 0 0 0 0 0 0 0 0 0 0 0 0 0 0 0 0 0 0 0 0 0 0 0 0 0 0 0 0 0 0 0 0 0 0 0 0 0 0 0 0 0 0 0 0 0 0 0 0 0 0 0 0 0 0 0 0 0 0 0 0 0 0 0 0 0 0 0 0 0 0 0 0 0 0 0 0 0 0 0 0 0 0 0 0 0 0 0 0 0 0 0 0 0 0 0 0 0 0 0 0 0 0 0 0 0 0 0 0 0 0 0 0 0 0 0 0 0 0 0 0 0 0 0 0 0 0 0 0 0 0 0 0 0 0 0 0 0 0 0 0 0 0 0 0 0 0 0 0 0 0 0 0 0 0 0 0 0 0 0 0 0 0 0 0 0 0 0 0 0 0 0 0 0 0 0 0 0 0 0 0 0 0 0 0 0 0 0 0 0 0 0 0 0 0 0 0 0 0 0 0 0 0 0 0 0 0 0 0 0 0 0 0 0 0 0 0 0 0 0 0 0 0 0 0 0 0 0 0 0 0 0 0 0 0 0 0 0 0 0 0 0 0 0 0 0 0 0 0 0 0 0 0 0 0 0 0 0 0 0 0 0 0 0 0 0 0 0 0 0 0 0 0 0 0 0 0 0 0 0 0 0 0 0 0 0 0 0 0 0 0 0 0 0 0 0 0 0 0 0 0 0 0 0 0 0 0 0 0 0 0 0 0 0 0 0 0 0 0 0 0 0 0 0 0 0 0 0 0 0 0 0 0 0 0 0 0 0 0 0 0 0 0 0 0 0 0 0 0 0 0 0 0 0 0 0 0 0 0 0 0 0 0 0 0 0 0 0 0 0 0 0 0 0 0 0 0 0 0 0 0 0 0 0 0 0 0 0 0 0 0 0 0 0 0 0 0 0 0 0 0 0 0 0 0 0 0 0 0 0 0 0 0 0 0 0 0 0 0 0 0 0 0 0 0 0 0 0 0 0 0 0 0 0 0 0 0 0 0 0 0 0 0 0 0 0 0 0 0 0 0 0 0 0 0 0 0 0 0 0 0 0 0 0 0 0 0 0 0 0 0 0 0 0 0 0 0 0 0 0 0 0 0 0 0 0 0 0 0 0 0 0 0 0 0 0 0 0 0 0 0 0 0 0 0 0 0 0 0 0 0 0 0 0 0 0 0 0 0 0 0 0 0 0 0 0 0 0 0 0 0 0 0 0 0 0 0 0 0 0 0 0 0 0 0 0 0 0 0 0 0 0 0 0 0 0 0 0 0 0 0 0 0 0 0 0 0 0 0 0 0 0 0 0 0 0 0 0 0 0 0 0 0 0 0 0 0 0 0 0 0 0 0 0 0 0 0 0 0 0 0 0 0 0 0 0 0 0 0 0 0 0 0 0 0 0 0 0 0 0 0 0 0 0 0 0 0 0 0 0 0 0 0 0 0 0 0 0 0 0 0 0 0 0 0 0 0 0 0 0 0 0 0 0 0 0 0 0 0 0 0 0 0 0 0 0 0 0 0 0 0 0 0 0 0 0 0 0 0 0 0 0 0 0 0 0 0 0 0 0 0 0 0 0 0 0 0 0 0 0 0 0 0 0 0 0 0 0 0 0 0 0 0 0 0 0 0 0 0 0 0 0 0 0 0 0 0 0 0 0 0 0 0 0 0 0 0 0 0 0 0 0 0 0 0 0 0 0 0 0 0 0 0 0 0 0 0 0 0 0 0 0 0 0 0 0 0 0 0 0 0 0 0 0 0 0 0 0 0 0 0 0 0 0 0 0 0 0 0 0 0 0 0 0 0 0 0 0 0 0 0 0 0 0 0 0 0 0 0 0 0 0 0 0 0 0 0 0 0 0 0 0 0 0 0 0 0 0 0 0 0 0 0 0 0 0 0 0 0 0 0 0 0 0 0 0 0 0 0 0 0 0 0 0 0 0 0 0 0 0 0 0 0 0 0 0 0 0 0 0 0 0 0 0 0 0 0 0 0 0 0 0 0 0 0 0 0 0 0 0 0 0 0 0 0 0 0 0 0 0 0 0 0 0 0 0 0 0 0 0 0 0 0 0 0 0 0 0 0 0 0 0 0 0 0 0 0 0 0 0 0 0 0 0 0 0 0 0 0 0 0 0 0 0 0 0 0 0 0 0 0 0 0 0 0 0 0 0 0 0 0 0 0 0 0 0 0 0 0 0 0 0 0 0 0 0 0 0 0 0 0 0 0 0 0 0 0 0 0 0 0 0 0 0 0 0 0 0 0 0 0 0 0 0 0 0 0 0 0 0 0 0 0 0 0 0 0 0 0 0 0 0 0 0 0 0 0 0 0 0 0 0 0 0 0 0 0 0 0 0 0 0 0 0 0 0 0 0 0 0 0 0 0 0 0 0 0 0 0 0 0 0 0 0 0 0 0 0 0 0 0 0 0 0 0 0 0 0 0 0 0 0 0 0 0 0 0 0 0 0 0 0 0 0 0 0 0 0 0 0 0 0 0 0 0 0 0 0 0 0 0 0 0 0 0 0 0 0 0 0 0 0 0 0 0 0 0 0 0 0 0 0 0 0 0 0 0 0 0 0 0 0 0 0 0 0 0 0 0 0 0 0 0 0 0 0 0 0 0 0 0 0 0 0 0 0 0 0 0 0 0 0 0 0 0 0 0 0 0 0 0 0 0 0 0 0 0 0 0 0 0 0 0 0 0 0 0 0 0 0 0 0 0 0 0 0 0 0 0 0 0 0 0 0 0 0 0 0 0 0 0 0 0 0 0 0 0 0 0 0 0 0 0 0 0 0 0 0 0 0 0 0 0 0 0 0 0 0 0 0 0 0 0 0 0 0 0 0 0 0 0 0 0 0 0 0 0 0 0 0 0 0 0 0 0 0 0 0 0 0 0 0 0 0 0 0 0 0 0 0 0 0 0 0 0 0 0 0 0 0 0 0 0 0 0 0 0 0 0 0 0 0 0 0 0 0 0 0 0 0 0 0 0 0 0 0 0 0 0 0 0 0 0 0 0 0 0 0 0 0 0 0 0 0 0 0 0 0 0 0 0 0 0 0 0 0 0 0 0 0 0 0 0 0 0 0 0 0 0 0 0 0 0 0 0 0 0 0 0 0 0 0 0 0 0 0 0 0 0 0 0 0 0 0 0 0 0 0 0 0 0 0 0 0 0 0 0 0 0 0 0 0 0 0 0 0 0 0 0 0 0 0 0 0 0 0 0 0 0 0 0 0 0 0 0 0 0 0 0 0 0 0 0 0 0 0 0 0 0 0 0 0 0 0 0 0 0 0 0 0 0 0 0 0 0 0 0 0 0 0 0 0 0 0 0 0 0 0 0 0 0 0 0 0 0 0 0 0 0 0 0 0 0 0 0 0 0 0 0 0 0 0 0 0 0 0 0 0 0 0 0 0 0 0 0 0 0 0 0 0 0 0 0 0 0 0 0 0 0 0 0 0 0 0 0 0 0 0 0 0 0 0 0 0 0 0 0 0 0 0 0 0 0 0 0 0 0 0 0 0 0 0 0 0 0 0 0 0 0 0 0 0 0 0 0 0 0 0 0 0 0 0 0 0 0 0 0 0 0 0 0 0 0 0 0 0 0 0 0 0 0 0 0 0 0 0 0 0 0 0 0 0 0 0 0 0 0 0 0 0 0 0 0 0 0 0 0 0 0 0 0 0 0 0 0 0 0 0 0 0 0 0 0 0 0 0 0 0 0 0 0 0 0 0 0 0 0 0 0 0 0 0 0 0 0 0 0 0 0 0 0 0 0 0 0 0 0 0 0 0 0 0 0 0 0 0 0 0 0 0 0 0 0 0 0 0 0 0 0 0 0 0 0 0 0 0 0 0 0 0 0 0 0 0 0 0 0 0 0 0 0 0 0 0 0 0 0 0 0 0 0 0 0 0 0 0 0 0 0 0 0 0 0 0 0 0 0 0 0 0 0 0 0 0 0 0 0 0 0 0 0 0 0 0 0 0 0 0 0 0 0 0 0 0 0 0 0 0 0 0 0 0 0 0 0 0 0 0 0 0 0 0 0 0 0 0 0 0 0 0 0 0 0 0 0 0 0 0 0 0 0 0 0 0 0 0 0 0 0 0 0 0 0 0 0 0 0 0 0 0 0 0 0 0 0 0 0 0 0 0 0 0 0 0 0 0 0 0 0 0 0 0 0 0 0 0 0 0 0 0 0 0 0 0 0 0 0 0 0 0 0 0 0 0 0 0 0 0 0 0 0 0 0 0 0 0 0 0 0 0 0 0 0 0 0 0 0 0 0 0 0 0 0 0 0 0 0 0 0 0 0 0 0 0 0 0 0 0 0 0 0 0 0 0 0 0 0 0 0 0 0 0 0 0 0 0 0 0 0 0 0 0 0 0 0 0 0 0 0 0 0 0 0 0 0 0 0 0 0 0 0 0 0 0 0 0 0 0 0 0 0 0 0 0 0 0 0 0 0 0 0 0 0 0 0 0 0 0 0 0 0 0 0 0 0 0 0 0 0 0 0 0 0 0 0 0 0 0 0 0 0 0 0 0 0 0 0 0 0 0 0 0 0 0 0 0 0 0 0 0 0 0 0 0 0 0 0 0 0 0 0 0 0 0 0 0 0 0 0 0 0 0 0 0 0 0 0 0 0 0 0 0 0 0 0 0 0 0 0 0 0 0 0 0 0 0 0 0 0 0 0 0 0 0 0 0 0 0 0 0 0 0 0 0 0 0 0 0 0 0 0 0 0 0 0 0 0 0 0 0 0 0 0 0 0 0 0 0 0 0 0 0 0 0 0 0 0 0 0 0 0 0 0 0 0 0 0 0 0 0 0 0 0 0 0 0 0 0 0 0 0 0 0 0 0 0 0 0 0 0 0 0 0 0 0 0 0 0 0 0 0 0 0 0 0 0 0 0 0 0 0 0 0 0 0 0 0 0 0 0 0 0 0 0 0 0 0 0 0 0 0 0 0 0 0 0 0 0 0 0 0 0 0 0 0 0 0 0 0 0 0 0 0 0 0 0 0 0 0 0 0 0 0 0 0 0 0 0 0 0 0 0 0 0 0 0 0 0 0 0 0 0 0 0 0 0 0 0 0 0 0 0 0 0 0 0 0 0 0 0 0 0 0 0 0 0 0 0 0 0 0 0 0 0 0 0 0 0 0 0 0 0 0 0 0 0 0 0 0 0 0 0 0 0 0 0 0 0 0 0 0 0 0 0 0 0 0 0 0 0 0 0 0 0 0 0 0 0 0 0 0 0 0 0 0 0 0 0 0 0 0 0 0 0 0 0 0 0 0 0 0 0 0 0 0 0 0 0 0 0 0 0 0 0 0 0 0 0 0 0 0 0 0 0 0 0 0 0 0 0 0 0 0 0 0 0 0 0 0 0 0 0 0 0 0 0 0 0 0 0 0 0 0 0 0 0 0 0 0 0 0 0 0 0 0 0 0 0 0 0 0 0 0 0 0 0 0 0 0 0 0 0 0 0 0 0 0 0 0 0 0 0 0 0 0 0 0 0 0 0 0 0 0 0 0 0 0 0 0 0 0 0 0 0 0 0 0 0 0 0 0 0 0 0 0 0 0 0 0 0 0 0 0 0 0 0 0 0 0 0 0 0 0 0 0 0 0 0 0 0 0 0 0 0 0 0 0 0 0 0 0 0 0 0 0 0 0 0 0 0 0 0 0 0 0 0 0 0 0 0 0 0 0 0 0 0 0 0 0 0 0 0 0 0 0 0 0 0 0 0 0 0 0 0 0 0 0 0 0 0 0 0 0 0 0 0 0 0 0 0 0 0 0 0 0 0 0 0 0 0 0 0 0 0 0 0 0 0 0 0 0 0 0 0 0 0 0 0 0 0 0 0 0 0 0 0 0 0 0 0 0 0 0 0 0 0 0 0 0 0 0 0 0 0 0 0 0 0 0 0 0 0 0 0 0 0 0 0 0 0 0 0 0 0 0 0 0 0 0 0 0 0 0 0 0 0 0 0 0 0 0 0 0 0 0 0 0 0 0 0 0 0 0 0 0 0 0 0 0 0 0 0 0 0 0 0 0 0 0 0 0 0 0 0 0 0 0 0 0 0 0 0 0 0 0 0 0 0 0 0 0 0 0 0 0 0 0 0 0 0 0 0 0 0 0 0 0 0 0 0 0 0 0 0 0 0 0 0 0 0 0 0 0 0 0 0 0 0 0 0 0 0 0 0 0 0 0 0 0 0 0 0 0 0 0 0 0 0 0 0 0 0 0 0 0 0 0 0 0 0 0 0 0 0 0 0 0 0 0 0 0 0 0 0 0 0 0 0 0 0 0 0 0 0 0 0 0 0 0 0 0 0 0 0 0 0 0 0 0 0 0 0 0 0 0 0 0 0 0 0 0 0 0 0 0 0 0 0 0 0 0 0 0 0 0 0 0 0 0 0 0 0 0 0 0 0 0 0 0 0 0 0 0 0 0 0 0 0 0 0 0 0 0 0 0 0 0 0 0 0 0 0 0 0 0 0 0 0 0 0 0 0 0 0 0 0 0 0 0 0 0 0 0 0 0 0 0 0 0 0 0 0 0 0 0 0 0 0 0 0 0 0 0 0 0 0 0 0 0 0 0 0 0 0 0 0 0 0 0 0 0 0 0 0 0 0 0 0 0 0 0 0 0 0 0 0 0 0 0 0 0 0 0 0 0 0 0 0 0 0 0 0 0 0 0 0 0 0 0 0 0 0 0 0 0 0 0 0 0 0 0 0 0 0 0 0 0 0 0 0 0 0 0 0 0 0 0 0 0 0 0 0 0 0 0 0 0 0 0 0 0 0 0 0 0 0 0 0 0 0 0 0 0 0 0 0 0 0 0 0 0 0 0 0 0 0 0 0 0 0 0 0 0 0 0 0 0 0 0 0 0 0 0 0 0 0 0 0 0 0 0 0 0 0 0 0 0 0 0 0 0 0 0 0 0 0 0 0 0 0 0 0 0 0 0 0 0 0 0 0 0 0 0 0 0 0 0 0 0 0 0 0 0 0 0 0 0 0 0 0 0 0 0 0 0 0 0 0 0 0 0 0 0 0 0 0 0 0 0 0 0 0 0 0 0 0 0 0 0 0 0 0 0 0 0 0 0 0 0 0 0 0 0 0 0 0 0 0 0 0 0 0 0 0 0 0 0 0 0 0 0 0 0 0 0 0 0 0 0 0 0 0 0 0 0 0 0 0 0 0 0 0 0 0 0 0 0 0 0 0 0 0 0 0 0 0 0 0 0 0 0 0 0 0 0 0 0 0 0 0 0 0 0 0 0 0 0 0 0 0 0 0 0 0 0 0 0 0 0 0 0 0 0 0 0 0 0 0 0 0 0 0 0 0 0 0 0 0 0 0 0 0 0 0 0 0 0 0 0 0 0 0 0 0 0 0 0 0 0 0 0 0 0 0 0 0 0 0 0 0 0 0 0 0 0 0 0 0 0 0 0 0 0 0 0 0 0 0 0 0 0 0 0 0 0 0 0 0 0 0 0 0 0 0 0 0 0 0 0 0 0 0 0 0 0 0 0 0 0 0 0 0 0 0 0 0 0 0 0 0 0 0 0 0 0 0 0 0 0 0 0 0 0 0 0 0 0 0 0 0 0 0 0 0 0 0 0 0 0 0 0 0 0 0 0 0 0 0 0 0 0 0 0 0 0 0 0 0 0 0 0 0 0 0 0 0 0 0 0 0 0 0 0 0 0 0 0 0 0 0 0 0 0 0 0 0 0 0 0 0 0 0 0 0 0 0 0 0 0 0 0 0 0 0 0 0 0 0 0 0 0 0 0 0 0 0 0 0 0 0 0 0 0 0 0 0 0 0 0 0 0 0 0 0 0 0 0 0 0 0 0 0 0 0 0 0 0 0 0 0 0 0 0 0 0 0 0 0 0 0 0 0 0 0 0 0 0 0 0 0 0 0 0 0 0 0 0 0 0 0 0 0 0 0 0 0 0 0 0 0 0 0 0 0 0 0 0 0 0 0 0 0 0 0 0 0 0 0 0 0 0 0 0 0 0 0 0 0 0 0 0 0 0 0 0 0 0 0 0 0 0 0 0 0 0 0 0 0 0 0 0 0 0 0 0 0 0 0 0 0 0 0 0 0 0 0 0 0 0 0 0 0 0 0 0 0 0 0 0 0 0 0 0 0 0 0 0 0 0 0 0 0 0 0 0 0 0 0 0 0 0 0 0 0 0 0 0 0 0 0 0 0 0 0 0 0 0 0 0 0 0 0 0 0 0 0 0 0 0 0 0 0 0 0 0 0 0 0 0 0 0 0 0 0 0 0 0 0 0 0 0 0 0 0 0 0 0 0 0 0 0 0 0 0 0 0 0 0 0 0 0 0 0 0 0 0 0 0 0 0 0 0 0 0 0 0 0 0 0 0 0 0 0 0 0 0 0 0 0 0 0 0 0 0 0 0 0 0 0 0 0 0 0 0 0 0 0 0 0 0 0 0 0 0 0 0 0 0 0 0 0 0 0 0 0 0 0 0 0 0 0 0 0 0 0 0 0 0 0 0 0 0 0 0 0 0 0 0 0 0 0 0 0 0 0 0 0 0 0 0 0 0 0 0 0 0 0 0 0 0 0 0 0 0 0 0 0 0 0 0 0 0 0 0 0 0 0 0 0 0 0 0 0 0 0 0 0 0 0 0 0 0 0 0 0 0 0 0 0 0 0 0 0 0 0 0 0 0 0 0 0 0 0 0 0 0 0 0 0 0 0 0 0 0 0 0 0 0 0 0 0 0 0 0 0 0 0 0 0 0 0 0 0 0 0 0 0 0 0 0 0 0 0 0 0 0 0 0 0 0 0 0 0 0 0 0 0 0 0 0 0 0 0 0 0 0 0 0 0 0 0 0 0 0 0 0 0 0 0 0 0 0 0 0 0 0 0 0 0 0 0 0 0 0 0 0 0 0 0 0 0 0 0 0 0 0 0 0 0 0 0 0 0 0 0 0 0 0 0 0 0 0 0 0 0 0 0 0 0 0 0 0 0 0 0 0 0 0 0 0 0 0 0 0 0 0 0 0 0 0 0 0 0 0 0 0 0 0 0 0 0 0 0 0 0 0 0 0 0 0 0 0 0 0 0 0 0 0 0 0 0 0 0 0 0 0 0 0 0 0 0 0 0 0 0 0 0 0 0 0 0 0 0 0 0 0 0 0 0 0 0 0 0 0 0 0 0 0 0 0 0 0 0 0 0 0 0 0 0 0 0 0 0 0 0 0 0 0 0 0 0 0 0 0 0 0 0 0 0 0 0 0 0 0 0 0 0 0 0 0 0 0 0 0 0 0 0 0 0 0 0 0 0 0 0 0 0 0 0 0 0 0 0 0 0 0 0 0 0 0 0 0 0 0 0 0 0 0 0 0 0 0 0 0 0 0 0 0 0 0 0 0 0 0 0 0 0 0 0 0 0 0 0 0 0 0 0 0 0 0 0 0 0 0 0 0 0 0 0 0 0 0 0 0 0 0 0 0 0 0 0 0 0 0 0 0 0 0 0 0 0 0 0 0 0 0 0 0 0 0 0 0 0 0 0 0 0 0 0 0 0 0 0 0 0 0 0 0 0 0 0 0 0 0 0 0 0 0 0 0 0 0 0 0 0 0 0 0 0 0 0 0 0 0 0 0 0 0 0 0 0 0 0 0 0 0 0 0 0 0 0 0 0 0 0 0 0 0 0 0 0 0 0 0 0 0 0 0 0 0 0 0 0 0 0 0 0 0 0 0 0 0 0 0 0 0 0 0 0 0 0 0 0 0 0 0 0 0 0 0 0 0 0 0 0 0 0 0 0 0 0 0 0 0 0 0 0 0 0 0 0 0 0 0 0 0 0 0 0 0 0 0 0 0 0 0 0 0 0 0 0 0 0 0 0 0 0 0 0 0 0 0 0 0 0 0 0 0 0 0 0 0 0 0 0 0 0 0 0 0 0 0 0 0 0 0 0 0 0 0 0 0 0 0 0 0 0 0 0 0 0 0 0 0 0 0 0 0 0 0 0 0 0 0 0 0 0 0 0 0 0 0 0 0 0 0 0 0 0 0 0 0 0 0 0 0 0 0 0 0 0 0 0 0 0 0 0 0 0 0 0 0 0 0 0 0 0 0 0 0 0 0 0 0 0 0 0 0 0 0 0 0 0 0 0 0 0 0 0 0 0 0 0 0 0 0 0 0 0 0 0 0 0 0 0 0 0 0 0 0 0 0 0 0 0 0 0 0 0 0 0 0 0 0 0 0 0 0 0 0 0 0 0 0 0 0 0 0 0 0 0 0 0 0 0 0 0 0 0 0 0 0 0 0 0 0 0 0 0 0 0 0 0 0 0 0 0 0 0 0 0 0 0 0 0 0 0 0 0 0 0 0 0 0 0 0 0 0 0 0 0 0 0 0 0 0 0 0 0 0 0 0 0 0 0 0 0 0 0 0 0 0 0 0 0 0 0 0 0 0 0 0 0 0 0 0 0 0 0 0 0 0 0 0 0 0 0 0 0 0 0 0 0 0 0 0 0 0 0 0 0 0 0 0 0 0 0 0 0 0 0 0 0 0 0 0 0 0 0 0 0 0 0 0 0 0 0 0 0 0 0 0 0 0 0 0 0 0 0 0 0 0 0 0 0 0 0 0 0 0 0 0 0 0 0 0 0 0 0 0 0 0 0 0 0 0 0 0 0 0 0 0 0 0 0 0 0 0 0 0 0 0 0 0 0 0 0 0 0 0 0 0 0 0 0 0 0 0 0 0 0 0 0 0 0 0 0 0 0 0 0 0 0 0 0 0 0 0 0 0 0 0 0 0 0 0 0 0 0 0 0 0 0 0 0 0 0 0 0 0 0 0 0 0 0 0 0 0 0 0 0 0 0 0 0 0 0 0 0 0 0 0 0 0 0 0 0 0 0 0 0 0 0 0 0 0 0 0 0 0 0 0 0 0 0 0 0 0 0 0 0 0 0 0 0 0 0 0 0 0 0 0 0 0 0 0 0 0 0 0 0 0 0 0 0 0 0 0 0 0 0 0 0 0 0 0 0 0 0 0 0 0 0 0 0 0 0 0 0 0 0 0 0 0 0 0 0 0 0 0 0 0 0 0 0 0 0 0 0 0 0 0 0 0 0 0 0 0 0 0 0 0 0 0 0 0 0 0 0 0 0 0 0 0 0 0 0 0 0 0 0 0 0 0 0 0 0 0 0 0 0 0 0 0 0 0 0 0 0 0 0 0 0 0 0 0 0 0 0 0 0 0 0 0 0 0 0 0 0 0 0 0 0 0 0 0 0 0 0 0 0 0 0 0 0 0 0 0 0 0 0 0 0 0 0 0 0 0 0 0 0 0 0 0 0 0 0 0 0 0 0 0 0 0 0 0 0 0 0 0 0 0 0 0 0 0 0 0 0 0 0 0 0 0 0 0 0 0 0 0 0 0 0 0 0 0 0 0 0 0 0 0 0 0 0 0 0 0 0 0 0 0 0 0 0 0 0 0 0 0 0 0 0 0 0 0 0 0 0 0 0 0 0 0 0 0 0 0 0 0 0 0 0 0 0 0 0 0 0 0 0 0 0 0 0 0 0 0 0 0 0 0 0 0 0 0 0 0 0 0 0 0 0 0 0 0 0 0 0 0 0 0 0 0 0 0 0 0 0 0 0 0 0 0 0 0 0 0 0 0 0 0 0 0 0 0 0 0 0 0 0 0 0 0 0 0 0 0 0 0 0 0 0 0 0 0 0 0 0 0 0 0 0 0 0 0 0 0 0 0 0 0 0 0 0 0 0 0 0 0 0 0 0 0 0 0 0 0 0 0 0 0 0 0 0 0 0 0 0 0 0 0 0 0 0 0 0 0 0 0 0 0 0 0 0 0 0 0 0 0 0 0 0 0 0 0 0 0 0 0 0 0 0 0 0 0 0 0 0 0 0 0 0 0 0 0 0 0 0 0 0 0 0 0 0 0 0 0 0 0 0 0 0 0 0 0 0 0 0 0 0 0 0 0 0 0 0 0 0 0 0 0 0 0 0 0 0 0 0 0 0 0 0 0 0 0 0 0 0 0 0 0 0 0 0 0 0 0 0 0 0 0 0 0 0 0 0 0 0 0 0 0 0 0 0 0 0 0 0 0 0 0 0 0 0 0 0 0 0 0 0 0 0 0 0 0 0 0 0 0 0 0 0 0 0 0 0 0 0 0 0 0 0 0 0 0 0 0 0 0 0 0 0 0 0 0 0 0 0 0 0 0 0 0 0 0 0 0 0 0 0 0 0 0 0 0 0 0 0 0 0 0 0 0 0 0 0 0 0 0 0 0 0 0 0 0 0 0 0 0 0 0 0 0 0 0 0 0 0 0 0 0 0 0 0 0 0 0 0 0 0 0 0 0 0 0 0 0 0 0 0 0 0 0 0 0 0 0 0 0 0 0 0 0 0 0 0 0 0 0 0 0 0 0 0 0 0 0 0 0 0 0 0 0 0 0 0 0 0 0 0 0 0 0 0 0 0 0 0 0 0 0 0 0 0 0 0 0 0 0 0 0</float_array>
          <technique_common>
            <accessor source="#Cylinder_010-mesh-map-6-array" count="7812" stride="2">
              <param name="S" type="float"/>
              <param name="T" type="float"/>
            </accessor>
          </technique_common>
        </source>
        <source id="Cylinder_010-mesh-map-7">
          <float_array id="Cylinder_010-mesh-map-7-array" count="15624">0 0 0 0 0 0 0 0 0 0 0 0 0 0 0 0 0 0 0 0 0 0 0 0 0 0 0 0 0 0 0 0 0 0 0 0 0 0 0 0 0 0 0 0 0 0 0 0 0 0 0 0 0 0 0 0 0 0 0 0 0 0 0 0 0 0 0 0 0 0 0 0 0 0 0 0 0 0 0 0 0 0 0 0 0 0 0 0 0 0 0 0 0 0 0 0 0 0 0 0 0 0 0 0 0 0 0 0 0 0 0 0 0 0 0 0 0 0 0 0 0 0 0 0 0 0 0 0 0 0 0 0 0 0 0 0 0 0 0 0 0 0 0 0 0 0 0 0 0 0 0 0 0 0 0 0 0 0 0 0 0 0 0 0 0 0 0 0 0 0 0 0 0 0 0 0 0 0 0 0 0 0 0 0 0 0 0 0 0 0 0 0 0 0 0 0 0 0 0 0 0 0 0 0 0 0 0 0 0 0 0 0 0 0 0 0 0 0 0 0 0 0 0 0 0 0 0 0 0 0 0 0 0 0 0 0 0 0 0 0 0 0 0 0 0 0 0 0 0 0 0 0 0 0 0 0 0 0 0 0 0 0 0 0 0 0 0 0 0 0 0 0 0 0 0 0 0 0 0 0 0 0 0 0 0 0 0 0 0 0 0 0 0 0 0 0 0 0 0 0 0 0 0 0 0 0 0 0 0 0 0 0 0 0 0 0 0 0 0 0 0 0 0 0 0 0 0 0 0 0 0 0 0 0 0 0 0 0 0 0 0 0 0 0 0 0 0 0 0 0 0 0 0 0 0 0 0 0 0 0 0 0 0 0 0 0 0 0 0 0 0 0 0 0 0 0 0 0 0 0 0 0 0 0 0 0 0 0 0 0 0 0 0 0 0 0 0 0 0 0 0 0 0 0 0 0 0 0 0 0 0 0 0 0 0 0 0 0 0 0 0 0 0 0 0 0 0 0 0 0 0 0 0 0 0 0 0 0 0 0 0 0 0 0 0 0 0 0 0 0 0 0 0 0 0 0 0 0 0 0 0 0 0 0 0 0 0 0 0 0 0 0 0 0 0 0 0 0 0 0 0 0 0 0 0 0 0 0 0 0 0 0 0 0 0 0 0 0 0 0 0 0 0 0 0 0 0 0 0 0 0 0 0 0 0 0 0 0 0 0 0 0 0 0 0 0 0 0 0 0 0 0 0 0 0 0 0 0 0 0 0 0 0 0 0 0 0 0 0 0 0 0 0 0 0 0 0 0 0 0 0 0 0 0 0 0 0 0 0 0 0 0 0 0 0 0 0 0 0 0 0 0 0 0 0 0 0 0 0 0 0 0 0 0 0 0 0 0 0 0 0 0 0 0 0 0 0 0 0 0 0 0 0 0 0 0 0 0 0 0 0 0 0 0 0 0 0 0 0 0 0 0 0 0 0 0 0 0 0 0 0 0 0 0 0 0 0 0 0 0 0 0 0 0 0 0 0 0 0 0 0 0 0 0 0 0 0 0 0 0 0 0 0 0 0 0 0 0 0 0 0 0 0 0 0 0 0 0 0 0 0 0 0 0 0 0 0 0 0 0 0 0 0 0 0 0 0 0 0 0 0 0 0 0 0 0 0 0 0 0 0 0 0 0 0 0 0 0 0 0 0 0 0 0 0 0 0 0 0 0 0 0 0 0 0 0 0 0 0 0 0 0 0 0 0 0 0 0 0 0 0 0 0 0 0 0 0 0 0 0 0 0 0 0 0 0 0 0 0 0 0 0 0 0 0 0 0 0 0 0 0 0 0 0 0 0 0 0 0 0 0 0 0 0 0 0 0 0 0 0 0 0 0 0 0 0 0 0 0 0 0 0 0 0 0 0 0 0 0 0 0 0 0 0 0 0 0 0 0 0 0 0 0 0 0 0 0 0 0 0 0 0 0 0 0 0 0 0 0 0 0 0 0 0 0 0 0 0 0 0 0 0 0 0 0 0 0 0 0 0 0 0 0 0 0 0 0 0 0 0 0 0 0 0 0 0 0 0 0 0 0 0 0 0 0 0 0 0 0 0 0 0 0 0 0 0 0 0 0 0 0 0 0 0 0 0 0 0 0 0 0 0 0 0 0 0 0 0 0 0 0 0 0 0 0 0 0 0 0 0 0 0 0 0 0 0 0 0 0 0 0 0 0 0 0 0 0 0 0 0 0 0 0 0 0 0 0 0 0 0 0 0 0 0 0 0 0 0 0 0 0 0 0 0 0 0 0 0 0 0 0 0 0 0 0 0 0 0 0 0 0 0 0 0 0 0 0 0 0 0 0 0 0 0 0 0 0 0 0 0 0 0 0 0 0 0 0 0 0 0 0 0 0 0 0 0 0 0 0 0 0 0 0 0 0 0 0 0 0 0 0 0 0 0 0 0 0 0 0 0 0 0 0 0 0 0 0 0 0 0 0 0 0 0 0 0 0 0 0 0 0 0 0 0 0 0 0 0 0 0 0 0 0 0 0 0 0 0 0 0 0 0 0 0 0 0 0 0 0 0 0 0 0 0 0 0 0 0 0 0 0 0 0 0 0 0 0 0 0 0 0 0 0 0 0 0 0 0 0 0 0 0 0 0 0 0 0 0 0 0 0 0 0 0 0 0 0 0 0 0 0 0 0 0 0 0 0 0 0 0 0 0 0 0 0 0 0 0 0 0 0 0 0 0 0 0 0 0 0 0 0 0 0 0 0 0 0 0 0 0 0 0 0 0 0 0 0 0 0 0 0 0 0 0 0 0 0 0 0 0 0 0 0 0 0 0 0 0 0 0 0 0 0 0 0 0 0 0 0 0 0 0 0 0 0 0 0 0 0 0 0 0 0 0 0 0 0 0 0 0 0 0 0 0 0 0 0 0 0 0 0 0 0 0 0 0 0 0 0 0 0 0 0 0 0 0 0 0 0 0 0 0 0 0 0 0 0 0 0 0 0 0 0 0 0 0 0 0 0 0 0 0 0 0 0 0 0 0 0 0 0 0 0 0 0 0 0 0 0 0 0 0 0 0 0 0 0 0 0 0 0 0 0 0 0 0 0 0 0 0 0 0 0 0 0 0 0 0 0 0 0 0 0 0 0 0 0 0 0 0 0 0 0 0 0 0 0 0 0 0 0 0 0 0 0 0 0 0 0 0 0 0 0 0 0 0 0 0 0 0 0 0 0 0 0 0 0 0 0 0 0 0 0 0 0 0 0 0 0 0 0 0 0 0 0 0 0 0 0 0 0 0 0 0 0 0 0 0 0 0 0 0 0 0 0 0 0 0 0 0 0 0 0 0 0 0 0 0 0 0 0 0 0 0 0 0 0 0 0 0 0 0 0 0 0 0 0 0 0 0 0 0 0 0 0 0 0 0 0 0 0 0 0 0 0 0 0 0 0 0 0 0 0 0 0 0 0 0 0 0 0 0 0 0 0 0 0 0 0 0 0 0 0 0 0 0 0 0 0 0 0 0 0 0 0 0 0 0 0 0 0 0 0 0 0 0 0 0 0 0 0 0 0 0 0 0 0 0 0 0 0 0 0 0 0 0 0 0 0 0 0 0 0 0 0 0 0 0 0 0 0 0 0 0 0 0 0 0 0 0 0 0 0 0 0 0 0 0 0 0 0 0 0 0 0 0 0 0 0 0 0 0 0 0 0 0 0 0 0 0 0 0 0 0 0 0 0 0 0 0 0 0 0 0 0 0 0 0 0 0 0 0 0 0 0 0 0 0 0 0 0 0 0 0 0 0 0 0 0 0 0 0 0 0 0 0 0 0 0 0 0 0 0 0 0 0 0 0 0 0 0 0 0 0 0 0 0 0 0 0 0 0 0 0 0 0 0 0 0 0 0 0 0 0 0 0 0 0 0 0 0 0 0 0 0 0 0 0 0 0 0 0 0 0 0 0 0 0 0 0 0 0 0 0 0 0 0 0 0 0 0 0 0 0 0 0 0 0 0 0 0 0 0 0 0 0 0 0 0 0 0 0 0 0 0 0 0 0 0 0 0 0 0 0 0 0 0 0 0 0 0 0 0 0 0 0 0 0 0 0 0 0 0 0 0 0 0 0 0 0 0 0 0 0 0 0 0 0 0 0 0 0 0 0 0 0 0 0 0 0 0 0 0 0 0 0 0 0 0 0 0 0 0 0 0 0 0 0 0 0 0 0 0 0 0 0 0 0 0 0 0 0 0 0 0 0 0 0 0 0 0 0 0 0 0 0 0 0 0 0 0 0 0 0 0 0 0 0 0 0 0 0 0 0 0 0 0 0 0 0 0 0 0 0 0 0 0 0 0 0 0 0 0 0 0 0 0 0 0 0 0 0 0 0 0 0 0 0 0 0 0 0 0 0 0 0 0 0 0 0 0 0 0 0 0 0 0 0 0 0 0 0 0 0 0 0 0 0 0 0 0 0 0 0 0 0 0 0 0 0 0 0 0 0 0 0 0 0 0 0 0 0 0 0 0 0 0 0 0 0 0 0 0 0 0 0 0 0 0 0 0 0 0 0 0 0 0 0 0 0 0 0 0 0 0 0 0 0 0 0 0 0 0 0 0 0 0 0 0 0 0 0 0 0 0 0 0 0 0 0 0 0 0 0 0 0 0 0 0 0 0 0 0 0 0 0 0 0 0 0 0 0 0 0 0 0 0 0 0 0 0 0 0 0 0 0 0 0 0 0 0 0 0 0 0 0 0 0 0 0 0 0 0 0 0 0 0 0 0 0 0 0 0 0 0 0 0 0 0 0 0 0 0 0 0 0 0 0 0 0 0 0 0 0 0 0 0 0 0 0 0 0 0 0 0 0 0 0 0 0 0 0 0 0 0 0 0 0 0 0 0 0 0 0 0 0 0 0 0 0 0 0 0 0 0 0 0 0 0 0 0 0 0 0 0 0 0 0 0 0 0 0 0 0 0 0 0 0 0 0 0 0 0 0 0 0 0 0 0 0 0 0 0 0 0 0 0 0 0 0 0 0 0 0 0 0 0 0 0 0 0 0 0 0 0 0 0 0 0 0 0 0 0 0 0 0 0 0 0 0 0 0 0 0 0 0 0 0 0 0 0 0 0 0 0 0 0 0 0 0 0 0 0 0 0 0 0 0 0 0 0 0 0 0 0 0 0 0 0 0 0 0 0 0 0 0 0 0 0 0 0 0 0 0 0 0 0 0 0 0 0 0 0 0 0 0 0 0 0 0 0 0 0 0 0 0 0 0 0 0 0 0 0 0 0 0 0 0 0 0 0 0 0 0 0 0 0 0 0 0 0 0 0 0 0 0 0 0 0 0 0 0 0 0 0 0 0 0 0 0 0 0 0 0 0 0 0 0 0 0 0 0 0 0 0 0 0 0 0 0 0 0 0 0 0 0 0 0 0 0 0 0 0 0 0 0 0 0 0 0 0 0 0 0 0 0 0 0 0 0 0 0 0 0 0 0 0 0 0 0 0 0 0 0 0 0 0 0 0 0 0 0 0 0 0 0 0 0 0 0 0 0 0 0 0 0 0 0 0 0 0 0 0 0 0 0 0 0 0 0 0 0 0 0 0 0 0 0 0 0 0 0 0 0 0 0 0 0 0 0 0 0 0 0 0 0 0 0 0 0 0 0 0 0 0 0 0 0 0 0 0 0 0 0 0 0 0 0 0 0 0 0 0 0 0 0 0 0 0 0 0 0 0 0 0 0 0 0 0 0 0 0 0 0 0 0 0 0 0 0 0 0 0 0 0 0 0 0 0 0 0 0 0 0 0 0 0 0 0 0 0 0 0 0 0 0 0 0 0 0 0 0 0 0 0 0 0 0 0 0 0 0 0 0 0 0 0 0 0 0 0 0 0 0 0 0 0 0 0 0 0 0 0 0 0 0 0 0 0 0 0 0 0 0 0 0 0 0 0 0 0 0 0 0 0 0 0 0 0 0 0 0 0 0 0 0 0 0 0 0 0 0 0 0 0 0 0 0 0 0 0 0 0 0 0 0 0 0 0 0 0 0 0 0 0 0 0 0 0 0 0 0 0 0 0 0 0 0 0 0 0 0 0 0 0 0 0 0 0 0 0 0 0 0 0 0 0 0 0 0 0 0 0 0 0 0 0 0 0 0 0 0 0 0 0 0 0 0 0 0 0 0 0 0 0 0 0 0 0 0 0 0 0 0 0 0 0 0 0 0 0 0 0 0 0 0 0 0 0 0 0 0 0 0 0 0 0 0 0 0 0 0 0 0 0 0 0 0 0 0 0 0 0 0 0 0 0 0 0 0 0 0 0 0 0 0 0 0 0 0 0 0 0 0 0 0 0 0 0 0 0 0 0 0 0 0 0 0 0 0 0 0 0 0 0 0 0 0 0 0 0 0 0 0 0 0 0 0 0 0 0 0 0 0 0 0 0 0 0 0 0 0 0 0 0 0 0 0 0 0 0 0 0 0 0 0 0 0 0 0 0 0 0 0 0 0 0 0 0 0 0 0 0 0 0 0 0 0 0 0 0 0 0 0 0 0 0 0 0 0 0 0 0 0 0 0 0 0 0 0 0 0 0 0 0 0 0 0 0 0 0 0 0 0 0 0 0 0 0 0 0 0 0 0 0 0 0 0 0 0 0 0 0 0 0 0 0 0 0 0 0 0 0 0 0 0 0 0 0 0 0 0 0 0 0 0 0 0 0 0 0 0 0 0 0 0 0 0 0 0 0 0 0 0 0 0 0 0 0 0 0 0 0 0 0 0 0 0 0 0 0 0 0 0 0 0 0 0 0 0 0 0 0 0 0 0 0 0 0 0 0 0 0 0 0 0 0 0 0 0 0 0 0 0 0 0 0 0 0 0 0 0 0 0 0 0 0 0 0 0 0 0 0 0 0 0 0 0 0 0 0 0 0 0 0 0 0 0 0 0 0 0 0 0 0 0 0 0 0 0 0 0 0 0 0 0 0 0 0 0 0 0 0 0 0 0 0 0 0 0 0 0 0 0 0 0 0 0 0 0 0 0 0 0 0 0 0 0 0 0 0 0 0 0 0 0 0 0 0 0 0 0 0 0 0 0 0 0 0 0 0 0 0 0 0 0 0 0 0 0 0 0 0 0 0 0 0 0 0 0 0 0 0 0 0 0 0 0 0 0 0 0 0 0 0 0 0 0 0 0 0 0 0 0 0 0 0 0 0 0 0 0 0 0 0 0 0 0 0 0 0 0 0 0 0 0 0 0 0 0 0 0 0 0 0 0 0 0 0 0 0 0 0 0 0 0 0 0 0 0 0 0 0 0 0 0 0 0 0 0 0 0 0 0 0 0 0 0 0 0 0 0 0 0 0 0 0 0 0 0 0 0 0 0 0 0 0 0 0 0 0 0 0 0 0 0 0 0 0 0 0 0 0 0 0 0 0 0 0 0 0 0 0 0 0 0 0 0 0 0 0 0 0 0 0 0 0 0 0 0 0 0 0 0 0 0 0 0 0 0 0 0 0 0 0 0 0 0 0 0 0 0 0 0 0 0 0 0 0 0 0 0 0 0 0 0 0 0 0 0 0 0 0 0 0 0 0 0 0 0 0 0 0 0 0 0 0 0 0 0 0 0 0 0 0 0 0 0 0 0 0 0 0 0 0 0 0 0 0 0 0 0 0 0 0 0 0 0 0 0 0 0 0 0 0 0 0 0 0 0 0 0 0 0 0 0 0 0 0 0 0 0 0 0 0 0 0 0 0 0 0 0 0 0 0 0 0 0 0 0 0 0 0 0 0 0 0 0 0 0 0 0 0 0 0 0 0 0 0 0 0 0 0 0 0 0 0 0 0 0 0 0 0 0 0 0 0 0 0 0 0 0 0 0 0 0 0 0 0 0 0 0 0 0 0 0 0 0 0 0 0 0 0 0 0 0 0 0 0 0 0 0 0 0 0 0 0 0 0 0 0 0 0 0 0 0 0 0 0 0 0 0 0 0 0 0 0 0 0 0 0 0 0 0 0 0 0 0 0 0 0 0 0 0 0 0 0 0 0 0 0 0 0 0 0 0 0 0 0 0 0 0 0 0 0 0 0 0 0 0 0 0 0 0 0 0 0 0 0 0 0 0 0 0 0 0 0 0 0 0 0 0 0 0 0 0 0 0 0 0 0 0 0 0 0 0 0 0 0 0 0 0 0 0 0 0 0 0 0 0 0 0 0 0 0 0 0 0 0 0 0 0 0 0 0 0 0 0 0 0 0 0 0 0 0 0 0 0 0 0 0 0 0 0 0 0 0 0 0 0 0 0 0 0 0 0 0 0 0 0 0 0 0 0 0 0 0 0 0 0 0 0 0 0 0 0 0 0 0 0 0 0 0 0 0 0 0 0 0 0 0 0 0 0 0 0 0 0 0 0 0 0 0 0 0 0 0 0 0 0 0 0 0 0 0 0 0 0 0 0 0 0 0 0 0 0 0 0 0 0 0 0 0 0 0 0 0 0 0 0 0 0 0 0 0 0 0 0 0 0 0 0 0 0 0 0 0 0 0 0 0 0 0 0 0 0 0 0 0 0 0 0 0 0 0 0 0 0 0 0 0 0 0 0 0 0 0 0 0 0 0 0 0 0 0 0 0 0 0 0 0 0 0 0 0 0 0 0 0 0 0 0 0 0 0 0 0 0 0 0 0 0 0 0 0 0 0 0 0 0 0 0 0 0 0 0 0 0 0 0 0 0 0 0 0 0 0 0 0 0 0 0 0 0 0 0 0 0 0 0 0 0 0 0 0 0 0 0 0 0 0 0 0 0 0 0 0 0 0 0 0 0 0 0 0 0 0 0 0 0 0 0 0 0 0 0 0 0 0 0 0 0 0 0 0 0 0 0 0 0 0 0 0 0 0 0 0 0 0 0 0 0 0 0 0 0 0 0 0 0 0 0 0 0 0 0 0 0 0 0 0 0 0 0 0 0 0 0 0 0 0 0 0 0 0 0 0 0 0 0 0 0 0 0 0 0 0 0 0 0 0 0 0 0 0 0 0 0 0 0 0 0 0 0 0 0 0 0 0 0 0 0 0 0 0 0 0 0 0 0 0 0 0 0 0 0 0 0 0 0 0 0 0 0 0 0 0 0 0 0 0 0 0 0 0 0 0 0 0 0 0 0 0 0 0 0 0 0 0 0 0 0 0 0 0 0 0 0 0 0 0 0 0 0 0 0 0 0 0 0 0 0 0 0 0 0 0 0 0 0 0 0 0 0 0 0 0 0 0 0 0 0 0 0 0 0 0 0 0 0 0 0 0 0 0 0 0 0 0 0 0 0 0 0 0 0 0 0 0 0 0 0 0 0 0 0 0 0 0 0 0 0 0 0 0 0 0 0 0 0 0 0 0 0 0 0 0 0 0 0 0 0 0 0 0 0 0 0 0 0 0 0 0 0 0 0 0 0 0 0 0 0 0 0 0 0 0 0 0 0 0 0 0 0 0 0 0 0 0 0 0 0 0 0 0 0 0 0 0 0 0 0 0 0 0 0 0 0 0 0 0 0 0 0 0 0 0 0 0 0 0 0 0 0 0 0 0 0 0 0 0 0 0 0 0 0 0 0 0 0 0 0 0 0 0 0 0 0 0 0 0 0 0 0 0 0 0 0 0 0 0 0 0 0 0 0 0 0 0 0 0 0 0 0 0 0 0 0 0 0 0 0 0 0 0 0 0 0 0 0 0 0 0 0 0 0 0 0 0 0 0 0 0 0 0 0 0 0 0 0 0 0 0 0 0 0 0 0 0 0 0 0 0 0 0 0 0 0 0 0 0 0 0 0 0 0 0 0 0 0 0 0 0 0 0 0 0 0 0 0 0 0 0 0 0 0 0 0 0 0 0 0 0 0 0 0 0 0 0 0 0 0 0 0 0 0 0 0 0 0 0 0 0 0 0 0 0 0 0 0 0 0 0 0 0 0 0 0 0 0 0 0 0 0 0 0 0 0 0 0 0 0 0 0 0 0 0 0 0 0 0 0 0 0 0 0 0 0 0 0 0 0 0 0 0 0 0 0 0 0 0 0 0 0 0 0 0 0 0 0 0 0 0 0 0 0 0 0 0 0 0 0 0 0 0 0 0 0 0 0 0 0 0 0 0 0 0 0 0 0 0 0 0 0 0 0 0 0 0 0 0 0 0 0 0 0 0 0 0 0 0 0 0 0 0 0 0 0 0 0 0 0 0 0 0 0 0 0 0 0 0 0 0 0 0 0 0 0 0 0 0 0 0 0 0 0 0 0 0 0 0 0 0 0 0 0 0 0 0 0 0 0 0 0 0 0 0 0 0 0 0 0 0 0 0 0 0 0 0 0 0 0 0 0 0 0 0 0 0 0 0 0 0 0 0 0 0 0 0 0 0 0 0 0 0 0 0 0 0 0 0 0 0 0 0 0 0 0 0 0 0 0 0 0 0 0 0 0 0 0 0 0 0 0 0 0 0 0 0 0 0 0 0 0 0 0 0 0 0 0 0 0 0 0 0 0 0 0 0 0 0 0 0 0 0 0 0 0 0 0 0 0 0 0 0 0 0 0 0 0 0 0 0 0 0 0 0 0 0 0 0 0 0 0 0 0 0 0 0 0 0 0 0 0 0 0 0 0 0 0 0 0 0 0 0 0 0 0 0 0 0 0 0 0 0 0 0 0 0 0 0 0 0 0 0 0 0 0 0 0 0 0 0 0 0 0 0 0 0 0 0 0 0 0 0 0 0 0 0 0 0 0 0 0 0 0 0 0 0 0 0 0 0 0 0 0 0 0 0 0 0 0 0 0 0 0 0 0 0 0 0 0 0 0 0 0 0 0 0 0 0 0 0 0 0 0 0 0 0 0 0 0 0 0 0 0 0 0 0 0 0 0 0 0 0 0 0 0 0 0 0 0 0 0 0 0 0 0 0 0 0 0 0 0 0 0 0 0 0 0 0 0 0 0 0 0 0 0 0 0 0 0 0 0 0 0 0 0 0 0 0 0 0 0 0 0 0 0 0 0 0 0 0 0 0 0 0 0 0 0 0 0 0 0 0 0 0 0 0 0 0 0 0 0 0 0 0 0 0 0 0 0 0 0 0 0 0 0 0 0 0 0 0 0 0 0 0 0 0 0 0 0 0 0 0 0 0 0 0 0 0 0 0 0 0 0 0 0 0 0 0 0 0 0 0 0 0 0 0 0 0 0 0 0 0 0 0 0 0 0 0 0 0 0 0 0 0 0 0 0 0 0 0 0 0 0 0 0 0 0 0 0 0 0 0 0 0 0 0 0 0 0 0 0 0 0 0 0 0 0 0 0 0 0 0 0 0 0 0 0 0 0 0 0 0 0 0 0 0 0 0 0 0 0 0 0 0 0 0 0 0 0 0 0 0 0 0 0 0 0 0 0 0 0 0 0 0 0 0 0 0 0 0 0 0 0 0 0 0 0 0 0 0 0 0 0 0 0 0 0 0 0 0 0 0 0 0 0 0 0 0 0 0 0 0 0 0 0 0 0 0 0 0 0 0 0 0 0 0 0 0 0 0 0 0 0 0 0 0 0 0 0 0 0 0 0 0 0 0 0 0 0 0 0 0 0 0 0 0 0 0 0 0 0 0 0 0 0 0 0 0 0 0 0 0 0 0 0 0 0 0 0 0 0 0 0 0 0 0 0 0 0 0 0 0 0 0 0 0 0 0 0 0 0 0 0 0 0 0 0 0 0 0 0 0 0 0 0 0 0 0 0 0 0 0 0 0 0 0 0 0 0 0 0 0 0 0 0 1 1 0.96875 0.5 1 0.5 0.96875 1 0.9375 0.5 0.96875 0.5 0.9375 1 0.90625 0.5 0.9375 0.5 0.90625 1 0.8750001 0.5 0.90625 0.5 0.8750001 1 0.84375 0.5 0.8750001 0.5 0.84375 1 0.8125 0.5 0.84375 0.5 0.8125 1 0.78125 0.5 0.8125 0.5 0.78125 1 0.75 0.5 0.78125 0.5 0.75 1 0.71875 0.5 0.75 0.5 0.71875 1 0.6875 0.5 0.71875 0.5 0.6875 1 0.65625 0.5 0.6875 0.5 0.65625 1 0.625 0.5 0.65625 0.5 0.625 1 0.59375 0.5 0.625 0.5 0.59375 1 0.5625 0.5 0.59375 0.5 0.5625 1 0.53125 0.5 0.5625 0.5 0.53125 1 0.5 0.5 0.53125 0.5 0.5 1 0.46875 0.5 0.5 0.5 0.46875 1 0.4375 0.5 0.46875 0.5 0.4375 1 0.40625 0.5 0.4375 0.5 0.40625 1 0.375 0.5 0.40625 0.5 0.375 1 0.34375 0.5 0.375 0.5 0.34375 1 0.3125 0.5 0.34375 0.5 0.3125 1 0.28125 0.5 0.3125 0.5 0.28125 1 0.25 0.5 0.28125 0.5 0.25 1 0.21875 0.5 0.25 0.5 0.21875 1 0.1875 0.5 0.21875 0.5 0.1875 1 0.15625 0.5 0.1875 0.5 0.15625 1 0.125 0.5 0.15625 0.5 0.125 1 0.09375 0.5 0.125 0.5 0.09375 1 0.0625 0.5 0.09375 0.5 0.02826893 0.341844 0.1581559 0.02826887 0.4717311 0.1581559 0.0625 1 0.03125 0.5 0.0625 0.5 0.03125 1 0 0.5 0.03125 0.5 0.9853885 0.2968217 0.7968217 0.01461148 0.5146116 0.2031783 1 1 0.96875 1 0.96875 0.5 0.96875 1 0.9375 1 0.9375 0.5 0.9375 1 0.90625 1 0.90625 0.5 0.90625 1 0.8750001 1 0.8750001 0.5 0.8750001 1 0.84375 1 0.84375 0.5 0.84375 1 0.8125 1 0.8125 0.5 0.8125 1 0.78125 1 0.78125 0.5 0.78125 1 0.75 1 0.75 0.5 0.75 1 0.71875 1 0.71875 0.5 0.71875 1 0.6875 1 0.6875 0.5 0.6875 1 0.65625 1 0.65625 0.5 0.65625 1 0.625 1 0.625 0.5 0.625 1 0.59375 1 0.59375 0.5 0.59375 1 0.5625 1 0.5625 0.5 0.5625 1 0.53125 1 0.53125 0.5 0.53125 1 0.5 1 0.5 0.5 0.5 1 0.46875 1 0.46875 0.5 0.46875 1 0.4375 1 0.4375 0.5 0.4375 1 0.40625 1 0.40625 0.5 0.40625 1 0.375 1 0.375 0.5 0.375 1 0.34375 1 0.34375 0.5 0.34375 1 0.3125 1 0.3125 0.5 0.3125 1 0.28125 1 0.28125 0.5 0.28125 1 0.25 1 0.25 0.5 0.25 1 0.21875 1 0.21875 0.5 0.21875 1 0.1875 1 0.1875 0.5 0.1875 1 0.15625 1 0.15625 0.5 0.15625 1 0.125 1 0.125 0.5 0.125 1 0.09375 1 0.09375 0.5 0.09375 1 0.0625 1 0.0625 0.5 0.341844 0.4717311 0.2968217 0.4853885 0.1581559 0.4717311 0.2968217 0.4853885 0.25 0.49 0.1581559 0.4717311 0.25 0.49 0.2031783 0.4853885 0.1581559 0.4717311 0.1581559 0.4717311 0.116663 0.4495527 0.08029431 0.4197056 0.08029431 0.4197056 0.0504471 0.3833368 0.1581559 0.4717311 0.0504471 0.3833368 0.02826893 0.341844 0.1581559 0.4717311 0.02826893 0.341844 0.01461154 0.2968217 0.00999999 0.25 0.00999999 0.25 0.01461154 0.2031783 0.02826887 0.1581559 0.02826887 0.1581559 0.05044728 0.116663 0.08029437 0.08029437 0.08029437 0.08029437 0.116663 0.05044728 0.1581559 0.02826887 0.1581559 0.02826887 0.2031783 0.01461148 0.25 0.00999999 0.25 0.00999999 0.2968217 0.01461148 0.341844 0.02826887 0.341844 0.02826887 0.3833369 0.05044728 0.4197056 0.08029437 0.4197056 0.08029437 0.4495527 0.116663 0.4717311 0.1581559 0.4717311 0.1581559 0.4853885 0.2031783 0.49 0.25 0.49 0.25 0.4853885 0.2968217 0.4717311 0.341844 0.4717311 0.341844 0.4495527 0.3833369 0.4197056 0.4197056 0.4197056 0.4197056 0.3833369 0.4495527 0.341844 0.4717311 0.02826893 0.341844 0.00999999 0.25 0.1581559 0.02826887 0.00999999 0.25 0.02826887 0.1581559 0.1581559 0.02826887 0.02826887 0.1581559 0.08029437 0.08029437 0.1581559 0.02826887 0.1581559 0.02826887 0.25 0.00999999 0.341844 0.02826887 0.341844 0.02826887 0.4197056 0.08029437 0.1581559 0.02826887 0.4197056 0.08029437 0.4717311 0.1581559 0.1581559 0.02826887 0.4717311 0.1581559 0.49 0.25 0.341844 0.4717311 0.49 0.25 0.4717311 0.341844 0.341844 0.4717311 0.4717311 0.341844 0.4197056 0.4197056 0.341844 0.4717311 0.341844 0.4717311 0.1581559 0.4717311 0.02826893 0.341844 0.341844 0.4717311 0.02826893 0.341844 0.4717311 0.1581559 0.0625 1 0.03125 1 0.03125 0.5 0.03125 1 0 1 0 0.5 0.7031784 0.4853885 0.75 0.49 0.7968217 0.4853885 0.7968217 0.4853885 0.841844 0.4717311 0.8833369 0.4495527 0.8833369 0.4495527 0.9197056 0.4197056 0.9495527 0.3833369 0.9495527 0.3833369 0.9717311 0.341844 0.9853885 0.2968217 0.9853885 0.2968217 0.99 0.25 0.9853885 0.2031783 0.9853885 0.2031783 0.9717311 0.1581559 0.9495527 0.116663 0.9495527 0.116663 0.9197056 0.08029437 0.8833369 0.05044728 0.8833369 0.05044728 0.841844 0.02826887 0.7968217 0.01461148 0.7968217 0.01461148 0.75 0.00999999 0.7031784 0.01461148 0.7031784 0.01461148 0.658156 0.02826887 0.6166631 0.05044728 0.6166631 0.05044728 0.5802944 0.08029437 0.5504474 0.116663 0.5504474 0.116663 0.5282689 0.1581559 0.5146116 0.2031783 0.5146116 0.2031783 0.51 0.25 0.5146116 0.2968217 0.5146116 0.2968217 0.5282689 0.341844 0.5146116 0.2031783 0.5282689 0.341844 0.5504473 0.3833368 0.5146116 0.2031783 0.5504473 0.3833368 0.5802944 0.4197056 0.7031784 0.4853885 0.5802944 0.4197056 0.6166631 0.4495527 0.7031784 0.4853885 0.6166631 0.4495527 0.658156 0.4717311 0.7031784 0.4853885 0.7031784 0.4853885 0.7968217 0.4853885 0.9853885 0.2968217 0.7968217 0.4853885 0.8833369 0.4495527 0.9853885 0.2968217 0.8833369 0.4495527 0.9495527 0.3833369 0.9853885 0.2968217 0.9853885 0.2968217 0.9853885 0.2031783 0.9495527 0.116663 0.9495527 0.116663 0.8833369 0.05044728 0.9853885 0.2968217 0.8833369 0.05044728 0.7968217 0.01461148 0.9853885 0.2968217 0.7968217 0.01461148 0.7031784 0.01461148 0.5146116 0.2031783 0.7031784 0.01461148 0.6166631 0.05044728 0.5146116 0.2031783 0.6166631 0.05044728 0.5504474 0.116663 0.5146116 0.2031783 0.5146116 0.2031783 0.5504473 0.3833368 0.7031784 0.4853885 0.7031784 0.4853885 0.9853885 0.2968217 0.5146116 0.2031783 0 0 0 0 0 0 0 0 0 0 0 0 0 0 0 0 0 0 0 0 0 0 0 0 0 0 0 0 0 0 0 0 0 0 0 0 0 0 0 0 0 0 0 0 0 0 0 0 0 0 0 0 0 0 0 0 0 0 0 0 0 0 0 0 0 0 0 0 0 0 0 0 0 0 0 0 0 0 0 0 0 0 0 0 0 0 0 0 0 0 0 0 0 0 0 0 0 0 0 0 0 0 0 0 0 0 0 0 0 0 0 0 0 0 0 0 0 0 0 0 0 0 0 0 0 0 0 0 0 0 0 0 0 0 0 0 0 0 0 0 0 0 0 0 0 0 0 0 0 0 0 0 0 0 0 0 0 0 0 0 0 0 0 0 0 0 0 0 0 0 0 0 0 0 0 0 0 0 0 0 0 0 0 0 0 0 0 0 0 0 0 0 0 0 0 0 0 0 0 0 0 0 0 0 0 0 0 0 0 0 0 0 0 0 0 0 0 0 0 0 0 0 0 0 0 0 0 0 0 0 0 0 0 0 0 0 0 0 0 0 0 0 0 0 0 0 0 0 0 0 0 0 0 0 0 0 0 0 0 0 0 0 0 0 0 0 0 0 0 0 0 0 0 0 0 0 0 0 0 0 0 0 0 0 0 0 0 0 0 0 0 0 0 0 0 0 0 0 0 0 0 0 0 0 0 0 0 0 0 0 0 0 0 0 0 0 0 0 0 0 0 0 0 0 0 0 0 0 0 0 0 0 0 0 0 0 0 0 0 0 0 0 0 0 0 0 0 0 0 0 0 0 0 0 0 0 0 0 0 0 0 0 0 0 0 0 0 0 0 0 0 0 0 0 0 0 0 0 0 0 0 0 0 0 0 0 0 0 0 0 0 0 0 0 0 0 0 0 0 0 0 0 0 0 0 0 0 0 0 0 0 0 0 0 0 0 0 0 0 0 0 0 0 0 0 0 0 0 0 0 0 0 0 0 0 0 0 0 0 0 0 0 0 0 0 0 0 0 0 0 0 0 0 0 0 0 0 0 0 0 0 0 0 0 0 0 0 0 0 0 0 0 0 0 0 0 0 0 0 0 0 0 0 0 0 0 0 0 0 0 0 0 0 0 0 0 0 0 0 0 0 0 0 0 0 0 0 0 0 0 0 0 0 0 0 0 0 0 0 0 0 0 0 0 0 0 0 0 0 0 0 0 0 0 0 0 0 0 0 0 0 0 0 0 0 0 0 0 0 0 0 0 0 0 0 0 0 0 0 0 0 0 0 0 0 0 0 0 0 0 0 0 0 0 0 0 0 0 0 0 0 0 0 0 0 0 0 0 0 0 0 0 0 0 0 0 0 0 0 0 0 0 0 0 0 0 0 0 0 0 0 0 0 0 0 0 0 0 0 0 0 0 0 0 0 0 0 0 0 0 0 0 0 0 0 0 0 0 0 0 0 0 0 0 0 0 0 0 0 0 0 0 0 0 0 0 0 0 0 0 0 0 0 0 0 0 0 0 0 0 0 0 0 0 0 0 0 0 0 0 0 0 0 0 0 0 0 0 0 0 0 0 0 0 0 0 0 0 0 0 0 0 0 0 0 0 0 0 0 0 0 0 0 0 0 0 0 0 0 0 0 0 0 0 0 0 0 0 0 0 0 0 0 0 0 0 0 0 0 0 0 0 0 0 0 0 0 0 0 0 0 0 0 0 0 0 0 0 0 0 0 0 0 0 0 0 0 0 0 0 0 0 0 0 0 0 0 0 0 0 0 0 0 0 0 0 0 0 0 0 0 0 0 0 0 0 0 0 0 0 0 0 0 0 0 0 0 0 0 0 0 0 0 0 0 0 0 0 0 0 0 0 0 0 0 0 0 0 0 0 0 0 0 0 0 0 0 0 0 0 0 0 0 0 0 0 0 0 0 0 0 0 0 0 0 0 0 0 0 0 0 0 0 0 0 0 0 0 0 0 0 0 0 0 0 0 0 0 0 0 0 0 0 0 0 0 0 0 0 0 0 0 0 0 0 0 0 0 0 0 0 0 0 0 0 0 0 0 0 0 0 0 0 0 0 0 0 0 0 0 0 0 0 0 0 0 0 0 0 0 0 0 0 0 0 0 0 0 0 0 0 0 0 0 0 0 0 0 0 0 0 0 0 0 0 0 0 0 0 0 0 0 0 0 0 0 0 0 0 0 0 0 0 0 0 0 0 0 0 0 0 0 0 0 0 0 0 0 0 0 0 0 0 0 0 0 0 0 0 0 0 0 0 0 0 0 0 0 0 0 0 0 0 0 0 0 0 0 0 0 0 0 0 0 0 0 0 0 0 0 0 0 0 0 0 0 0 0 0 0 0 0 0 0 0 0 0 0 0 0 0 0 0 0 0 0 0 0 0 0 0 0 0 0 0 0 0 0 0 0 0 0 0 0 0 0 0 0 0 0 0 0 0 0 0 0 0 0 0 0 0 0 0 0 0 0 0 0 0 0 0 0 0 0 0 0 0 0 0 0 0 0 0 0 0 0 0 0 0 0 0 0 0 0 0 0 0 0 0 0 0 0 0 0 0 0 0 0 0 0 0 0 0 0 0 0 0 0 0 0 0 0 0 0 0 0 0 0 0 0 0 0 0 0 0 0 0 0 0 0 0 0 0 0 0 0 0 0 0 0 0 0 0 0 0 0 0 0 0 0 0 0 0 0 0 0 0 0 0 0 0 0 0 0 0 0 0 0 0 0 0 0 0 0 0 0 0 0 0 0 0 0 0 0 0 0 0 0 0 0 0 0 0 0 0 0 0 0 0 0 0 0 0 0 0 0 0 0 0 0 0 0 0 0 0 0 0 0 0 0 0 0 0 0 0 0 0 0 0 0 0 0 0 0 0 0 0 0 0 0 0 0 0 0 0 0 0 0 0 0 0 0 0 0 0 0 0 0 0 0 0 0 0 0 0 0 0 0 0 0 0 0 0 0 0 0 0 0 0 0 0 0 0 0 0 0 0 0 0 0 0 0 0 0 0 0 0 0 0 0 0 0 0 0 0 0 0 0 0 0 0 0 0 0 0 0 0 0 0 0 0 0 0 0 0 0 0 0 0 0 0 0 0 0 0 0 0 0 0 0 0 0 0 0 0 0 0 0 0 0 0 0 0 0 0 0 0 0 0 0 0 0 0 0 0 0 0 0 0 0 0 0 0 0 0 0 0 0 0 0 0 0 0 0 0 0 0 0 0 0 0 0 0 0 0 0 0 0 0 0 0 0 0 0 0 0 0 0 0 0 0 0 0 0 0 0 0 0 0 0 0 0 0 0 0 0 0 0 0 0 0 0 0 0 0 0 0 0 0 0 0 0 0 0 0 0 0 0 0 0 0 0 0 0 0 0 0 0 0 0 0 0 0 0 0 0 0 0 0 0 0 0 0 0 0 0 0 0 0 0 0 0 0 0 0 0 0 0 0 0 0 0 0 0 0 0 0 0 0 0 0 0 0 0 0 0 0 0 0 0 0 0 0 0 0 0 0 0 0 0 0 0 0 0 0 0 0 0 0 0 0 0 0 0 0 0 0 0 0 0 0 0 0 0 0 0 0 0 0 0 0 0 0 0 0 0 0 0 0 0 0 0 0 0 0 0 0 0 0 0 0 0 0 0 0 0 0 0 0 0 0 0 0 0 0 0 0 0 0 0 0 0 0 0 0 0 0 0 0 0 0 0 0 0 0 0 0 0 0 0 0 0 0 0 0 0 0 0 0 0 0 0 0 0 0 0 0 0 0 0 0 0 0 0 0 0 0 0 0 0 0 0 0 0 0 0 0 0 0 0 0 0 0 0 0 0 0 0 0 0 0 0 0 0 0 0 0 0 0 0 0 0 0 0 0 0 0 0 0 0 0 0 0 0 0 0 0 0 0 0 0 0 0 0 0 0 0 0 0 0 0 0 0 0 0 0 0 0 0 0 0 0 0 0 0 0 0 0 0 0 0 0 0 0 0 0 0 0 0 0 0 0 0 0 0 0 0 0 0 0 0 0 0 0 0 0 0 0 0 0 0 0 0 0 0 0 0 0 0 0 0 0 0 0 0 0 0 0 0 0 0 0 0 0 0 0 0 0 0 0 0 0 0 0 0 0 0 0 0 0 0 0 0 0 0 0 0 0 0 0 0 0 0 0 0 0 0 0 0 0 0 0 0 0 0 0 0 0 0 0 0 0 0 0 0 0 0 0 0 0 0 0 0 0 0 0 0 0 0 0 0 0 0 0 0 0 0 0 0 0 0 0 0 0 0 0 0 0 0 0 0 0 0 0 0 0 0 0 0 0 0 0 0 0 0 0 0 0 0 0 0 0 0 0 0 0 0 0 0 0 0 0 0 0 0 0 0 0 0 0 0 0 0 0 0 0 0 0 0 0 0 0 0 0 0 0 0 0 0 0 0 0 0 0 0 0 0 0 0 0 0 0 0 0 0 0 0 0 0 0 0 0 0 0 0 0 0 0 0 0 0 0 0 0 0 0 0 0 0 0 0 0 0 0 0 0 0 0 0 0 0 0 0 0 0 0 0 0 0 0 0 0 0 0 0 0 0 0 0 0 0 0 0 0 0 0 0 0 0 0 0 0 0 0 0 0 0 0 0 0 0 0 0 0 0 0 0 0 0 0 0 0 0 0 0 0 0 0 0 0 0 0 0 0 0 0 0 0 0 0 0 0 0 0 0 0 0 0 0 0 0 0 0 0 0 0 0 0 0 0 0 0 0 0 0 0 0 0 0 0 0 0 0 0 0 0 0 0 0 0 0 0 0 0 0 0 0 0 0 0 0 0 0 0 0 0 0 0 0 0 0 0 0 0 0 0 0 0 0 0 0 0 0 0 0 0 0 0 0 0 0 0 0 0 0 0 0 0 0 0 0 0 0 0 0 0 0 0 0 0 0 0 0 0 0 0 0 0 0 0 0 0 0 0 0 0 0 0 0 0 0 0 0 0 0 0 0 0 0 0 0 0 0 0 0 0 0 0 0 0 0 0 0 0 0 0 0 0 0 0 0 0 0 0 0 0 0 0 0 0 0 0 0 0 0 0 0 0 0 0 0 0 0 0 0 0 0 0 0 0 0 0 0 0 0 0 0 0 0 0 0 0 0 0 0 0 0 0 0 0 0 0 0 0 0 0 0 0 0 0 0 0 0 0 0 0 0 0 0 0 0 0 0 0 0 0 0 0 0 0 0 0 0 0 0 0 0 0 0 0 0 0 0 0 0 0 0 0 0 0 0 0 0 0 0 0 0 0 0 0 0 0 0 0 0 0 0 0 0 0 0 0 0 0 0 0 0 0 0 0 0 0 0 0 0 0 0 0 0 0 0 0 0 0 0 0 0 0 0 0 0 0 0 0 0 0 0 0 0 0 0 0 0 0 0 0 0 0 0 0 0 0 0 0 0 0 0 0 0 0 0 0 0 0 0 0 0 0 0 0 0 0 0 0 0 0 0 0 0 0 0 0 0 0 0 0 0 0 0 0 0 0 0 0 0 0 0 0 0 0 0 0 0 0 0 0 0 0 0 0 0 0 0 0 0 0 0 0 0 0 0 0 0 0 0 0 0 0 0 0 0 0 0 0 0 0 0 0 0 0 0 0 0 0 0 0 0 0 0 0 0 0 0 0 0 0 0 0 0 0 0 0 0 0 0 0 0 0 0 0 0 0 0 0 0 0 0 0 0 0 0 0 0 0 0 0 0 0 0 0 0 0 0 0 0 0 0 0 0 0 0 0 0 0 0 0 0 0 0 0 0 0 0 0 0 0 0 0 0 0 0 0 0 0 0 0 0 0 0 0 0 0 0 0 0 0 0 0 0 0 0 0 0 0 0 0 0 0 0 0 0 0 0 0 0 0 0 0 0 0 0 0 0 0 0 0 0 0 0 0 0 0 0 0 0 0 0 0 0 0 0 0 0 0 0 0 0 0 0 0 0 0 0 0 0 0 0 0 0 0 0 0 0 0 0 0 0 0 0 0 0 0 0 0 0 0 0 0 0 0 0 0 0 0 0 0 0 0 0 0 0 0 0 0 0 0 0 0 0 0 0 0 0 0 0 0 0 0 0 0 0 0 0 0 0 0 0 0 0 0 0 0 0 0 0 0 0 0 0 0 0 0 0 0 0 0 0 0 0 0 0 0 0 0 0 0 0 0 0 0 0 0 0 0 0 0 0 0 0 0 0 0 0 0 0 0 0 0 0 0 0 0 0 0 0 0 0 0 0 0 0 0 0 0 0 0 0 0 0 0 0 0 0 0 0 0 0 0 0 0 0 0 0 0 0 0 0 0 0 0 0 0 0 0 0 0 0 0 0 0 0 0 0 0 0 0 0 0 0 0 0 0 0 0 0 0 0 0 0 0 0 0 0 0 0 0 0 0 0 0 0 0 0 0 0 0 0 0 0 0 0 0 0 0 0 0 0 0 0 0 0 0 0 0 0 0 0 0 0 0 0 0 0 0 0 0 0 0 0 0 0 0 0 0 0 0 0 0 0 0 0 0 0 0 0 0 0 0 0 0 0 0 0 0 0 0 0 0 0 0 0 0 0 0 0 0 0 0 0 0 0 0 0 0 0 0 0 0 0 0 0 0 0 0 0 0 0 0 0 0 0 0 0 0 0 0 0 0 0 0 0 0 0 0 0 0 0 0 0 0 0 0 0 0 0 0 0 0 0 0 0 0 0 0 0 0 0 0 0 0 0 0 0 0 0 0 0 0 0 0 0 0 0 0 0 0 0 0 0 0 0 0 0 0 0 0 0 0 0 0 0 0 0 0 0 0 0 0 0 0 0 0 0 0 0 0 0 0 0 0 0 0 0 0 0 0 0 0 0 0 0 0 0 0 0 0 0 0 0 0 0 0 0 0 0 0 0 0 0 0 0 0 0 0 0 0 0 0 0 0 0 0 0 0 0 0 0 0 0 0 0 0 0 0 0 0 0 0 0 0 0 0 0 0 0 0 0 0 0 0 0 0 0 0 0 0 0 0 0 0 0 0 0 0 0 0 0 0 0 0 0 0 0 0 0 0 0 0 0 0 0 0 0 0 0 0 0 0 0 0 0 0 0 0 0 0 0 0 0 0 0 0 0 0 0 0 0 0 0 0 0 0 0 0 0 0 0 0 0 0 0 0 0 0 0 0 0 0 0 0 0 0 0 0 0 0 0 0 0 0 0 0 0 0 0 0 0 0 0 0 0 0 0 0 0 0 0 0 0 0 0 0 0 0 0 0 0 0 0 0 0 0 0 0 0 0 0 0 0 0 0 0 0 0 0 0 0 0 0 0 0 0 0 0 0 0 0 0 0 0 0 0 0 0 0 0 0 0 0 0 0 0 0 0 0 0 0 0 0 0 0 0 0 0 0 0 0 0 0 0 0 0 0 0 0 0 0 0 0 0 0 0 0 0 0 0 0 0 0 0 0 0 0 0 0 0 0 0 0 0 0 0 0 0 0 0 0 0 0 0 0 0 0 0 0 0 0 0 0 0 0 0 0 0 0 0 0 0 0 0 0 0 0 0 0 0 0 0 0 0 0 0 0 0 0 0 0 0 0 0 0 0 0 0 0 0 0 0 0 0 0 0 0 0 0 0 0 0 0 0 0 0 0 0 0 0 0 0 0 0 0 0 0 0 0 0 0 0 0 0 0 0 0 0 0 0 0 0 0 0 0 0 0 0 0 0 0 0 0 0 0 0 0 0 0 0 0 0 0 0 0 0 0 0 0 0 0 0 0 0 0 0 0 0 0 0 0 0 0 0 0 0 0 0 0 0 0 0 0 0 0 0 0 0 0 0 0 0 0 0 0 0 0 0 0 0 0 0 0 0 0 0 0 0 0 0 0 0 0 0 0 0 0 0 0 0 0 0 0 0 0 0 0 0 0 0 0 0 0 0 0 0 0 0 0 0 0 0 0 0 0 0 0 0 0 0 0 0 0 0 0 0 0 0 0 0 0 0 0 0 0 0 0 0 0 0 0 0 0 0 0 0 0 0 0 0 0 0 0 0 0 0 0 0 0 0 0 0 0 0 0 0 0 0 0 0 0 0 0 0 0 0 0 0 0 0 0 0 0 0 0 0 0 0 0 0 0 0 0 0 0 0 0 0 0 0 0 0 0 0 0 0 0 0 0 0 0 0 0 0 0 0 0 0 0 0 0 0 0 0 0 0 0 0 0 0 0 0 0 0 0 0 0 0 0 0 0 0 0 0 0 0 0 0 0 0 0 0 0 0 0 0 0 0 0 0 0 0 0 0 0 0 0 0 0 0 0 0 0 0 0 0 0 0 0 0 0 0 0 0 0 0 0 0 0 0 0 0 0 0 0 0 0 0 0 0 0 0 0 0 0 0 0 0 0 0 0 0 0 0 0 0 0 0 0 0 0 0 0 0 0 0 0 0 0 0 0 0 0 0 0 0 0 0 0 0 0 0 0 0 0 0 0 0 0 0 0 0 0 0 0 0 0 0 0 0 0 0 0 0 0 0 0 0 0 0 0 0 0 0 0 0 0 0 0 0 0 0 0 0 0 0 0 0 0 0 0 0 0 0 0 0 0 0 0 0 0 0 0 0 0 0 0 0 0 0 0 0 0 0 0 0 0 0 0 0 0 0 0 0 0 0 0 0 0 0 0 0 0 0 0 0 0 0 0 0 0 0 0 0 0 0 0 0 0 0 0 0 0 0 0 0 0 0 0 0 0 0 0 0 0 0 0 0 0 0 0 0 0 0 0 0 0 0 0 0 0 0 0 0 0 0 0 0 0 0 0 0 0 0 0 0 0 0 0 0 0 0 0 0 0 0 0 0 0 0 0 0 0 0 0 0 0 0 0 0 0 0 0 0 0 0 0 0 0 0 0 0 0 0 0 0 0 0 0 0 0 0 0 0 0 0 0 0 0 0 0 0 0 0 0 0 0 0 0 0 0 0 0 0 0 0 0 0 0 0 0 0 0 0 0 0 0 0 0 0 0 0 0 0 0 0 0 0 0 0 0 0 0 0 0 0 0 0 0 0 0 0 0 0 0 0 0 0 0 0 0 0 0 0 0 0 0 0 0 0 0 0 0 0 0 0 0 0 0 0 0 0 0 0 0 0 0 0 0 0 0 0 0 0 0 0 0 0 0 0 0 0 0 0 0 0 0 0 0 0 0 0 0 0 0 0 0 0 0 0 0 0 0 0 0 0 0 0 0 0 0 0 0 0 0 0 0 0 0 0 0 0 0 0 0 0 0 0 0 0 0 0 0 0 0 0 0 0 0 0 0 0 0 0 0 0 0 0 0 0 0 0 0 0 0 0 0 0 0 0 0 0 0 0 0 0 0 0 0 0 0 0 0 0 0 0 0 0 0 0 0 0 0 0 0 0 0 0 0 0 0 0 0 0 0 0 0 0 0 0 0 0 0 0 0 0 0 0 0 0 0 0 0 0 0 0 0 0 0 0 0 0 0 0 0 0 0 0 0 0 0 0 0 0 0 0 0 0 0 0 0 0 0 0 0 0 0 0 0 0 0 0 0 0 0 0 0 0 0 0 0 0 0 0 0 0 0 0 0 0 0 0 0 0 0 0 0 0 0 0 0 0 0 0 0 0 0 0 0 0 0 0 0 0 0 0 0 0 0 0 0 0 0 0 0 0 0 0 0 0 0 0 0 0 0 0 0 0 0 0 0 0 0 0 0 0 0 0 0 0 0 0 0 0 0 0 0 0 0 0 0 0 0 0 0 0 0 0 0 0 0 0 0 0 0 0 0 0 0 0 0 0 0 0 0 0 0 0 0 0 0 0 0 0 0 0 0 0 0 0 0 0 0 0 0 0 0 0 0 0 0 0 0 0 0 0 0 0 0 0 0 0 0 0 0 0 0 0 0 0 0 0 0 0 0 0 0 0 0 0 0 0 0 0 0 0 0 0 0 0 0 0 0 0 0 0 0 0 0 0 0 0 0 0 0 0 0 0 0 0 0 0 0 0 0 0 0 0 0 0 0 0 0 0 0 0 0 0 0 0 0 0 0 0 0 0 0 0 0 0 0 0 0 0 0 0 0 0 0 0 0 0 0 0 0 0 0 0 0 0 0 0 0 0 0 0 0 0 0 0 0 0 0 0 0 0 0 0 0 0 0 0 0 0 0 0 0 0 0 0 0 0 0 0 0 0 0 0 0 0 0 0 0 0 0 0 0 0 0 0 0 0 0 0 0 0 0 0 0 0 0 0 0 0 0 0 0 0 0 0 0 0 0 0 0 0 0 0 0 0 0 0 0 0 0 0 0 0 0 0 0 0 0 0 0 0 0 0 0 0 0 0 0 0 0 0 0 0 0 0 0 0 0 0 0 0 0 0 0 0 0 0 0 0 0 0 0 0 0 0 0 0 0 0 0 0 0 0 0 0 0 0 0 0 0 0 0 0 0 0 0 0 0 0 0 0 0 0 0 0 0 0 0 0 0 0 0 0 0 0 0 0 0 0 0 0 0 0 0 0 0 0 0 0 0 0 0 0 0 0 0 0 0 0 0 0 0 0 0 0 0 0 0 0 0 0 0 0 0 0 0 0 0 0 0 0 0 0 0 0 0 0 0 0 0 0 0 0 0 0 0 0 0 0 0 0 0 0 0 0 0 0 0 0 0 0 0 0 0 0 0 0 0 0 0 0 0 0 0 0 0 0 0 0 0 0 0 0 0 0 0 0 0 0 0 0 0 0 0 0 0 0 0 0 0 0 0 0 0 0 0 0 0 0 0 0 0 0 0 0 0 0 0 0 0 0 0 0 0 0 0 0 0 0 0 0 0 0 0 0 0 0 0 0 0 0 0 0 0 0 0 0 0 0 0 0 0 0 0 0 0 0 0 0 0 0 0 0 0 0 0 0 0 0 0 0 0 0 0 0 0 0 0 0 0 0 0 0 0 0 0 0 0 0 0 0 0 0 0 0 0 0 0 0 0 0 0 0 0 0 0 0 0 0 0 0 0 0 0 0 0 0 0 0 0 0 0 0 0 0 0 0 0 0 0 0 0 0 0 0 0 0 0 0 0 0 0 0 0 0 0 0 0 0 0 0 0 0 0 0 0 0 0 0 0 0 0 0 0 0 0 0 0 0 0 0 0 0 0 0 0 0 0 0 0 0 0 0 0 0 0 0 0 0 0 0 0 0 0 0 0 0 0 0 0 0 0 0 0 0 0 0 0 0 0 0 0 0 0 0 0 0 0 0 0 0 0 0 0 0 0 0 0 0 0 0 0 0 0 0 0 0 0 0 0 0 0 0 0 0 0 0 0 0 0 0 0 0 0 0 0 0 0 0 0 0 0 0 0 0 0 0 0 0 0 0 0 0 0 0 0 0 0 0 0 0 0 0 0 0 0 0 0 0 0 0 0 0 0 0 0 0 0 0 0 0 0 0 0 0 0 0 0 0 0 0 0 0 0 0 0 0 0 0 0 0 0 0 0 0 0 0 0 0 0 0 0 0 0 0 0 0 0 0 0 0 0 0 0 0 0 0 0 0 0 0 0 0 0 0 0 0 0 0 0 0 0 0 0 0 0 0 0 0 0 0 0 0 0 0 0 0 0 0 0 0 0 0 0 0 0 0 0 0 0 0 0 0 0 0 0 0 0 0 0 0 0 0 0 0 0 0 0 0 0 0 0 0 0 0 0 0 0 0 0 0 0 0 0 0 0 0 0 0 0 0 0 0 0 0 0 0 0 0 0 0 0 0 0 0 0 0 0 0 0 0 0 0 0 0 0 0 0 0 0 0 0 0 0 0 0 0 0 0 0 0 0 0 0 0 0 0 0 0 0 0 0 0 0 0 0 0 0 0 0 0 0 0 0 0 0 0 0 0 0 0 0 0 0 0 0 0 0 0 0 0 0 0 0 0 0 0 0 0 0 0 0 0 0 0 0 0 0 0 0 0 0 0 0 0 0 0 0 0 0 0 0 0 0 0 0 0 0 0 0 0 0 0 0 0 0 0 0 0 0 0 0 0 0 0 0 0 0 0 0 0 0 0 0 0 0 0 0 0 0 0 0 0 0 0 0 0 0 0 0 0 0 0 0 0 0 0 0 0 0 0 0 0 0 0 0 0 0 0 0 0 0 0 0 0 0 0 0 0 0 0 0 0 0 0 0 0 0 0 0 0 0 0 0 0 0 0 0 0 0 0 0 0 0 0 0 0 0 0 0 0 0 0 0 0 0 0 0 0 0 0 0 0 0 0 0 0 0 0 0 0 0 0 0 0 0 0 0 0 0 0 0 0 0 0 0 0 0 0 0 0 0 0 0 0 0 0 0 0 0 0 0 0 0 0 0 0 0 0 0 0 0 0 0 0 0 0 0 0 0 0 0 0 0 0 0 0 0 0 0 0 0 0 0 0 0 0 0 0 0 0 0 0 0 0 0 0 0 0 0 0 0 0 0 0 0 0 0 0 0 0 0 0 0 0 0 0 0 0 0 0 0 0 0 0 0 0 0 0 0 0 0 0 0 0 0 0 0 0 0 0 0 0 0 0 0 0 0 0 0 0 0 0 0 0 0 0 0 0 0 0 0 0 0 0 0 0 0 0 0 0 0 0 0 0 0 0 0 0 0 0 0 0 0 0 0 0 0 0 0 0 0 0 0 0 0 0 0 0 0 0 0 0 0 0 0 0 0 0 0 0 0 0 0 0 0 0 0 0 0 0 0 0 0 0 0 0 0 0 0 0 0 0 0 0 0 0 0 0 0 0 0 0 0 0 0 0 0 0 0 0 0 0 0 0 0 0 0 0 0 0 0 0 0 0 0 0 0 0 0 0 0 0 0 0 0 0 0 0 0 0 0 0 0 0 0 0 0 0 0 0 0 0 0 0 0 0 0 0 0 0 0 0 0 0 0 0 0 0 0 0 0 0 0 0 0 0 0 0 0 0 0 0 0 0 0 0 0 0 0 0 0 0 0 0 0 0 0 0 0 0 0 0 0 0 0 0 0 0 0 0 0 0 0 0 0 0 0 0 0 0 0 0 0 0 0 0 0 0 0 0 0 0 0 0 0 0 0 0 0 0 0 0 0 0 0 0 0 0 0 0 0 0 0 0 0 0 0 0 0 0 0 0 0 0 0 0 0 0 0 0 0 0 0 0 0 0 0 0 0 0 0 0 0 0 0 0 0 0 0 0 0 0 0 0 0 0 0 0 0 0 0 0 0 0 0 0 0 0 0 0 0 0 0 0 0 0 0 0 0 0 0 0 0 0 0 0 0 0 0 0 0 0 0 0 0 0 0 0 0 0 0 0 0 0 0 0 0 0 0 0 0 0 0 0 0 0 0 0 0 0 0 0 0 0 0 0 0 0 0 0 0 0 0 0 0 0 0 0 0 0 0 0 0 0 0 0 0 0 0 0 0 0 0 0 0 0 0 0 0 0 0 0 0 0 0 0 0 0 0 0 0 0 0 0 0 0 0 0 0 0 0 0 0 0 0 0 0 0 0 0 0 0 0 0 0 0 0 0 0 0 0 0 0 0 0 0 0 0 0 0 0 0 0 0 0 0 0 0 0 0 0 0 0 0 0 0 0 0 0 0 0 0 0 0 0 0 0 0 0 0 0 0 0 0 0 0 0 0 0 0 0 0 0 0 0 0 0 0 0 0 0 0 0 0 0 0 0 0 0 0 0 0 0 0 0 0 0 0 0 0 0 0 0 0 0 0 0 0 0 0 0 0 0 0 0 0 0 0 0 0 0 0 0 0 0 0 0 0 0 0 0 0 0 0 0 0 0 0 0 0 0 0 0 0 0 0 0 0 0 0 0 0 0 0 0 0 0 0 0 0 0 0 0 0 0 0 0 0 0 0 0 0 0 0 0 0 0 0 0 0 0 0 0 0 0 0 0 0 0 0 0 0 0 0 0 0 0 0 0 0 0 0 0 0 0 0 0 0 0 0 0 0 0 0 0 0 0 0 0 0 0 0 0 0 0 0 0 0 0 0 0 0 0 0 0 0 0 0 0 0 0 0 0 0 0 0 0 0 0 0 0 0 0 0 0 0 0 0 0 0 0 0 0 0 0 0 0 0 0 0 0 0 0 0 0 0 0 0 0 0 0 0 0 0 0 0 0 0 0 0 0 0 0 0 0 0 0 0 0 0 0 0 0 0 0 0 0 0 0 0 0 0 0 0 0 0 0 0 0 0 0 0 0 0 0 0 0 0 0 0 0 0 0 0 0 0 0 0 0 0 0 0 0 0 0 0 0 0 0 0 0 0 0 0 0 0 0 0 0 0 0 0 0 0 0 0 0 0 0 0 0 0 0 0 0 0 0 0 0 0 0 0 0 0 0 0 0 0 0 0 0 0 0 0 0 0 0 0 0 0 0 0 0 0 0 0 0 0 0 0 0 0 0 0 0 0 0 0 0 0 0 0 0 0 0 0 0 0 0 0 0 0 0 0 0 0 0 0 0 0 0 0 0 0 0 0 0 0 0 0 0 0 0 0 0 0 0 0 0 0 0 0 0 0 0 0 0 0 0 0 0 0 0 0 0 0 0 0 0 0 0 0 0 0 0 0 0 0 0 0 0 0 0 0 0 0 0 0 0 0 0 0 0 0 0 0 0 0 0 0 0 0 0 0 0 0 0 0 0 0 0 0 0 0 0 0 0 0 0 0 0 0 0 0 0 0 0 0 0 0 0 0 0 0 0 0 0 0 0 0 0 0 0 0 0 0 0 0 0 0 0 0 0 0 0 0 0 0 0 0 0 0 0 0 0 0 0 0 0 0 0 0 0 0 0 0 0 0 0 0 0 0 0 0 0 0 0 0 0 0 0 0 0 0 0 0 0 0 0 0 0 0 0 0 0 0 0 0 0 0 0 0 0 0 0 0 0 0 0 0 0 0 0 0 0 0 0 0 0 0 0 0 0 0 0 0 0 0 0 0 0 0 0 0 0 0 0 0 0 0 0 0 0 0 0 0 0 0 0 0 0 0 0 0 0 0 0 0 0 0 0 0 0 0 0 0 0 0 0 0 0 0 0 0 0 0 0 0 0 0 0 0 0 0 0 0 0 0 0 0 0 0 0 0 0 0 0 0 0 0 0 0 0 0 0 0 0 0 0 0 0 0 0 0 0 0 0 0 0 0 0 0 0 0 0 0 0 0 0 0 0 0 0 0 0 0 0 0 0 0 0 0 0 0 0 0 0 0 0 0 0 0 0 0 0 0 0 0 0 0 0 0 0 0 0 0 0 0 0 0 0 0 0 0 0 0 0 0 0 0 0 0 0 0 0 0 0 0 0 0 0 0 0 0 0 0 0 0 0 0 0 0 0 0 0 0 0 0 0 0 0 0 0 0 0 0 0 0 0 0 0 0 0 0 0 0 0 0 0 0 0 0 0 0 0 0 0 0 0 0 0 0 0 0 0 0 0 0 0 0 0 0 0 0 0 0 0 0 0 0 0 0 0 0 0 0 0 0 0 0 0 0 0 0 0 0 0 0 0 0 0 0 0 0 0 0 0 0 0 0 0 0 0 0 0 0 0 0 0 0 0 0 0 0 0 0 0 0 0 0 0 0 0 0 0 0 0 0 0 0 0 0 0 0 0 0 0 0 0 0 0 0 0 0 0 0 0 0 0 0 0 0 0 0 0 0 0 0 0 0 0 0 0 0 0 0 0 0 0 0 0 0 0 0 0 0 0 0 0 0 0 0 0 0 0 0 0 0 0 0 0 0 0 0 0 0 0 0 0 0 0 0 0 0 0 0 0 0 0 0 0 0 0 0 0 0 0 0 0 0 0 0 0 0 0 0 0 0 0 0 0 0 0 0 0 0 0 0 0 0 0 0 0 0 0 0 0 0 0 0 0 0 0 0 0 0 0 0 0 0 0 0 0 0 0 0 0 0 0 0 0 0 0 0 0 0 0 0 0 0 0 0 0 0 0 0 0 0 0 0 0 0 0 0 0 0 0 0 0 0 0 0 0 0 0 0 0 0 0 0 0 0 0 0 0 0 0 0 0 0 0 0 0 0 0 0 0 0 0 0 0 0 0 0 0 0 0 0 0 0 0 0 0 0 0 0 0 0 0 0 0 0 0 0 0 0 0 0 0 0 0 0 0 0 0 0 0 0 0 0 0 0 0 0 0 0 0 0 0 0 0 0 0 0 0 0 0 0 0 0 0 0 0 0 0 0 0 0 0 0 0 0 0 0 0 0 0 0 0 0 0 0 0 0 0 0 0 0 0 0 0 0 0 0 0 0 0 0 0 0 0 0 0 0 0 0 0 0 0 0 0 0 0 0 0 0 0 0 0 0 0 0 0 0 0 0 0 0 0 0 0 0 0 0 0 0 0 0 0 0 0 0 0 0 0 0 0 0 0 0 0 0 0 0 0 0 0 0 0 0 0 0 0 0 0 0 0 0 0 0 0 0 0 0 0 0 0 0 0 0 0 0 0 0 0 0 0 0 0 0 0 0 0 0 0 0 0 0 0 0 0 0 0 0 0 0 0 0 0 0 0 0 0 0 0 0 0 0 0 0 0 0 0 0 0 0 0 0 0 0 0 0 0 0 0 0 0 0 0 0 0 0 0 0 0 0 0 0 0 0 0 0 0 0 0 0 0 0 0 0 0 0 0 0 0 0 0 0 0 0 0 0 0 0 0 0 0 0 0 0 0 0 0 0 0 0 0 0 0 0 0 0 0 0 0 0 0 0 0 0 0 0 0 0 0 0 0 0 0 0 0 0 0 0 0 0 0 0 0 0 0 0 0 0 0 0 0 0 0 0 0 0 0 0 0 0 0 0 0 0 0 0 0 0 0 0 0 0 0 0 0 0 0 0 0 0 0 0 0 0 0 0 0 0 0 0 0 0 0 0 0 0 0 0 0 0 0 0 0 0 0 0 0 0 0 0 0 0 0 0 0 0 0 0 0 0 0 0 0 0 0 0 0 0 0 0 0 0 0 0 0 0 0 0 0 0 0 0 0 0 0 0 0 0 0 0 0 0 0 0 0 0 0 0 0 0 0 0 0 0 0 0 0 0 0 0 0 0 0 0 0 0 0 0 0 0 0 0 0 0 0 0 0 0 0 0 0 0 0 0 0 0 0 0 0 0 0 0 0 0 0 0 0 0 0 0 0 0 0 0 0 0 0 0 0 0 0 0 0 0 0 0 0 0 0 0 0 0 0 0 0 0 0 0 0 0 0 0 0 0 0 0 0 0 0 0 0 0 0 0 0 0 0 0 0 0 0 0 0 0 0 0 0 0 0 0 0 0 0 0 0 0 0 0 0 0 0 0 0 0 0 0 0 0 0 0 0 0 0 0 0 0 0 0 0 0 0 0 0 0 0 0 0 0 0 0 0 0 0 0 0 0 0 0 0 0 0 0 0 0 0 0 0 0 0 0 0 0 0 0 0 0 0 0 0 0 0 0 0 0 0 0 0 0 0 0 0 0 0 0 0 0 0 0 0 0 0 0 0 0 0 0 0 0 0 0 0 0 0 0 0 0 0 0 0 0 0 0 0 0 0 0 0 0 0 0 0 0 0 0 0 0 0 0 0 0 0 0 0 0 0 0 0 0 0 0 0 0 0 0 0 0 0 0 0 0 0 0 0 0 0 0 0 0 0 0 0 0 0 0 0 0 0 0 0 0 0 0 0 0 0 0 0 0 0 0 0 0 0 0 0 0 0 0 0 0 0 0 0 0 0 0 0 0 0 0 0 0 0 0 0 0 0 0 0 0 0 0 0 0 0 0 0 0 0 0 0 0 0 0 0 0 0 0 0 0 0 0 0 0 0 0 0 0 0 0 0 0 0 0 0 0 0 0 0 0 0 0 0 0 0 0 0 0 0 0 0 0 0 0 0 0 0 0 0 0 0 0 0 0 0 0 0 0 0 0 0 0 0 0 0 0 0 0 0 0 0 0 0 0 0 0 0 0 0 0 0 0 0 0 0 0 0 0 0 0 0 0 0 0 0 0 0 0 0 0 0 0 0 0 0 0 0 0 0 0 0 0 0 0 0 0 0 0 0 0 0 0 0 0 0 0 0 0 0 0 0 0 0 0 0 0 0 0 0 0 0 0 0 0 0 0 0 0 0 0 0 0 0 0 0 0 0 0 0 0 0 0 0 0 0 0 0 0 0 0 0 0 0 0 0 0 0 0 0 0 0 0 0 0 0 0 0 0 0 0 0 0 0 0 0 0 0 0 0 0 0 0 0 0 0 0 0 0 0 0 0 0 0 0 0 0 0 0 0 0 0 0 0 0 0 0 0 0 0 0 0 0 0 0 0 0 0 0 0 0 0 0 0 0 0 0 0 0 0 0 0 0 0 0 0 0 0 0 0 0 0 0 0 0 0 0 0 0 0 0 0 0 0 0 0 0 0 0 0 0 0 0 0 0 0 0 0 0 0 0 0 0 0 0 0 0 0 0 0 0 0 0 0 0 0 0 0 0 0 0 0 0 0 0 0 0 0 0 0 0 0 0 0 0 0 0 0 0 0 0 0 0 0 0 0 0 0 0 0 0 0 0 0 0 0 0 0 0 0 0 0 0 0 0 0 0 0 0 0 0 0 0 0 0 0 0 0 0 0 0 0 0 0 0 0 0 0 0 0 0 0 0 0 0 0 0 0 0 0 0 0 0 0 0 0 0 0 0 0 0 0 0 0 0 0 0 0 0 0 0 0 0 0 0 0 0 0 0 0 0 0 0 0 0 0 0 0 0 0 0 0 0 0 0 0 0 0 0 0 0 0 0 0 0 0 0 0 0 0 0 0 0 0 0 0 0 0 0 0 0 0 0 0 0 0 0 0 0 0 0 0 0 0 0 0 0 0 0 0 0 0 0 0 0 0 0 0 0 0 0 0 0 0 0 0 0 0 0 0 0 0 0 0 0 0 0 0 0 0 0 0 0 0 0 0 0 0 0 0 0 0 0 0 0 0 0 0 0 0 0 0 0 0 0 0 0 0 0 0 0 0 0 0 0 0 0 0 0 0 0 0 0 0 0 0 0 0 0 0 0 0 0 0 0 0 0 0 0 0 0 0 0 0 0 0 0 0 0 0 0 0 0 0 0 0 0 0 0 0 0 0 0 0 0 0 0 0 0 0 0 0 0 0 0 0 0 0 0 0 0 0 0 0 0 0 0 0 0 0 0 0 0 0 0 0 0 0 0 0 0 0 0 0 0 0 0 0 0 0 0 0 0 0 0 0 0 0 0 0 0 0 0 0 0 0 0 0 0 0 0 0 0 0 0 0 0 0 0 0 0 0 0 0 0 0 0 0 0 0 0 0 0 0 0 0 0 0 0 0 0 0 0 0 0 0 0 0 0 0 0 0 0 0 0 0 0 0 0 0 0 0 0 0 0 0 0 0 0 0 0 0 0 0 0 0 0 0 0 0 0 0 0 0 0 0 0 0 0 0 0 0 0 0 0 0 0 0 0 0 0 0 0 0 0 0 0 0 0 0 0 0 0 0 0 0 0 0 0 0 0 0 0 0 0 0 0 0 0 0 0 0 0 0 0 0 0 0 0 0 0 0 0 0 0 0 0 0 0 0 0 0 0 0 0 0 0 0 0 0 0 0 0 0 0 0 0 0 0 0 0 0 0 0 0 0 0 0 0 0 0 0 0 0 0 0 0 0 0 0 0 0 0 0 0 0 0 0 0 0 0 0 0 0 0 0 0 0 0 0 0 0 0 0 0 0 0 0 0 0 0 0 0 0 0 0 0 0 0 0 0 0 0 0 0 0 0 0 0 0 0 0 0 0 0 0 0 0 0 0 0 0 0 0 0 0 0 0 0 0 0 0 0 0 0 0 0 0 0 0 0 0 0 0 0 0 0 0 0 0 0 0 0 0 0 0 0 0 0 0 0 0 0 0 0 0 0 0 0 0 0 0 0 0 0 0 0 0 0 0 0 0 0 0 0 0 0 0 0 0 0 0 0 0 0 0 0 0 0 0 0 0 0 0 0 0 0 0 0 0 0 0 0 0 0 0 0 0 0 0 0 0 0 0 0 0 0 0 0 0 0 0 0 0 0 0 0 0 0 0 0 0 0 0 0 0 0 0 0 0 0 0 0 0 0 0 0 0 0 0 0 0 0 0 0 0 0 0 0 0 0 0 0 0 0 0 0 0 0 0 0 0 0 0 0 0 0 0 0 0 0 0 0 0 0 0 0 0 0 0 0 0 0 0 0 0 0 0 0 0 0 0 0 0 0 0 0 0 0 0 0 0 0 0 0 0 0 0 0 0 0 0 0 0 0 0 0 0 0 0 0 0 0 0 0 0 0 0 0 0 0 0 0 0 0 0 0 0 0 0 0 0 0 0 0 0 0 0 0 0 0 0 0 0 0 0 0 0 0 0 0 0 0 0 0 0 0 0 0 0 0 0 0 0 0 0 0 0 0 0 0 0 0 0 0 0 0 0 0 0 0 0 0 0 0 0 0 0 0 0 0 0 0 0 0 0 0 0 0 0 0 0 0 0 0 0 0 0 0 0 0 0 0 0 0 0 0 0 0 0 0 0 0 0 0 0 0 0 0 0 0 0 0 0 0 0 0 0 0 0 0 0 0 0 0 0 0 0 0 0 0 0 0 0 0 0 0 0 0 0 0 0 0 0 0 0 0 0 0 0 0 0 0 0 0 0 0 0 0 0 0 0 0 0 0 0 0 0 0 0 0 0 0 0 0 0 0 0 0 0 0 0 0 0 0 0 0 0 0 0 0 0 0 0 0 0 0 0 0 0 0 0 0 0 0 0 0 0 0 0 0 0 0 0 0 0 0 0 0 0 0 0 0 0 0 0 0 0 0 0 0 0 0 0 0 0 0 0 0 0 0 0 0 0 0 0 0 0 0 0 0 0 0 0 0 0 0 0 0 0 0 0 0 0 0 0 0 0 0 0 0 0 0 0 0 0 0 0 0 0 0 0 0 0 0 0 0 0 0 0 0 0 0 0 0 0 0 0 0 0 0 0 0 0 0 0 0 0 0 0 0 0 0 0 0 0 0 0 0 0 0 0 0 0 0 0 0 0 0 0 0 0 0 0 0 0 0 0 0 0 0 0 0 0 0 0 0 0 0 0 0 0 0 0 0 0 0 0 0 0 0 0 0 0 0 0 0 0 0 0 0 0 0 0 0 0 0 0 0 0 0 0 0 0 0 0 0 0 0 0 0 0 0 0 0 0 0 0 0 0 0 0 0 0 0 0 0 0 0 0 0 0 0 0 0 0 0 0 0 0 0 0 0 0 0 0 0 0 0 0 0 0 0 0 0 0 0 0 0 0 0 0 0 0 0 0 0 0 0 0 0 0 0 0 0 0 0 0 0 0 0 0 0 0 0 0 0 0 0 0 0 0 0 0 0 0 0 0 0 0 0 0 0 0 0 0 0 0 0 0 0 0 0 0 0 0 0 0 0 0 0 0 0 0 0 0 0 0 0 0 0 0 0 0 0 0 0 0 0 0 0 0 0 0 0 0 0 0 0 0 0 0 0 0 0 0 0 0 0 0 0 0 0 0 0 0 0 0 0 0 0 0 0 0 0 0 0 0 0 0 0 0 0 0 0 0 0 0 0 0 0 0 0 0 0 0 0 0 0 0 0 0 0 0 0 0 0 0 0 0 0 0 0 0 0 0 0 0 0 0 0 0 0 0 0 0 0 0 0 0 0 0 0 0 0 0 0 0 0 0 0 0 0 0 0 0 0 0 0 0 0 0 0 0 0 0 0 0 0 0 0 0 0 0 0 0 0 0 0 0 0 0 0 0 0 0 0 0 0 0 0 0 0 0 0</float_array>
          <technique_common>
            <accessor source="#Cylinder_010-mesh-map-7-array" count="7812" stride="2">
              <param name="S" type="float"/>
              <param name="T" type="float"/>
            </accessor>
          </technique_common>
        </source>
        <vertices id="Cylinder_010-mesh-vertices">
          <input semantic="POSITION" source="#Cylinder_010-mesh-positions"/>
        </vertices>
        <triangles material="Material_016-material" count="124">
          <input semantic="VERTEX" source="#Cylinder_010-mesh-vertices" offset="0"/>
          <input semantic="NORMAL" source="#Cylinder_010-mesh-normals" offset="1"/>
          <input semantic="TEXCOORD" source="#Cylinder_010-mesh-map-0" offset="2" set="0"/>
          <input semantic="TEXCOORD" source="#Cylinder_010-mesh-map-1" offset="2" set="1"/>
          <input semantic="TEXCOORD" source="#Cylinder_010-mesh-map-2" offset="2" set="2"/>
          <input semantic="TEXCOORD" source="#Cylinder_010-mesh-map-3" offset="2" set="3"/>
          <input semantic="TEXCOORD" source="#Cylinder_010-mesh-map-4" offset="2" set="4"/>
          <input semantic="TEXCOORD" source="#Cylinder_010-mesh-map-5" offset="2" set="5"/>
          <input semantic="TEXCOORD" source="#Cylinder_010-mesh-map-6" offset="2" set="6"/>
          <input semantic="TEXCOORD" source="#Cylinder_010-mesh-map-7" offset="2" set="7"/>
          <p>1 0 0 2 0 1 0 0 2 3 1 3 4 1 4 2 1 5 5 2 6 6 2 7 4 2 8 7 3 9 8 3 10 6 3 11 9 4 12 10 4 13 8 4 14 11 5 15 12 5 16 10 5 17 13 6 18 14 6 19 12 6 20 15 7 21 16 7 22 14 7 23 17 8 24 18 8 25 16 8 26 19 9 27 20 9 28 18 9 29 21 10 30 22 10 31 20 10 32 23 11 33 24 11 34 22 11 35 25 12 36 26 12 37 24 12 38 27 13 39 28 13 40 26 13 41 29 14 42 30 14 43 28 14 44 31 15 45 32 15 46 30 15 47 33 16 48 34 16 49 32 16 50 35 17 51 36 17 52 34 17 53 37 18 54 38 18 55 36 18 56 39 19 57 40 19 58 38 19 59 41 20 60 42 20 61 40 20 62 43 21 63 44 21 64 42 21 65 45 22 66 46 22 67 44 22 68 47 23 69 48 23 70 46 23 71 49 24 72 50 24 73 48 24 74 51 25 75 52 25 76 50 25 77 53 26 78 54 26 79 52 26 80 55 27 81 56 27 82 54 27 83 57 28 84 58 28 85 56 28 86 59 29 87 60 29 88 58 29 89 53 30 90 37 30 91 21 30 92 61 31 93 62 31 94 60 31 95 63 32 96 0 32 97 62 32 98 14 33 99 30 33 100 46 33 101 1 0 102 3 0 103 2 0 104 3 34 105 5 34 106 4 34 107 5 2 108 7 2 109 6 2 110 7 35 111 9 35 112 8 35 113 9 36 114 11 36 115 10 36 116 11 37 117 13 37 118 12 37 119 13 38 120 15 38 121 14 38 122 15 39 123 17 39 124 16 39 125 17 40 126 19 40 127 18 40 128 19 41 129 21 41 130 20 41 131 21 42 132 23 42 133 22 42 134 23 43 135 25 43 136 24 43 137 25 44 138 27 44 139 26 44 140 27 13 141 29 13 142 28 13 143 29 45 144 31 45 145 30 45 146 31 15 147 33 15 148 32 15 149 33 16 150 35 16 151 34 16 152 35 46 153 37 46 154 36 46 155 37 18 156 39 18 157 38 18 158 39 47 159 41 47 160 40 47 161 41 20 162 43 20 163 42 20 164 43 21 165 45 21 166 44 21 167 45 48 168 47 48 169 46 48 170 47 49 171 49 49 172 48 49 173 49 50 174 51 50 175 50 50 176 51 51 177 53 51 178 52 51 179 53 52 180 55 52 181 54 52 182 55 27 183 57 27 184 56 27 185 57 28 186 59 28 187 58 28 188 59 29 189 61 29 190 60 29 191 5 30 192 3 30 193 61 30 194 3 30 195 1 30 196 61 30 197 1 30 198 63 30 199 61 30 200 61 30 201 59 30 202 57 30 203 57 30 204 55 30 205 61 30 206 55 30 207 53 30 208 61 30 209 53 30 210 51 30 211 49 30 212 49 30 213 47 30 214 45 30 215 45 30 216 43 30 217 41 30 218 41 30 219 39 30 220 37 30 221 37 30 222 35 30 223 33 30 224 33 30 225 31 30 226 29 30 227 29 30 228 27 30 229 25 30 230 25 30 231 23 30 232 21 30 233 21 30 234 19 30 235 17 30 236 17 30 237 15 30 238 13 30 239 13 30 240 11 30 241 9 30 242 9 30 243 7 30 244 5 30 245 53 30 246 49 30 247 37 30 248 49 30 249 45 30 250 37 30 251 45 53 252 41 53 253 37 53 254 37 30 255 33 30 256 29 30 257 29 30 258 25 30 259 37 30 260 25 30 261 21 30 262 37 30 263 21 30 264 17 30 265 5 30 266 17 30 267 13 30 268 5 30 269 13 30 270 9 30 271 5 30 272 5 30 273 61 30 274 53 30 275 5 30 276 53 30 277 21 30 278 61 54 279 63 54 280 62 54 281 63 32 282 1 32 283 0 32 284 62 55 285 0 55 286 2 55 287 2 55 288 4 55 289 6 55 290 6 55 291 8 55 292 10 55 293 10 56 294 12 56 295 14 56 296 14 55 297 16 55 298 18 55 299 18 57 300 20 57 301 22 57 302 22 55 303 24 55 304 26 55 305 26 55 306 28 55 307 30 55 308 30 55 309 32 55 310 34 55 311 34 55 312 36 55 313 38 55 314 38 55 315 40 55 316 42 55 317 42 58 318 44 58 319 46 58 320 46 55 321 48 55 322 50 55 323 50 55 324 52 55 325 46 55 326 52 55 327 54 55 328 46 55 329 54 55 330 56 55 331 62 55 332 56 55 333 58 55 334 62 55 335 58 55 336 60 55 337 62 55 338 62 55 339 2 55 340 14 55 341 2 55 342 6 55 343 14 55 344 6 55 345 10 55 346 14 55 347 14 59 348 18 59 349 22 59 350 22 55 351 26 55 352 14 55 353 26 55 354 30 55 355 14 55 356 30 55 357 34 55 358 46 55 359 34 55 360 38 55 361 46 55 362 38 55 363 42 55 364 46 55 365 46 60 366 54 60 367 62 60 368 62 61 369 14 61 370 46 61 371</p>
        </triangles>
        <triangles material="Material_024-material" count="124">
          <input semantic="VERTEX" source="#Cylinder_010-mesh-vertices" offset="0"/>
          <input semantic="NORMAL" source="#Cylinder_010-mesh-normals" offset="1"/>
          <input semantic="TEXCOORD" source="#Cylinder_010-mesh-map-0" offset="2" set="0"/>
          <input semantic="TEXCOORD" source="#Cylinder_010-mesh-map-1" offset="2" set="1"/>
          <input semantic="TEXCOORD" source="#Cylinder_010-mesh-map-2" offset="2" set="2"/>
          <input semantic="TEXCOORD" source="#Cylinder_010-mesh-map-3" offset="2" set="3"/>
          <input semantic="TEXCOORD" source="#Cylinder_010-mesh-map-4" offset="2" set="4"/>
          <input semantic="TEXCOORD" source="#Cylinder_010-mesh-map-5" offset="2" set="5"/>
          <input semantic="TEXCOORD" source="#Cylinder_010-mesh-map-6" offset="2" set="6"/>
          <input semantic="TEXCOORD" source="#Cylinder_010-mesh-map-7" offset="2" set="7"/>
          <p>65 62 372 66 62 373 64 62 374 67 63 375 68 63 376 66 63 377 69 64 378 70 64 379 68 64 380 71 65 381 72 65 382 70 65 383 73 66 384 74 66 385 72 66 386 75 67 387 76 67 388 74 67 389 77 68 390 78 68 391 76 68 392 79 69 393 80 69 394 78 69 395 81 70 396 82 70 397 80 70 398 83 71 399 84 71 400 82 71 401 85 72 402 86 72 403 84 72 404 87 73 405 88 73 406 86 73 407 89 74 408 90 74 409 88 74 410 91 75 411 92 75 412 90 75 413 93 76 414 94 76 415 92 76 416 95 77 417 96 77 418 94 77 419 97 78 420 98 78 421 96 78 422 99 79 423 100 79 424 98 79 425 101 80 426 102 80 427 100 80 428 103 81 429 104 81 430 102 81 431 105 82 432 106 82 433 104 82 434 107 83 435 108 83 436 106 83 437 109 84 438 110 84 439 108 84 440 111 85 441 112 85 442 110 85 443 113 86 444 114 86 445 112 86 446 115 87 447 116 87 448 114 87 449 117 88 450 118 88 451 116 88 452 119 89 453 120 89 454 118 89 455 121 90 456 122 90 457 120 90 458 123 91 459 124 91 460 122 91 461 117 92 462 101 92 463 85 92 464 125 93 465 126 93 466 124 93 467 127 94 468 64 94 469 126 94 470 78 55 471 94 55 472 110 55 473 65 95 474 67 95 475 66 95 476 67 63 477 69 63 478 68 63 479 69 96 480 71 96 481 70 96 482 71 97 483 73 97 484 72 97 485 73 98 486 75 98 487 74 98 488 75 99 489 77 99 490 76 99 491 77 68 492 79 68 493 78 68 494 79 100 495 81 100 496 80 100 497 81 101 498 83 101 499 82 101 500 83 71 501 85 71 502 84 71 503 85 102 504 87 102 505 86 102 506 87 103 507 89 103 508 88 103 509 89 104 510 91 104 511 90 104 512 91 105 513 93 105 514 92 105 515 93 76 516 95 76 517 94 76 518 95 106 519 97 106 520 96 106 521 97 107 522 99 107 523 98 107 524 99 79 525 101 79 526 100 79 527 101 108 528 103 108 529 102 108 530 103 81 531 105 81 532 104 81 533 105 109 534 107 109 535 106 109 536 107 110 537 109 110 538 108 110 539 109 84 540 111 84 541 110 84 542 111 111 543 113 111 544 112 111 545 113 112 546 115 112 547 114 112 548 115 87 549 117 87 550 116 87 551 117 113 552 119 113 553 118 113 554 119 89 555 121 89 556 120 89 557 121 114 558 123 114 559 122 114 560 123 115 561 125 115 562 124 115 563 69 30 564 67 30 565 125 30 566 67 30 567 65 30 568 125 30 569 65 30 570 127 30 571 125 30 572 125 30 573 123 30 574 121 30 575 121 30 576 119 30 577 125 30 578 119 30 579 117 30 580 125 30 581 117 30 582 115 30 583 113 30 584 113 30 585 111 30 586 109 30 587 109 116 588 107 116 589 105 116 590 105 30 591 103 30 592 101 30 593 101 30 594 99 30 595 97 30 596 97 30 597 95 30 598 93 30 599 93 30 600 91 30 601 89 30 602 89 117 603 87 117 604 85 117 605 85 30 606 83 30 607 81 30 608 81 30 609 79 30 610 77 30 611 77 118 612 75 118 613 73 118 614 73 30 615 71 30 616 69 30 617 117 119 618 113 119 619 101 119 620 113 30 621 109 30 622 101 30 623 109 120 624 105 120 625 101 120 626 101 30 627 97 30 628 93 30 629 93 30 630 89 30 631 101 30 632 89 121 633 85 121 634 101 121 635 85 30 636 81 30 637 69 30 638 81 122 639 77 122 640 69 122 641 77 123 642 73 123 643 69 123 644 69 30 645 125 30 646 117 30 647 69 30 648 117 30 649 85 30 650 125 93 651 127 93 652 126 93 653 127 124 654 65 124 655 64 124 656 126 55 657 64 55 658 66 55 659 66 55 660 68 55 661 70 55 662 70 55 663 72 55 664 74 55 665 74 125 666 76 125 667 78 125 668 78 55 669 80 55 670 82 55 671 82 126 672 84 126 673 86 126 674 86 55 675 88 55 676 90 55 677 90 55 678 92 55 679 94 55 680 94 55 681 96 55 682 98 55 683 98 55 684 100 55 685 102 55 686 102 55 687 104 55 688 106 55 689 106 127 690 108 127 691 110 127 692 110 55 693 112 55 694 114 55 695 114 55 696 116 55 697 110 55 698 116 55 699 118 55 700 110 55 701 118 55 702 120 55 703 126 55 704 120 55 705 122 55 706 126 55 707 122 55 708 124 55 709 126 55 710 126 55 711 66 55 712 78 55 713 66 55 714 70 55 715 78 55 716 70 55 717 74 55 718 78 55 719 78 128 720 82 128 721 86 128 722 86 55 723 90 55 724 78 55 725 90 55 726 94 55 727 78 55 728 94 55 729 98 55 730 110 55 731 98 55 732 102 55 733 110 55 734 102 55 735 106 55 736 110 55 737 110 55 738 118 55 739 126 55 740 126 55 741 78 55 742 110 55 743</p>
        </triangles>
        <triangles material="Material_001-material" count="124">
          <input semantic="VERTEX" source="#Cylinder_010-mesh-vertices" offset="0"/>
          <input semantic="NORMAL" source="#Cylinder_010-mesh-normals" offset="1"/>
          <input semantic="TEXCOORD" source="#Cylinder_010-mesh-map-0" offset="2" set="0"/>
          <input semantic="TEXCOORD" source="#Cylinder_010-mesh-map-1" offset="2" set="1"/>
          <input semantic="TEXCOORD" source="#Cylinder_010-mesh-map-2" offset="2" set="2"/>
          <input semantic="TEXCOORD" source="#Cylinder_010-mesh-map-3" offset="2" set="3"/>
          <input semantic="TEXCOORD" source="#Cylinder_010-mesh-map-4" offset="2" set="4"/>
          <input semantic="TEXCOORD" source="#Cylinder_010-mesh-map-5" offset="2" set="5"/>
          <input semantic="TEXCOORD" source="#Cylinder_010-mesh-map-6" offset="2" set="6"/>
          <input semantic="TEXCOORD" source="#Cylinder_010-mesh-map-7" offset="2" set="7"/>
          <p>129 62 744 130 62 745 128 62 746 131 63 747 132 63 748 130 63 749 133 129 750 134 129 751 132 129 752 135 130 753 136 130 754 134 130 755 137 131 756 138 131 757 136 131 758 139 67 759 140 67 760 138 67 761 141 68 762 142 68 763 140 68 764 143 69 765 144 69 766 142 69 767 145 70 768 146 70 769 144 70 770 147 71 771 148 71 772 146 71 773 149 132 774 150 132 775 148 132 776 151 133 777 152 133 778 150 133 779 153 134 780 154 134 781 152 134 782 155 135 783 156 135 784 154 135 785 157 76 786 158 76 787 156 76 788 159 77 789 160 77 790 158 77 791 161 78 792 162 78 793 160 78 794 163 79 795 164 79 796 162 79 797 165 136 798 166 136 799 164 136 800 167 81 801 168 81 802 166 81 803 169 137 804 170 137 805 168 137 806 171 138 807 172 138 808 170 138 809 173 84 810 174 84 811 172 84 812 175 85 813 176 85 814 174 85 815 177 86 816 178 86 817 176 86 818 179 87 819 180 87 820 178 87 821 181 139 822 182 139 823 180 139 824 183 89 825 184 89 826 182 89 827 185 140 828 186 140 829 184 140 830 187 141 831 188 141 832 186 141 833 181 92 834 165 92 835 149 92 836 189 93 837 190 93 838 188 93 839 191 94 840 128 94 841 190 94 842 142 142 843 158 142 844 174 142 845 129 95 846 131 95 847 130 95 848 131 63 849 133 63 850 132 63 851 133 96 852 135 96 853 134 96 854 135 130 855 137 130 856 136 130 857 137 66 858 139 66 859 138 66 860 139 99 861 141 99 862 140 99 863 141 68 864 143 68 865 142 68 866 143 100 867 145 100 868 144 100 869 145 101 870 147 101 871 146 101 872 147 71 873 149 71 874 148 71 875 149 102 876 151 102 877 150 102 878 151 103 879 153 103 880 152 103 881 153 134 882 155 134 883 154 134 884 155 105 885 157 105 886 156 105 887 157 76 888 159 76 889 158 76 890 159 106 891 161 106 892 160 106 893 161 107 894 163 107 895 162 107 896 163 79 897 165 79 898 164 79 899 165 108 900 167 108 901 166 108 902 167 81 903 169 81 904 168 81 905 169 109 906 171 109 907 170 109 908 171 110 909 173 110 910 172 110 911 173 84 912 175 84 913 174 84 914 175 111 915 177 111 916 176 111 917 177 112 918 179 112 919 178 112 920 179 87 921 181 87 922 180 87 923 181 113 924 183 113 925 182 113 926 183 89 927 185 89 928 184 89 929 185 140 930 187 140 931 186 140 932 187 115 933 189 115 934 188 115 935 133 30 936 131 30 937 189 30 938 131 30 939 129 30 940 189 30 941 129 30 942 191 30 943 189 30 944 189 143 945 187 143 946 185 143 947 185 144 948 183 144 949 189 144 950 183 145 951 181 145 952 189 145 953 181 146 954 179 146 955 177 146 956 177 146 957 175 146 958 173 146 959 173 30 960 171 30 961 169 30 962 169 147 963 167 147 964 165 147 965 165 148 966 163 148 967 161 148 968 161 30 969 159 30 970 157 30 971 157 149 972 155 149 973 153 149 974 153 30 975 151 30 976 149 30 977 149 30 978 147 30 979 145 30 980 145 30 981 143 30 982 141 30 983 141 30 984 139 30 985 137 30 986 137 150 987 135 150 988 133 150 989 181 119 990 177 119 991 165 119 992 177 151 993 173 151 994 165 151 995 173 152 996 169 152 997 165 152 998 165 30 999 161 30 1000 157 30 1001 157 30 1002 153 30 1003 165 30 1004 153 121 1005 149 121 1006 165 121 1007 149 30 1008 145 30 1009 133 30 1010 145 153 1011 141 153 1012 133 153 1013 141 154 1014 137 154 1015 133 154 1016 133 30 1017 189 30 1018 181 30 1019 133 30 1020 181 30 1021 149 30 1022 189 93 1023 191 93 1024 190 93 1025 191 124 1026 129 124 1027 128 124 1028 190 55 1029 128 55 1030 130 55 1031 130 155 1032 132 155 1033 134 155 1034 134 55 1035 136 55 1036 138 55 1037 138 156 1038 140 156 1039 142 156 1040 142 55 1041 144 55 1042 146 55 1043 146 126 1044 148 126 1045 150 126 1046 150 55 1047 152 55 1048 154 55 1049 154 155 1050 156 155 1051 158 155 1052 158 55 1053 160 55 1054 162 55 1055 162 157 1056 164 157 1057 166 157 1058 166 158 1059 168 158 1060 170 158 1061 170 127 1062 172 127 1063 174 127 1064 174 55 1065 176 55 1066 178 55 1067 178 159 1068 180 159 1069 174 159 1070 180 55 1071 182 55 1072 174 55 1073 182 55 1074 184 55 1075 190 55 1076 184 160 1077 186 160 1078 190 160 1079 186 161 1080 188 161 1081 190 161 1082 190 55 1083 130 55 1084 142 55 1085 130 55 1086 134 55 1087 142 55 1088 134 162 1089 138 162 1090 142 162 1091 142 55 1092 146 55 1093 150 55 1094 150 55 1095 154 55 1096 142 55 1097 154 163 1098 158 163 1099 142 163 1100 158 55 1101 162 55 1102 174 55 1103 162 55 1104 166 55 1105 174 55 1106 166 55 1107 170 55 1108 174 55 1109 174 164 1110 182 164 1111 190 164 1112 190 165 1113 142 165 1114 174 165 1115</p>
        </triangles>
        <triangles material="Material_003-material" count="124">
          <input semantic="VERTEX" source="#Cylinder_010-mesh-vertices" offset="0"/>
          <input semantic="NORMAL" source="#Cylinder_010-mesh-normals" offset="1"/>
          <input semantic="TEXCOORD" source="#Cylinder_010-mesh-map-0" offset="2" set="0"/>
          <input semantic="TEXCOORD" source="#Cylinder_010-mesh-map-1" offset="2" set="1"/>
          <input semantic="TEXCOORD" source="#Cylinder_010-mesh-map-2" offset="2" set="2"/>
          <input semantic="TEXCOORD" source="#Cylinder_010-mesh-map-3" offset="2" set="3"/>
          <input semantic="TEXCOORD" source="#Cylinder_010-mesh-map-4" offset="2" set="4"/>
          <input semantic="TEXCOORD" source="#Cylinder_010-mesh-map-5" offset="2" set="5"/>
          <input semantic="TEXCOORD" source="#Cylinder_010-mesh-map-6" offset="2" set="6"/>
          <input semantic="TEXCOORD" source="#Cylinder_010-mesh-map-7" offset="2" set="7"/>
          <p>193 62 1116 194 62 1117 192 62 1118 195 63 1119 196 63 1120 194 63 1121 197 64 1122 198 64 1123 196 64 1124 199 130 1125 200 130 1126 198 130 1127 201 131 1128 202 131 1129 200 131 1130 203 166 1131 204 166 1132 202 166 1133 205 167 1134 206 167 1135 204 167 1136 207 168 1137 208 168 1138 206 168 1139 209 169 1140 210 169 1141 208 169 1142 211 170 1143 212 170 1144 210 170 1145 213 132 1146 214 132 1147 212 132 1148 215 133 1149 216 133 1150 214 133 1151 217 134 1152 218 134 1153 216 134 1154 219 75 1155 220 75 1156 218 75 1157 221 76 1158 222 76 1159 220 76 1160 223 77 1161 224 77 1162 222 77 1163 225 78 1164 226 78 1165 224 78 1166 227 79 1167 228 79 1168 226 79 1169 229 80 1170 230 80 1171 228 80 1172 231 81 1173 232 81 1174 230 81 1175 233 137 1176 234 137 1177 232 137 1178 235 171 1179 236 171 1180 234 171 1181 237 172 1182 238 172 1183 236 172 1184 239 173 1185 240 173 1186 238 173 1187 241 174 1188 242 174 1189 240 174 1190 243 175 1191 244 175 1192 242 175 1193 245 139 1194 246 139 1195 244 139 1196 247 89 1197 248 89 1198 246 89 1199 249 140 1200 250 140 1201 248 140 1202 251 91 1203 252 91 1204 250 91 1205 245 30 1206 229 30 1207 213 30 1208 253 93 1209 254 93 1210 252 93 1211 255 94 1212 192 94 1213 254 94 1214 206 176 1215 222 176 1216 238 176 1217 193 95 1218 195 95 1219 194 95 1220 195 63 1221 197 63 1222 196 63 1223 197 96 1224 199 96 1225 198 96 1226 199 130 1227 201 130 1228 200 130 1229 201 131 1230 203 131 1231 202 131 1232 203 177 1233 205 177 1234 204 177 1235 205 68 1236 207 68 1237 206 68 1238 207 100 1239 209 100 1240 208 100 1241 209 101 1242 211 101 1243 210 101 1244 211 71 1245 213 71 1246 212 71 1247 213 178 1248 215 178 1249 214 178 1250 215 133 1251 217 133 1252 216 133 1253 217 134 1254 219 134 1255 218 134 1256 219 105 1257 221 105 1258 220 105 1259 221 76 1260 223 76 1261 222 76 1262 223 106 1263 225 106 1264 224 106 1265 225 107 1266 227 107 1267 226 107 1268 227 79 1269 229 79 1270 228 79 1271 229 108 1272 231 108 1273 230 108 1274 231 81 1275 233 81 1276 232 81 1277 233 137 1278 235 137 1279 234 137 1280 235 110 1281 237 110 1282 236 110 1283 237 84 1284 239 84 1285 238 84 1286 239 111 1287 241 111 1288 240 111 1289 241 112 1290 243 112 1291 242 112 1292 243 87 1293 245 87 1294 244 87 1295 245 113 1296 247 113 1297 246 113 1298 247 89 1299 249 89 1300 248 89 1301 249 140 1302 251 140 1303 250 140 1304 251 115 1305 253 115 1306 252 115 1307 197 30 1308 195 30 1309 253 30 1310 195 30 1311 193 30 1312 253 30 1313 193 30 1314 255 30 1315 253 30 1316 253 30 1317 251 30 1318 249 30 1319 249 30 1320 247 30 1321 253 30 1322 247 30 1323 245 30 1324 253 30 1325 245 30 1326 243 30 1327 241 30 1328 241 30 1329 239 30 1330 237 30 1331 237 30 1332 235 30 1333 233 30 1334 233 30 1335 231 30 1336 229 30 1337 229 30 1338 227 30 1339 225 30 1340 225 30 1341 223 30 1342 221 30 1343 221 30 1344 219 30 1345 217 30 1346 217 30 1347 215 30 1348 213 30 1349 213 30 1350 211 30 1351 209 30 1352 209 30 1353 207 30 1354 205 30 1355 205 30 1356 203 30 1357 201 30 1358 201 30 1359 199 30 1360 197 30 1361 245 30 1362 241 30 1363 229 30 1364 241 30 1365 237 30 1366 229 30 1367 237 179 1368 233 179 1369 229 179 1370 229 30 1371 225 30 1372 221 30 1373 221 30 1374 217 30 1375 229 30 1376 217 30 1377 213 30 1378 229 30 1379 213 30 1380 209 30 1381 197 30 1382 209 30 1383 205 30 1384 197 30 1385 205 30 1386 201 30 1387 197 30 1388 197 30 1389 253 30 1390 245 30 1391 197 30 1392 245 30 1393 213 30 1394 253 93 1395 255 93 1396 254 93 1397 255 124 1398 193 124 1399 192 124 1400 254 55 1401 192 55 1402 194 55 1403 194 55 1404 196 55 1405 198 55 1406 198 55 1407 200 55 1408 202 55 1409 202 180 1410 204 180 1411 206 180 1412 206 55 1413 208 55 1414 210 55 1415 210 181 1416 212 181 1417 214 181 1418 214 55 1419 216 55 1420 218 55 1421 218 55 1422 220 55 1423 222 55 1424 222 55 1425 224 55 1426 226 55 1427 226 55 1428 228 55 1429 230 55 1430 230 55 1431 232 55 1432 234 55 1433 234 182 1434 236 182 1435 238 182 1436 238 55 1437 240 55 1438 242 55 1439 242 55 1440 244 55 1441 238 55 1442 244 55 1443 246 55 1444 238 55 1445 246 55 1446 248 55 1447 254 55 1448 248 55 1449 250 55 1450 254 55 1451 250 55 1452 252 55 1453 254 55 1454 254 55 1455 194 55 1456 206 55 1457 194 55 1458 198 55 1459 206 55 1460 198 55 1461 202 55 1462 206 55 1463 206 183 1464 210 183 1465 214 183 1466 214 55 1467 218 55 1468 206 55 1469 218 55 1470 222 55 1471 206 55 1472 222 55 1473 226 55 1474 238 55 1475 226 55 1476 230 55 1477 238 55 1478 230 55 1479 234 55 1480 238 55 1481 238 184 1482 246 184 1483 254 184 1484 254 185 1485 206 185 1486 238 185 1487</p>
        </triangles>
        <triangles material="Material_004-material" count="124">
          <input semantic="VERTEX" source="#Cylinder_010-mesh-vertices" offset="0"/>
          <input semantic="NORMAL" source="#Cylinder_010-mesh-normals" offset="1"/>
          <input semantic="TEXCOORD" source="#Cylinder_010-mesh-map-0" offset="2" set="0"/>
          <input semantic="TEXCOORD" source="#Cylinder_010-mesh-map-1" offset="2" set="1"/>
          <input semantic="TEXCOORD" source="#Cylinder_010-mesh-map-2" offset="2" set="2"/>
          <input semantic="TEXCOORD" source="#Cylinder_010-mesh-map-3" offset="2" set="3"/>
          <input semantic="TEXCOORD" source="#Cylinder_010-mesh-map-4" offset="2" set="4"/>
          <input semantic="TEXCOORD" source="#Cylinder_010-mesh-map-5" offset="2" set="5"/>
          <input semantic="TEXCOORD" source="#Cylinder_010-mesh-map-6" offset="2" set="6"/>
          <input semantic="TEXCOORD" source="#Cylinder_010-mesh-map-7" offset="2" set="7"/>
          <p>257 186 1488 258 186 1489 256 186 1490 259 187 1491 260 187 1492 258 187 1493 261 188 1494 262 188 1495 260 188 1496 263 189 1497 264 189 1498 262 189 1499 265 190 1500 266 190 1501 264 190 1502 267 191 1503 268 191 1504 266 191 1505 269 192 1506 270 192 1507 268 192 1508 271 193 1509 272 193 1510 270 193 1511 273 194 1512 274 194 1513 272 194 1514 275 195 1515 276 195 1516 274 195 1517 277 196 1518 278 196 1519 276 196 1520 279 197 1521 280 197 1522 278 197 1523 281 198 1524 282 198 1525 280 198 1526 283 199 1527 284 199 1528 282 199 1529 285 200 1530 286 200 1531 284 200 1532 287 201 1533 288 201 1534 286 201 1535 289 202 1536 290 202 1537 288 202 1538 291 203 1539 292 203 1540 290 203 1541 293 204 1542 294 204 1543 292 204 1544 295 205 1545 296 205 1546 294 205 1547 297 206 1548 298 206 1549 296 206 1550 299 207 1551 300 207 1552 298 207 1553 301 208 1554 302 208 1555 300 208 1556 303 209 1557 304 209 1558 302 209 1559 305 210 1560 306 210 1561 304 210 1562 307 211 1563 308 211 1564 306 211 1565 309 212 1566 310 212 1567 308 212 1568 311 213 1569 312 213 1570 310 213 1571 313 214 1572 314 214 1573 312 214 1574 315 215 1575 316 215 1576 314 215 1577 309 30 1578 293 30 1579 277 30 1580 317 216 1581 318 216 1582 316 216 1583 319 217 1584 256 217 1585 318 217 1586 270 55 1587 286 55 1588 302 55 1589 257 218 1590 259 218 1591 258 218 1592 259 187 1593 261 187 1594 260 187 1595 261 219 1596 263 219 1597 262 219 1598 263 189 1599 265 189 1600 264 189 1601 265 66 1602 267 66 1603 266 66 1604 267 99 1605 269 99 1606 268 99 1607 269 220 1608 271 220 1609 270 220 1610 271 221 1611 273 221 1612 272 221 1613 273 222 1614 275 222 1615 274 222 1616 275 223 1617 277 223 1618 276 223 1619 277 224 1620 279 224 1621 278 224 1622 279 103 1623 281 103 1624 280 103 1625 281 198 1626 283 198 1627 282 198 1628 283 225 1629 285 225 1630 284 225 1631 285 200 1632 287 200 1633 286 200 1634 287 226 1635 289 226 1636 288 226 1637 289 227 1638 291 227 1639 290 227 1640 291 203 1641 293 203 1642 292 203 1643 293 228 1644 295 228 1645 294 228 1646 295 205 1647 297 205 1648 296 205 1649 297 109 1650 299 109 1651 298 109 1652 299 229 1653 301 229 1654 300 229 1655 301 230 1656 303 230 1657 302 230 1658 303 231 1659 305 231 1660 304 231 1661 305 232 1662 307 232 1663 306 232 1664 307 233 1665 309 233 1666 308 233 1667 309 234 1668 311 234 1669 310 234 1670 311 235 1671 313 235 1672 312 235 1673 313 214 1674 315 214 1675 314 214 1676 315 236 1677 317 236 1678 316 236 1679 261 30 1680 259 30 1681 317 30 1682 259 30 1683 257 30 1684 317 30 1685 257 237 1686 319 237 1687 317 237 1688 317 30 1689 315 30 1690 313 30 1691 313 30 1692 311 30 1693 317 30 1694 311 238 1695 309 238 1696 317 238 1697 309 30 1698 307 30 1699 305 30 1700 305 30 1701 303 30 1702 301 30 1703 301 30 1704 299 30 1705 297 30 1706 297 30 1707 295 30 1708 293 30 1709 293 239 1710 291 239 1711 289 239 1712 289 240 1713 287 240 1714 285 240 1715 285 30 1716 283 30 1717 281 30 1718 281 30 1719 279 30 1720 277 30 1721 277 30 1722 275 30 1723 273 30 1724 273 30 1725 271 30 1726 269 30 1727 269 30 1728 267 30 1729 265 30 1730 265 30 1731 263 30 1732 261 30 1733 309 30 1734 305 30 1735 293 30 1736 305 241 1737 301 241 1738 293 241 1739 301 242 1740 297 242 1741 293 242 1742 293 30 1743 289 30 1744 285 30 1745 285 30 1746 281 30 1747 293 30 1748 281 30 1749 277 30 1750 293 30 1751 277 243 1752 273 243 1753 261 243 1754 273 244 1755 269 244 1756 261 244 1757 269 245 1758 265 245 1759 261 245 1760 261 30 1761 317 30 1762 309 30 1763 261 30 1764 309 30 1765 277 30 1766 317 216 1767 319 216 1768 318 216 1769 319 246 1770 257 246 1771 256 246 1772 318 55 1773 256 55 1774 258 55 1775 258 55 1776 260 55 1777 262 55 1778 262 55 1779 264 55 1780 266 55 1781 266 55 1782 268 55 1783 270 55 1784 270 55 1785 272 55 1786 274 55 1787 274 55 1788 276 55 1789 278 55 1790 278 55 1791 280 55 1792 282 55 1793 282 55 1794 284 55 1795 286 55 1796 286 55 1797 288 55 1798 290 55 1799 290 55 1800 292 55 1801 294 55 1802 294 55 1803 296 55 1804 298 55 1805 298 182 1806 300 182 1807 302 182 1808 302 55 1809 304 55 1810 306 55 1811 306 247 1812 308 247 1813 302 247 1814 308 248 1815 310 248 1816 302 248 1817 310 249 1818 312 249 1819 318 249 1820 312 55 1821 314 55 1822 318 55 1823 314 55 1824 316 55 1825 318 55 1826 318 55 1827 258 55 1828 270 55 1829 258 250 1830 262 250 1831 270 250 1832 262 55 1833 266 55 1834 270 55 1835 270 55 1836 274 55 1837 278 55 1838 278 55 1839 282 55 1840 270 55 1841 282 55 1842 286 55 1843 270 55 1844 286 55 1845 290 55 1846 302 55 1847 290 251 1848 294 251 1849 302 251 1850 294 55 1851 298 55 1852 302 55 1853 302 184 1854 310 184 1855 318 184 1856 318 185 1857 270 185 1858 302 185 1859</p>
        </triangles>
        <triangles material="Material_006-material" count="124">
          <input semantic="VERTEX" source="#Cylinder_010-mesh-vertices" offset="0"/>
          <input semantic="NORMAL" source="#Cylinder_010-mesh-normals" offset="1"/>
          <input semantic="TEXCOORD" source="#Cylinder_010-mesh-map-0" offset="2" set="0"/>
          <input semantic="TEXCOORD" source="#Cylinder_010-mesh-map-1" offset="2" set="1"/>
          <input semantic="TEXCOORD" source="#Cylinder_010-mesh-map-2" offset="2" set="2"/>
          <input semantic="TEXCOORD" source="#Cylinder_010-mesh-map-3" offset="2" set="3"/>
          <input semantic="TEXCOORD" source="#Cylinder_010-mesh-map-4" offset="2" set="4"/>
          <input semantic="TEXCOORD" source="#Cylinder_010-mesh-map-5" offset="2" set="5"/>
          <input semantic="TEXCOORD" source="#Cylinder_010-mesh-map-6" offset="2" set="6"/>
          <input semantic="TEXCOORD" source="#Cylinder_010-mesh-map-7" offset="2" set="7"/>
          <p>321 252 1860 322 252 1861 320 252 1862 323 187 1863 324 187 1864 322 187 1865 325 253 1866 326 253 1867 324 253 1868 327 189 1869 328 189 1870 326 189 1871 329 66 1872 330 66 1873 328 66 1874 331 67 1875 332 67 1876 330 67 1877 333 220 1878 334 220 1879 332 220 1880 335 254 1881 336 254 1882 334 254 1883 337 255 1884 338 255 1885 336 255 1886 339 223 1887 340 223 1888 338 223 1889 341 256 1890 342 256 1891 340 256 1892 343 103 1893 344 103 1894 342 103 1895 345 198 1896 346 198 1897 344 198 1898 347 257 1899 348 257 1900 346 257 1901 349 200 1902 350 200 1903 348 200 1904 351 258 1905 352 258 1906 350 258 1907 353 259 1908 354 259 1909 352 259 1910 355 203 1911 356 203 1912 354 203 1913 357 260 1914 358 260 1915 356 260 1916 359 205 1917 360 205 1918 358 205 1919 361 109 1920 362 109 1921 360 109 1922 363 171 1923 364 171 1924 362 171 1925 365 230 1926 366 230 1927 364 230 1928 367 261 1929 368 261 1930 366 261 1931 369 262 1932 370 262 1933 368 262 1934 371 233 1935 372 233 1936 370 233 1937 373 263 1938 374 263 1939 372 263 1940 375 235 1941 376 235 1942 374 235 1943 377 214 1944 378 214 1945 376 214 1946 379 264 1947 380 264 1948 378 264 1949 373 265 1950 357 265 1951 341 265 1952 381 216 1953 382 216 1954 380 216 1955 383 266 1956 320 266 1957 382 266 1958 334 55 1959 350 55 1960 366 55 1961 321 267 1962 323 267 1963 322 267 1964 323 187 1965 325 187 1966 324 187 1967 325 268 1968 327 268 1969 326 268 1970 327 189 1971 329 189 1972 328 189 1973 329 190 1974 331 190 1975 330 190 1976 331 269 1977 333 269 1978 332 269 1979 333 192 1980 335 192 1981 334 192 1982 335 270 1983 337 270 1984 336 270 1985 337 271 1986 339 271 1987 338 271 1988 339 195 1989 341 195 1990 340 195 1991 341 272 1992 343 272 1993 342 272 1994 343 197 1995 345 197 1996 344 197 1997 345 198 1998 347 198 1999 346 198 2000 347 273 2001 349 273 2002 348 273 2003 349 200 2004 351 200 2005 350 200 2006 351 274 2007 353 274 2008 352 274 2009 353 275 2010 355 275 2011 354 275 2012 355 203 2013 357 203 2014 356 203 2015 357 276 2016 359 276 2017 358 276 2018 359 205 2019 361 205 2020 360 205 2021 361 206 2022 363 206 2023 362 206 2024 363 277 2025 365 277 2026 364 277 2027 365 208 2028 367 208 2029 366 208 2030 367 278 2031 369 278 2032 368 278 2033 369 279 2034 371 279 2035 370 279 2036 371 211 2037 373 211 2038 372 211 2039 373 280 2040 375 280 2041 374 280 2042 375 213 2043 377 213 2044 376 213 2045 377 214 2046 379 214 2047 378 214 2048 379 281 2049 381 281 2050 380 281 2051 325 30 2052 323 30 2053 381 30 2054 323 30 2055 321 30 2056 381 30 2057 321 30 2058 383 30 2059 381 30 2060 381 282 2061 379 282 2062 377 282 2063 377 283 2064 375 283 2065 381 283 2066 375 30 2067 373 30 2068 381 30 2069 373 30 2070 371 30 2071 369 30 2072 369 30 2073 367 30 2074 365 30 2075 365 30 2076 363 30 2077 361 30 2078 361 284 2079 359 284 2080 357 284 2081 357 285 2082 355 285 2083 353 285 2084 353 30 2085 351 30 2086 349 30 2087 349 286 2088 347 286 2089 345 286 2090 345 30 2091 343 30 2092 341 30 2093 341 30 2094 339 30 2095 337 30 2096 337 30 2097 335 30 2098 333 30 2099 333 30 2100 331 30 2101 329 30 2102 329 287 2103 327 287 2104 325 287 2105 373 30 2106 369 30 2107 357 30 2108 369 288 2109 365 288 2110 357 288 2111 365 289 2112 361 289 2113 357 289 2114 357 30 2115 353 30 2116 349 30 2117 349 30 2118 345 30 2119 357 30 2120 345 30 2121 341 30 2122 357 30 2123 341 290 2124 337 290 2125 325 290 2126 337 30 2127 333 30 2128 325 30 2129 333 30 2130 329 30 2131 325 30 2132 325 30 2133 381 30 2134 373 30 2135 325 291 2136 373 291 2137 341 291 2138 381 216 2139 383 216 2140 382 216 2141 383 292 2142 321 292 2143 320 292 2144 382 55 2145 320 55 2146 322 55 2147 322 293 2148 324 293 2149 326 293 2150 326 294 2151 328 294 2152 330 294 2153 330 295 2154 332 295 2155 334 295 2156 334 55 2157 336 55 2158 338 55 2159 338 296 2160 340 296 2161 342 296 2162 342 297 2163 344 297 2164 346 297 2165 346 298 2166 348 298 2167 350 298 2168 350 55 2169 352 55 2170 354 55 2171 354 299 2172 356 299 2173 358 299 2174 358 300 2175 360 300 2176 362 300 2177 362 301 2178 364 301 2179 366 301 2180 366 55 2181 368 55 2182 370 55 2183 370 55 2184 372 55 2185 366 55 2186 372 302 2187 374 302 2188 366 302 2189 374 303 2190 376 303 2191 382 303 2192 376 304 2193 378 304 2194 382 304 2195 378 305 2196 380 305 2197 382 305 2198 382 55 2199 322 55 2200 334 55 2201 322 55 2202 326 55 2203 334 55 2204 326 55 2205 330 55 2206 334 55 2207 334 306 2208 338 306 2209 342 306 2210 342 55 2211 346 55 2212 334 55 2213 346 55 2214 350 55 2215 334 55 2216 350 55 2217 354 55 2218 366 55 2219 354 55 2220 358 55 2221 366 55 2222 358 55 2223 362 55 2224 366 55 2225 366 307 2226 374 307 2227 382 307 2228 382 308 2229 334 308 2230 366 308 2231</p>
        </triangles>
        <triangles material="Material_005-material" count="124">
          <input semantic="VERTEX" source="#Cylinder_010-mesh-vertices" offset="0"/>
          <input semantic="NORMAL" source="#Cylinder_010-mesh-normals" offset="1"/>
          <input semantic="TEXCOORD" source="#Cylinder_010-mesh-map-0" offset="2" set="0"/>
          <input semantic="TEXCOORD" source="#Cylinder_010-mesh-map-1" offset="2" set="1"/>
          <input semantic="TEXCOORD" source="#Cylinder_010-mesh-map-2" offset="2" set="2"/>
          <input semantic="TEXCOORD" source="#Cylinder_010-mesh-map-3" offset="2" set="3"/>
          <input semantic="TEXCOORD" source="#Cylinder_010-mesh-map-4" offset="2" set="4"/>
          <input semantic="TEXCOORD" source="#Cylinder_010-mesh-map-5" offset="2" set="5"/>
          <input semantic="TEXCOORD" source="#Cylinder_010-mesh-map-6" offset="2" set="6"/>
          <input semantic="TEXCOORD" source="#Cylinder_010-mesh-map-7" offset="2" set="7"/>
          <p>385 309 2232 386 309 2233 384 309 2234 387 63 2235 388 63 2236 386 63 2237 389 310 2238 390 310 2239 388 310 2240 391 130 2241 392 130 2242 390 130 2243 393 131 2244 394 131 2245 392 131 2246 395 166 2247 396 166 2248 394 166 2249 397 167 2250 398 167 2251 396 167 2252 399 69 2253 400 69 2254 398 69 2255 401 311 2256 402 311 2257 400 311 2258 403 170 2259 404 170 2260 402 170 2261 405 132 2262 406 132 2263 404 132 2264 407 133 2265 408 133 2266 406 133 2267 409 312 2268 410 312 2269 408 312 2270 411 313 2271 412 313 2272 410 313 2273 413 76 2274 414 76 2275 412 76 2276 415 314 2277 416 314 2278 414 314 2279 417 315 2280 418 315 2281 416 315 2282 419 79 2283 420 79 2284 418 79 2285 421 316 2286 422 316 2287 420 316 2288 423 81 2289 424 81 2290 422 81 2291 425 137 2292 426 137 2293 424 137 2294 427 317 2295 428 317 2296 426 317 2297 429 172 2298 430 172 2299 428 172 2300 431 318 2301 432 318 2302 430 318 2303 433 319 2304 434 319 2305 432 319 2306 435 175 2307 436 175 2308 434 175 2309 437 212 2310 438 212 2311 436 212 2312 439 89 2313 440 89 2314 438 89 2315 441 320 2316 442 320 2317 440 320 2318 443 321 2319 444 321 2320 442 321 2321 437 30 2322 421 30 2323 405 30 2324 445 93 2325 446 93 2326 444 93 2327 447 322 2328 384 322 2329 446 322 2330 398 323 2331 414 323 2332 430 323 2333 385 95 2334 387 95 2335 386 95 2336 387 63 2337 389 63 2338 388 63 2339 389 96 2340 391 96 2341 390 96 2342 391 130 2343 393 130 2344 392 130 2345 393 131 2346 395 131 2347 394 131 2348 395 177 2349 397 177 2350 396 177 2351 397 167 2352 399 167 2353 398 167 2354 399 100 2355 401 100 2356 400 100 2357 401 101 2358 403 101 2359 402 101 2360 403 170 2361 405 170 2362 404 170 2363 405 178 2364 407 178 2365 406 178 2366 407 133 2367 409 133 2368 408 133 2369 409 134 2370 411 134 2371 410 134 2372 411 105 2373 413 105 2374 412 105 2375 413 76 2376 415 76 2377 414 76 2378 415 106 2379 417 106 2380 416 106 2381 417 107 2382 419 107 2383 418 107 2384 419 79 2385 421 79 2386 420 79 2387 421 108 2388 423 108 2389 422 108 2390 423 81 2391 425 81 2392 424 81 2393 425 137 2394 427 137 2395 426 137 2396 427 324 2397 429 324 2398 428 324 2399 429 325 2400 431 325 2401 430 325 2402 431 326 2403 433 326 2404 432 326 2405 433 327 2406 435 327 2407 434 327 2408 435 328 2409 437 328 2410 436 328 2411 437 280 2412 439 280 2413 438 280 2414 439 89 2415 441 89 2416 440 89 2417 441 140 2418 443 140 2419 442 140 2420 443 115 2421 445 115 2422 444 115 2423 389 30 2424 387 30 2425 445 30 2426 387 30 2427 385 30 2428 445 30 2429 385 329 2430 447 329 2431 445 329 2432 445 30 2433 443 30 2434 441 30 2435 441 30 2436 439 30 2437 445 30 2438 439 330 2439 437 330 2440 445 330 2441 437 30 2442 435 30 2443 433 30 2444 433 30 2445 431 30 2446 429 30 2447 429 331 2448 427 331 2449 425 331 2450 425 30 2451 423 30 2452 421 30 2453 421 285 2454 419 285 2455 417 285 2456 417 239 2457 415 239 2458 413 239 2459 413 30 2460 411 30 2461 409 30 2462 409 332 2463 407 332 2464 405 332 2465 405 30 2466 403 30 2467 401 30 2468 401 30 2469 399 30 2470 397 30 2471 397 333 2472 395 333 2473 393 333 2474 393 30 2475 391 30 2476 389 30 2477 437 334 2478 433 334 2479 421 334 2480 433 30 2481 429 30 2482 421 30 2483 429 335 2484 425 335 2485 421 335 2486 421 30 2487 417 30 2488 413 30 2489 413 30 2490 409 30 2491 421 30 2492 409 30 2493 405 30 2494 421 30 2495 405 30 2496 401 30 2497 389 30 2498 401 30 2499 397 30 2500 389 30 2501 397 336 2502 393 336 2503 389 336 2504 389 30 2505 445 30 2506 437 30 2507 389 30 2508 437 30 2509 405 30 2510 445 337 2511 447 337 2512 446 337 2513 447 124 2514 385 124 2515 384 124 2516 446 55 2517 384 55 2518 386 55 2519 386 338 2520 388 338 2521 390 338 2522 390 339 2523 392 339 2524 394 339 2525 394 295 2526 396 295 2527 398 295 2528 398 55 2529 400 55 2530 402 55 2531 402 296 2532 404 296 2533 406 296 2534 406 340 2535 408 340 2536 410 340 2537 410 338 2538 412 338 2539 414 338 2540 414 55 2541 416 55 2542 418 55 2543 418 341 2544 420 341 2545 422 341 2546 422 342 2547 424 342 2548 426 342 2549 426 55 2550 428 55 2551 430 55 2552 430 55 2553 432 55 2554 434 55 2555 434 55 2556 436 55 2557 430 55 2558 436 55 2559 438 55 2560 430 55 2561 438 249 2562 440 249 2563 446 249 2564 440 343 2565 442 343 2566 446 343 2567 442 344 2568 444 344 2569 446 344 2570 446 55 2571 386 55 2572 398 55 2573 386 55 2574 390 55 2575 398 55 2576 390 345 2577 394 345 2578 398 345 2579 398 306 2580 402 306 2581 406 306 2582 406 55 2583 410 55 2584 398 55 2585 410 346 2586 414 346 2587 398 346 2588 414 55 2589 418 55 2590 430 55 2591 418 55 2592 422 55 2593 430 55 2594 422 347 2595 426 347 2596 430 347 2597 430 55 2598 438 55 2599 446 55 2600 446 348 2601 398 348 2602 430 348 2603</p>
        </triangles>
        <triangles material="Material_010-material" count="124">
          <input semantic="VERTEX" source="#Cylinder_010-mesh-vertices" offset="0"/>
          <input semantic="NORMAL" source="#Cylinder_010-mesh-normals" offset="1"/>
          <input semantic="TEXCOORD" source="#Cylinder_010-mesh-map-0" offset="2" set="0"/>
          <input semantic="TEXCOORD" source="#Cylinder_010-mesh-map-1" offset="2" set="1"/>
          <input semantic="TEXCOORD" source="#Cylinder_010-mesh-map-2" offset="2" set="2"/>
          <input semantic="TEXCOORD" source="#Cylinder_010-mesh-map-3" offset="2" set="3"/>
          <input semantic="TEXCOORD" source="#Cylinder_010-mesh-map-4" offset="2" set="4"/>
          <input semantic="TEXCOORD" source="#Cylinder_010-mesh-map-5" offset="2" set="5"/>
          <input semantic="TEXCOORD" source="#Cylinder_010-mesh-map-6" offset="2" set="6"/>
          <input semantic="TEXCOORD" source="#Cylinder_010-mesh-map-7" offset="2" set="7"/>
          <p>449 62 2604 450 62 2605 448 62 2606 451 63 2607 452 63 2608 450 63 2609 453 349 2610 454 349 2611 452 349 2612 455 65 2613 456 65 2614 454 65 2615 457 66 2616 458 66 2617 456 66 2618 459 350 2619 460 350 2620 458 350 2621 461 351 2622 462 351 2623 460 351 2624 463 69 2625 464 69 2626 462 69 2627 465 70 2628 466 70 2629 464 70 2630 467 352 2631 468 352 2632 466 352 2633 469 72 2634 470 72 2635 468 72 2636 471 73 2637 472 73 2638 470 73 2639 473 104 2640 474 104 2641 472 104 2642 475 353 2643 476 353 2644 474 353 2645 477 76 2646 478 76 2647 476 76 2648 479 77 2649 480 77 2650 478 77 2651 481 78 2652 482 78 2653 480 78 2654 483 79 2655 484 79 2656 482 79 2657 485 80 2658 486 80 2659 484 80 2660 487 81 2661 488 81 2662 486 81 2663 489 82 2664 490 82 2665 488 82 2666 491 83 2667 492 83 2668 490 83 2669 493 354 2670 494 354 2671 492 354 2672 495 355 2673 496 355 2674 494 355 2675 497 356 2676 498 356 2677 496 356 2678 499 357 2679 500 357 2680 498 357 2681 501 358 2682 502 358 2683 500 358 2684 503 359 2685 504 359 2686 502 359 2687 505 114 2688 506 114 2689 504 114 2690 507 360 2691 508 360 2692 506 360 2693 501 361 2694 485 361 2695 469 361 2696 509 93 2697 510 93 2698 508 93 2699 511 94 2700 448 94 2701 510 94 2702 462 362 2703 478 362 2704 494 362 2705 449 95 2706 451 95 2707 450 95 2708 451 63 2709 453 63 2710 452 63 2711 453 363 2712 455 363 2713 454 363 2714 455 97 2715 457 97 2716 456 97 2717 457 364 2718 459 364 2719 458 364 2720 459 99 2721 461 99 2722 460 99 2723 461 351 2724 463 351 2725 462 351 2726 463 100 2727 465 100 2728 464 100 2729 465 101 2730 467 101 2731 466 101 2732 467 352 2733 469 352 2734 468 352 2735 469 102 2736 471 102 2737 470 102 2738 471 73 2739 473 73 2740 472 73 2741 473 74 2742 475 74 2743 474 74 2744 475 365 2745 477 365 2746 476 365 2747 477 76 2748 479 76 2749 478 76 2750 479 106 2751 481 106 2752 480 106 2753 481 107 2754 483 107 2755 482 107 2756 483 79 2757 485 79 2758 484 79 2759 485 108 2760 487 108 2761 486 108 2762 487 81 2763 489 81 2764 488 81 2765 489 82 2766 491 82 2767 490 82 2768 491 110 2769 493 110 2770 492 110 2771 493 84 2772 495 84 2773 494 84 2774 495 366 2775 497 366 2776 496 366 2777 497 367 2778 499 367 2779 498 367 2780 499 87 2781 501 87 2782 500 87 2783 501 368 2784 503 368 2785 502 368 2786 503 369 2787 505 369 2788 504 369 2789 505 90 2790 507 90 2791 506 90 2792 507 370 2793 509 370 2794 508 370 2795 453 30 2796 451 30 2797 509 30 2798 451 30 2799 449 30 2800 509 30 2801 449 30 2802 511 30 2803 509 30 2804 509 150 2805 507 150 2806 505 150 2807 505 371 2808 503 371 2809 509 371 2810 503 372 2811 501 372 2812 509 372 2813 501 373 2814 499 373 2815 497 373 2816 497 374 2817 495 374 2818 493 374 2819 493 30 2820 491 30 2821 489 30 2822 489 375 2823 487 375 2824 485 375 2825 485 376 2826 483 376 2827 481 376 2828 481 30 2829 479 30 2830 477 30 2831 477 377 2832 475 377 2833 473 377 2834 473 30 2835 471 30 2836 469 30 2837 469 30 2838 467 30 2839 465 30 2840 465 30 2841 463 30 2842 461 30 2843 461 30 2844 459 30 2845 457 30 2846 457 143 2847 455 143 2848 453 143 2849 501 378 2850 497 378 2851 485 378 2852 497 30 2853 493 30 2854 485 30 2855 493 379 2856 489 379 2857 485 379 2858 485 30 2859 481 30 2860 477 30 2861 477 30 2862 473 30 2863 485 30 2864 473 121 2865 469 121 2866 485 121 2867 469 30 2868 465 30 2869 453 30 2870 465 122 2871 461 122 2872 453 122 2873 461 380 2874 457 380 2875 453 380 2876 453 30 2877 509 30 2878 501 30 2879 453 30 2880 501 30 2881 469 30 2882 509 93 2883 511 93 2884 510 93 2885 511 124 2886 449 124 2887 448 124 2888 510 55 2889 448 55 2890 450 55 2891 450 55 2892 452 55 2893 454 55 2894 454 55 2895 456 55 2896 458 55 2897 458 381 2898 460 381 2899 462 381 2900 462 55 2901 464 55 2902 466 55 2903 466 382 2904 468 382 2905 470 382 2906 470 55 2907 472 55 2908 474 55 2909 474 55 2910 476 55 2911 478 55 2912 478 55 2913 480 55 2914 482 55 2915 482 55 2916 484 55 2917 486 55 2918 486 55 2919 488 55 2920 490 55 2921 490 55 2922 492 55 2923 494 55 2924 494 55 2925 496 55 2926 498 55 2927 498 55 2928 500 55 2929 494 55 2930 500 55 2931 502 55 2932 494 55 2933 502 383 2934 504 383 2935 510 383 2936 504 55 2937 506 55 2938 510 55 2939 506 55 2940 508 55 2941 510 55 2942 510 55 2943 450 55 2944 462 55 2945 450 384 2946 454 384 2947 462 384 2948 454 55 2949 458 55 2950 462 55 2951 462 385 2952 466 385 2953 470 385 2954 470 386 2955 474 386 2956 462 386 2957 474 55 2958 478 55 2959 462 55 2960 478 55 2961 482 55 2962 494 55 2963 482 387 2964 486 387 2965 494 387 2966 486 55 2967 490 55 2968 494 55 2969 494 55 2970 502 55 2971 510 55 2972 510 55 2973 462 55 2974 494 55 2975</p>
        </triangles>
        <triangles material="Material_009-material" count="124">
          <input semantic="VERTEX" source="#Cylinder_010-mesh-vertices" offset="0"/>
          <input semantic="NORMAL" source="#Cylinder_010-mesh-normals" offset="1"/>
          <input semantic="TEXCOORD" source="#Cylinder_010-mesh-map-0" offset="2" set="0"/>
          <input semantic="TEXCOORD" source="#Cylinder_010-mesh-map-1" offset="2" set="1"/>
          <input semantic="TEXCOORD" source="#Cylinder_010-mesh-map-2" offset="2" set="2"/>
          <input semantic="TEXCOORD" source="#Cylinder_010-mesh-map-3" offset="2" set="3"/>
          <input semantic="TEXCOORD" source="#Cylinder_010-mesh-map-4" offset="2" set="4"/>
          <input semantic="TEXCOORD" source="#Cylinder_010-mesh-map-5" offset="2" set="5"/>
          <input semantic="TEXCOORD" source="#Cylinder_010-mesh-map-6" offset="2" set="6"/>
          <input semantic="TEXCOORD" source="#Cylinder_010-mesh-map-7" offset="2" set="7"/>
          <p>513 62 2976 514 62 2977 512 62 2978 515 63 2979 516 63 2980 514 63 2981 517 64 2982 518 64 2983 516 64 2984 519 130 2985 520 130 2986 518 130 2987 521 66 2988 522 66 2989 520 66 2990 523 67 2991 524 67 2992 522 67 2993 525 68 2994 526 68 2995 524 68 2996 527 69 2997 528 69 2998 526 69 2999 529 70 3000 530 70 3001 528 70 3002 531 71 3003 532 71 3004 530 71 3005 533 256 3006 534 256 3007 532 256 3008 535 103 3009 536 103 3010 534 103 3011 537 134 3012 538 134 3013 536 134 3014 539 75 3015 540 75 3016 538 75 3017 541 76 3018 542 76 3019 540 76 3020 543 77 3021 544 77 3022 542 77 3023 545 78 3024 546 78 3025 544 78 3026 547 79 3027 548 79 3028 546 79 3029 549 80 3030 550 80 3031 548 80 3032 551 81 3033 552 81 3034 550 81 3035 553 109 3036 554 109 3037 552 109 3038 555 83 3039 556 83 3040 554 83 3041 557 84 3042 558 84 3043 556 84 3044 559 85 3045 560 85 3046 558 85 3047 561 86 3048 562 86 3049 560 86 3050 563 87 3051 564 87 3052 562 87 3053 565 88 3054 566 88 3055 564 88 3056 567 89 3057 568 89 3058 566 89 3059 569 140 3060 570 140 3061 568 140 3062 571 91 3063 572 91 3064 570 91 3065 565 30 3066 549 30 3067 533 30 3068 573 93 3069 574 93 3070 572 93 3071 575 94 3072 512 94 3073 574 94 3074 526 388 3075 542 388 3076 558 388 3077 513 95 3078 515 95 3079 514 95 3080 515 63 3081 517 63 3082 516 63 3083 517 389 3084 519 389 3085 518 389 3086 519 130 3087 521 130 3088 520 130 3089 521 131 3090 523 131 3091 522 131 3092 523 390 3093 525 390 3094 524 390 3095 525 68 3096 527 68 3097 526 68 3098 527 100 3099 529 100 3100 528 100 3101 529 101 3102 531 101 3103 530 101 3104 531 71 3105 533 71 3106 532 71 3107 533 102 3108 535 102 3109 534 102 3110 535 133 3111 537 133 3112 536 133 3113 537 134 3114 539 134 3115 538 134 3116 539 391 3117 541 391 3118 540 391 3119 541 76 3120 543 76 3121 542 76 3122 543 106 3123 545 106 3124 544 106 3125 545 107 3126 547 107 3127 546 107 3128 547 79 3129 549 79 3130 548 79 3131 549 392 3132 551 392 3133 550 392 3134 551 81 3135 553 81 3136 552 81 3137 553 137 3138 555 137 3139 554 137 3140 555 229 3141 557 229 3142 556 229 3143 557 84 3144 559 84 3145 558 84 3146 559 111 3147 561 111 3148 560 111 3149 561 112 3150 563 112 3151 562 112 3152 563 87 3153 565 87 3154 564 87 3155 565 113 3156 567 113 3157 566 113 3158 567 89 3159 569 89 3160 568 89 3161 569 140 3162 571 140 3163 570 140 3164 571 393 3165 573 393 3166 572 393 3167 517 30 3168 515 30 3169 573 30 3170 515 30 3171 513 30 3172 573 30 3173 513 30 3174 575 30 3175 573 30 3176 573 150 3177 571 150 3178 569 150 3179 569 30 3180 567 30 3181 573 30 3182 567 372 3183 565 372 3184 573 372 3185 565 30 3186 563 30 3187 561 30 3188 561 30 3189 559 30 3190 557 30 3191 557 30 3192 555 30 3193 553 30 3194 553 394 3195 551 394 3196 549 394 3197 549 376 3198 547 376 3199 545 376 3200 545 30 3201 543 30 3202 541 30 3203 541 377 3204 539 377 3205 537 377 3206 537 395 3207 535 395 3208 533 395 3209 533 30 3210 531 30 3211 529 30 3212 529 30 3213 527 30 3214 525 30 3215 525 118 3216 523 118 3217 521 118 3218 521 396 3219 519 396 3220 517 396 3221 565 30 3222 561 30 3223 549 30 3224 561 30 3225 557 30 3226 549 30 3227 557 379 3228 553 379 3229 549 379 3230 549 30 3231 545 30 3232 541 30 3233 541 30 3234 537 30 3235 549 30 3236 537 121 3237 533 121 3238 549 121 3239 533 397 3240 529 397 3241 517 397 3242 529 30 3243 525 30 3244 517 30 3245 525 380 3246 521 380 3247 517 380 3248 517 30 3249 573 30 3250 565 30 3251 517 398 3252 565 398 3253 533 398 3254 573 93 3255 575 93 3256 574 93 3257 575 124 3258 513 124 3259 512 124 3260 574 55 3261 512 55 3262 514 55 3263 514 55 3264 516 55 3265 518 55 3266 518 55 3267 520 55 3268 522 55 3269 522 399 3270 524 399 3271 526 399 3272 526 55 3273 528 55 3274 530 55 3275 530 55 3276 532 55 3277 534 55 3278 534 400 3279 536 400 3280 538 400 3281 538 55 3282 540 55 3283 542 55 3284 542 55 3285 544 55 3286 546 55 3287 546 401 3288 548 401 3289 550 401 3290 550 55 3291 552 55 3292 554 55 3293 554 402 3294 556 402 3295 558 402 3296 558 55 3297 560 55 3298 562 55 3299 562 55 3300 564 55 3301 558 55 3302 564 55 3303 566 55 3304 558 55 3305 566 403 3306 568 403 3307 574 403 3308 568 55 3309 570 55 3310 574 55 3311 570 55 3312 572 55 3313 574 55 3314 574 55 3315 514 55 3316 526 55 3317 514 55 3318 518 55 3319 526 55 3320 518 55 3321 522 55 3322 526 55 3323 526 404 3324 530 404 3325 534 404 3326 534 405 3327 538 405 3328 526 405 3329 538 55 3330 542 55 3331 526 55 3332 542 55 3333 546 55 3334 558 55 3335 546 55 3336 550 55 3337 558 55 3338 550 55 3339 554 55 3340 558 55 3341 558 164 3342 566 164 3343 574 164 3344 574 406 3345 526 406 3346 558 406 3347</p>
        </triangles>
        <triangles material="Material_007-material" count="124">
          <input semantic="VERTEX" source="#Cylinder_010-mesh-vertices" offset="0"/>
          <input semantic="NORMAL" source="#Cylinder_010-mesh-normals" offset="1"/>
          <input semantic="TEXCOORD" source="#Cylinder_010-mesh-map-0" offset="2" set="0"/>
          <input semantic="TEXCOORD" source="#Cylinder_010-mesh-map-1" offset="2" set="1"/>
          <input semantic="TEXCOORD" source="#Cylinder_010-mesh-map-2" offset="2" set="2"/>
          <input semantic="TEXCOORD" source="#Cylinder_010-mesh-map-3" offset="2" set="3"/>
          <input semantic="TEXCOORD" source="#Cylinder_010-mesh-map-4" offset="2" set="4"/>
          <input semantic="TEXCOORD" source="#Cylinder_010-mesh-map-5" offset="2" set="5"/>
          <input semantic="TEXCOORD" source="#Cylinder_010-mesh-map-6" offset="2" set="6"/>
          <input semantic="TEXCOORD" source="#Cylinder_010-mesh-map-7" offset="2" set="7"/>
          <p>577 62 3348 578 62 3349 576 62 3350 579 63 3351 580 63 3352 578 63 3353 581 64 3354 582 64 3355 580 64 3356 583 130 3357 584 130 3358 582 130 3359 585 131 3360 586 131 3361 584 131 3362 587 166 3363 588 166 3364 586 166 3365 589 220 3366 590 220 3367 588 220 3368 591 69 3369 592 69 3370 590 69 3371 593 70 3372 594 70 3373 592 70 3374 595 223 3375 596 223 3376 594 223 3377 597 132 3378 598 132 3379 596 132 3380 599 133 3381 600 133 3382 598 133 3383 601 134 3384 602 134 3385 600 134 3386 603 75 3387 604 75 3388 602 75 3389 605 76 3390 606 76 3391 604 76 3392 607 77 3393 608 77 3394 606 77 3395 609 78 3396 610 78 3397 608 78 3398 611 79 3399 612 79 3400 610 79 3401 613 80 3402 614 80 3403 612 80 3404 615 81 3405 616 81 3406 614 81 3407 617 137 3408 618 137 3409 616 137 3410 619 83 3411 620 83 3412 618 83 3413 621 230 3414 622 230 3415 620 230 3416 623 261 3417 624 261 3418 622 261 3419 625 262 3420 626 262 3421 624 262 3422 627 233 3423 628 233 3424 626 233 3425 629 139 3426 630 139 3427 628 139 3428 631 89 3429 632 89 3430 630 89 3431 633 140 3432 634 140 3433 632 140 3434 635 91 3435 636 91 3436 634 91 3437 629 407 3438 613 407 3439 597 407 3440 637 93 3441 638 93 3442 636 93 3443 639 94 3444 576 94 3445 638 94 3446 590 388 3447 606 388 3448 622 388 3449 577 95 3450 579 95 3451 578 95 3452 579 63 3453 581 63 3454 580 63 3455 581 408 3456 583 408 3457 582 408 3458 583 130 3459 585 130 3460 584 130 3461 585 131 3462 587 131 3463 586 131 3464 587 409 3465 589 409 3466 588 409 3467 589 68 3468 591 68 3469 590 68 3470 591 100 3471 593 100 3472 592 100 3473 593 101 3474 595 101 3475 594 101 3476 595 71 3477 597 71 3478 596 71 3479 597 410 3480 599 410 3481 598 410 3482 599 133 3483 601 133 3484 600 133 3485 601 134 3486 603 134 3487 602 134 3488 603 411 3489 605 411 3490 604 411 3491 605 76 3492 607 76 3493 606 76 3494 607 106 3495 609 106 3496 608 106 3497 609 107 3498 611 107 3499 610 107 3500 611 79 3501 613 79 3502 612 79 3503 613 412 3504 615 412 3505 614 412 3506 615 81 3507 617 81 3508 616 81 3509 617 137 3510 619 137 3511 618 137 3512 619 324 3513 621 324 3514 620 324 3515 621 84 3516 623 84 3517 622 84 3518 623 111 3519 625 111 3520 624 111 3521 625 112 3522 627 112 3523 626 112 3524 627 87 3525 629 87 3526 628 87 3527 629 280 3528 631 280 3529 630 280 3530 631 89 3531 633 89 3532 632 89 3533 633 140 3534 635 140 3535 634 140 3536 635 413 3537 637 413 3538 636 413 3539 581 30 3540 579 30 3541 637 30 3542 579 30 3543 577 30 3544 637 30 3545 577 237 3546 639 237 3547 637 237 3548 637 414 3549 635 414 3550 633 414 3551 633 415 3552 631 415 3553 637 415 3554 631 30 3555 629 30 3556 637 30 3557 629 30 3558 627 30 3559 625 30 3560 625 30 3561 623 30 3562 621 30 3563 621 416 3564 619 416 3565 617 416 3566 617 417 3567 615 417 3568 613 417 3569 613 418 3570 611 418 3571 609 418 3572 609 240 3573 607 240 3574 605 240 3575 605 419 3576 603 419 3577 601 419 3578 601 420 3579 599 420 3580 597 420 3581 597 30 3582 595 30 3583 593 30 3584 593 30 3585 591 30 3586 589 30 3587 589 421 3588 587 421 3589 585 421 3590 585 422 3591 583 422 3592 581 422 3593 629 30 3594 625 30 3595 613 30 3596 625 30 3597 621 30 3598 613 30 3599 621 289 3600 617 289 3601 613 289 3602 613 30 3603 609 30 3604 605 30 3605 605 30 3606 601 30 3607 613 30 3608 601 30 3609 597 30 3610 613 30 3611 597 30 3612 593 30 3613 581 30 3614 593 30 3615 589 30 3616 581 30 3617 589 245 3618 585 245 3619 581 245 3620 581 30 3621 637 30 3622 629 30 3623 581 423 3624 629 423 3625 597 423 3626 637 93 3627 639 93 3628 638 93 3629 639 124 3630 577 124 3631 576 124 3632 638 55 3633 576 55 3634 578 55 3635 578 55 3636 580 55 3637 582 55 3638 582 55 3639 584 55 3640 586 55 3641 586 399 3642 588 399 3643 590 399 3644 590 55 3645 592 55 3646 594 55 3647 594 424 3648 596 424 3649 598 424 3650 598 55 3651 600 55 3652 602 55 3653 602 55 3654 604 55 3655 606 55 3656 606 55 3657 608 55 3658 610 55 3659 610 55 3660 612 55 3661 614 55 3662 614 55 3663 616 55 3664 618 55 3665 618 55 3666 620 55 3667 622 55 3668 622 55 3669 624 55 3670 626 55 3671 626 55 3672 628 55 3673 622 55 3674 628 55 3675 630 55 3676 622 55 3677 630 425 3678 632 425 3679 638 425 3680 632 55 3681 634 55 3682 638 55 3683 634 55 3684 636 55 3685 638 55 3686 638 55 3687 578 55 3688 590 55 3689 578 426 3690 582 426 3691 590 426 3692 582 55 3693 586 55 3694 590 55 3695 590 404 3696 594 404 3697 598 404 3698 598 405 3699 602 405 3700 590 405 3701 602 55 3702 606 55 3703 590 55 3704 606 55 3705 610 55 3706 622 55 3707 610 427 3708 614 427 3709 622 427 3710 614 55 3711 618 55 3712 622 55 3713 622 55 3714 630 55 3715 638 55 3716 638 55 3717 590 55 3718 622 55 3719</p>
        </triangles>
        <triangles material="Material_008-material" count="124">
          <input semantic="VERTEX" source="#Cylinder_010-mesh-vertices" offset="0"/>
          <input semantic="NORMAL" source="#Cylinder_010-mesh-normals" offset="1"/>
          <input semantic="TEXCOORD" source="#Cylinder_010-mesh-map-0" offset="2" set="0"/>
          <input semantic="TEXCOORD" source="#Cylinder_010-mesh-map-1" offset="2" set="1"/>
          <input semantic="TEXCOORD" source="#Cylinder_010-mesh-map-2" offset="2" set="2"/>
          <input semantic="TEXCOORD" source="#Cylinder_010-mesh-map-3" offset="2" set="3"/>
          <input semantic="TEXCOORD" source="#Cylinder_010-mesh-map-4" offset="2" set="4"/>
          <input semantic="TEXCOORD" source="#Cylinder_010-mesh-map-5" offset="2" set="5"/>
          <input semantic="TEXCOORD" source="#Cylinder_010-mesh-map-6" offset="2" set="6"/>
          <input semantic="TEXCOORD" source="#Cylinder_010-mesh-map-7" offset="2" set="7"/>
          <p>641 62 3720 642 62 3721 640 62 3722 643 63 3723 644 63 3724 642 63 3725 645 64 3726 646 64 3727 644 64 3728 647 65 3729 648 65 3730 646 65 3731 649 98 3732 650 98 3733 648 98 3734 651 428 3735 652 428 3736 650 428 3737 653 68 3738 654 68 3739 652 68 3740 655 69 3741 656 69 3742 654 69 3743 657 70 3744 658 70 3745 656 70 3746 659 71 3747 660 71 3748 658 71 3749 661 72 3750 662 72 3751 660 72 3752 663 73 3753 664 73 3754 662 73 3755 665 104 3756 666 104 3757 664 104 3758 667 75 3759 668 75 3760 666 75 3761 669 76 3762 670 76 3763 668 76 3764 671 77 3765 672 77 3766 670 77 3767 673 78 3768 674 78 3769 672 78 3770 675 79 3771 676 79 3772 674 79 3773 677 80 3774 678 80 3775 676 80 3776 679 81 3777 680 81 3778 678 81 3779 681 82 3780 682 82 3781 680 82 3782 683 83 3783 684 83 3784 682 83 3785 685 84 3786 686 84 3787 684 84 3788 687 85 3789 688 85 3790 686 85 3791 689 86 3792 690 86 3793 688 86 3794 691 87 3795 692 87 3796 690 87 3797 693 88 3798 694 88 3799 692 88 3800 695 89 3801 696 89 3802 694 89 3803 697 114 3804 698 114 3805 696 114 3806 699 91 3807 700 91 3808 698 91 3809 693 361 3810 677 361 3811 661 361 3812 701 93 3813 702 93 3814 700 93 3815 703 94 3816 640 94 3817 702 94 3818 654 429 3819 670 429 3820 686 429 3821 641 95 3822 643 95 3823 642 95 3824 643 63 3825 645 63 3826 644 63 3827 645 96 3828 647 96 3829 646 96 3830 647 97 3831 649 97 3832 648 97 3833 649 66 3834 651 66 3835 650 66 3836 651 99 3837 653 99 3838 652 99 3839 653 68 3840 655 68 3841 654 68 3842 655 430 3843 657 430 3844 656 430 3845 657 431 3846 659 431 3847 658 431 3848 659 71 3849 661 71 3850 660 71 3851 661 224 3852 663 224 3853 662 224 3854 663 103 3855 665 103 3856 664 103 3857 665 74 3858 667 74 3859 666 74 3860 667 105 3861 669 105 3862 668 105 3863 669 76 3864 671 76 3865 670 76 3866 671 106 3867 673 106 3868 672 106 3869 673 107 3870 675 107 3871 674 107 3872 675 79 3873 677 79 3874 676 79 3875 677 108 3876 679 108 3877 678 108 3878 679 81 3879 681 81 3880 680 81 3881 681 109 3882 683 109 3883 682 109 3884 683 432 3885 685 432 3886 684 432 3887 685 84 3888 687 84 3889 686 84 3890 687 111 3891 689 111 3892 688 111 3893 689 112 3894 691 112 3895 690 112 3896 691 87 3897 693 87 3898 692 87 3899 693 113 3900 695 113 3901 694 113 3902 695 89 3903 697 89 3904 696 89 3905 697 90 3906 699 90 3907 698 90 3908 699 115 3909 701 115 3910 700 115 3911 645 30 3912 643 30 3913 701 30 3914 643 30 3915 641 30 3916 701 30 3917 641 30 3918 703 30 3919 701 30 3920 701 433 3921 699 433 3922 697 433 3923 697 434 3924 695 434 3925 701 434 3926 695 372 3927 693 372 3928 701 372 3929 693 30 3930 691 30 3931 689 30 3932 689 30 3933 687 30 3934 685 30 3935 685 30 3936 683 30 3937 681 30 3938 681 394 3939 679 394 3940 677 394 3941 677 418 3942 675 418 3943 673 418 3944 673 30 3945 671 30 3946 669 30 3947 669 435 3948 667 435 3949 665 435 3950 665 30 3951 663 30 3952 661 30 3953 661 30 3954 659 30 3955 657 30 3956 657 30 3957 655 30 3958 653 30 3959 653 30 3960 651 30 3961 649 30 3962 649 396 3963 647 396 3964 645 396 3965 693 378 3966 689 378 3967 677 378 3968 689 436 3969 685 436 3970 677 436 3971 685 379 3972 681 379 3973 677 379 3974 677 30 3975 673 30 3976 669 30 3977 669 30 3978 665 30 3979 677 30 3980 665 30 3981 661 30 3982 677 30 3983 661 437 3984 657 437 3985 645 437 3986 657 30 3987 653 30 3988 645 30 3989 653 30 3990 649 30 3991 645 30 3992 645 30 3993 701 30 3994 693 30 3995 645 438 3996 693 438 3997 661 438 3998 701 93 3999 703 93 4000 702 93 4001 703 124 4002 641 124 4003 640 124 4004 702 55 4005 640 55 4006 642 55 4007 642 55 4008 644 55 4009 646 55 4010 646 55 4011 648 55 4012 650 55 4013 650 439 4014 652 439 4015 654 439 4016 654 55 4017 656 55 4018 658 55 4019 658 440 4020 660 440 4021 662 440 4022 662 55 4023 664 55 4024 666 55 4025 666 55 4026 668 55 4027 670 55 4028 670 55 4029 672 55 4030 674 55 4031 674 55 4032 676 55 4033 678 55 4034 678 441 4035 680 441 4036 682 441 4037 682 442 4038 684 442 4039 686 442 4040 686 55 4041 688 55 4042 690 55 4043 690 55 4044 692 55 4045 686 55 4046 692 55 4047 694 55 4048 686 55 4049 694 403 4050 696 403 4051 702 403 4052 696 443 4053 698 443 4054 702 443 4055 698 55 4056 700 55 4057 702 55 4058 702 55 4059 642 55 4060 654 55 4061 642 55 4062 646 55 4063 654 55 4064 646 55 4065 650 55 4066 654 55 4067 654 444 4068 658 444 4069 662 444 4070 662 55 4071 666 55 4072 654 55 4073 666 445 4074 670 445 4075 654 445 4076 670 55 4077 674 55 4078 686 55 4079 674 55 4080 678 55 4081 686 55 4082 678 55 4083 682 55 4084 686 55 4085 686 164 4086 694 164 4087 702 164 4088 702 446 4089 654 446 4090 686 446 4091</p>
        </triangles>
        <triangles material="Material_012-material" count="124">
          <input semantic="VERTEX" source="#Cylinder_010-mesh-vertices" offset="0"/>
          <input semantic="NORMAL" source="#Cylinder_010-mesh-normals" offset="1"/>
          <input semantic="TEXCOORD" source="#Cylinder_010-mesh-map-0" offset="2" set="0"/>
          <input semantic="TEXCOORD" source="#Cylinder_010-mesh-map-1" offset="2" set="1"/>
          <input semantic="TEXCOORD" source="#Cylinder_010-mesh-map-2" offset="2" set="2"/>
          <input semantic="TEXCOORD" source="#Cylinder_010-mesh-map-3" offset="2" set="3"/>
          <input semantic="TEXCOORD" source="#Cylinder_010-mesh-map-4" offset="2" set="4"/>
          <input semantic="TEXCOORD" source="#Cylinder_010-mesh-map-5" offset="2" set="5"/>
          <input semantic="TEXCOORD" source="#Cylinder_010-mesh-map-6" offset="2" set="6"/>
          <input semantic="TEXCOORD" source="#Cylinder_010-mesh-map-7" offset="2" set="7"/>
          <p>705 0 4092 706 0 4093 704 0 4094 707 1 4095 708 1 4096 706 1 4097 709 447 4098 710 447 4099 708 447 4100 711 3 4101 712 3 4102 710 3 4103 713 4 4104 714 4 4105 712 4 4106 715 448 4107 716 448 4108 714 448 4109 717 449 4110 718 449 4111 716 449 4112 719 450 4113 720 450 4114 718 450 4115 721 451 4116 722 451 4117 720 451 4118 723 452 4119 724 452 4120 722 452 4121 725 10 4122 726 10 4123 724 10 4124 727 11 4125 728 11 4126 726 11 4127 729 12 4128 730 12 4129 728 12 4130 731 453 4131 732 453 4132 730 453 4133 733 14 4134 734 14 4135 732 14 4136 735 15 4137 736 15 4138 734 15 4139 737 16 4140 738 16 4141 736 16 4142 739 17 4143 740 17 4144 738 17 4145 741 454 4146 742 454 4147 740 454 4148 743 19 4149 744 19 4150 742 19 4151 745 20 4152 746 20 4153 744 20 4154 747 455 4155 748 455 4156 746 455 4157 749 456 4158 750 456 4159 748 456 4160 751 457 4161 752 457 4162 750 457 4163 753 458 4164 754 458 4165 752 458 4166 755 459 4167 756 459 4168 754 459 4169 757 460 4170 758 460 4171 756 460 4172 759 27 4173 760 27 4174 758 27 4175 761 28 4176 762 28 4177 760 28 4178 763 461 4179 764 461 4180 762 461 4181 757 462 4182 741 462 4183 725 462 4184 765 31 4185 766 31 4186 764 31 4187 767 32 4188 704 32 4189 766 32 4190 718 463 4191 734 463 4192 750 463 4193 705 0 4194 707 0 4195 706 0 4196 707 34 4197 709 34 4198 708 34 4199 709 2 4200 711 2 4201 710 2 4202 711 35 4203 713 35 4204 712 35 4205 713 464 4206 715 464 4207 714 464 4208 715 465 4209 717 465 4210 716 465 4211 717 466 4212 719 466 4213 718 466 4214 719 467 4215 721 467 4216 720 467 4217 721 468 4218 723 468 4219 722 468 4220 723 469 4221 725 469 4222 724 469 4223 725 470 4224 727 470 4225 726 470 4226 727 471 4227 729 471 4228 728 471 4229 729 44 4230 731 44 4231 730 44 4232 731 13 4233 733 13 4234 732 13 4235 733 45 4236 735 45 4237 734 45 4238 735 15 4239 737 15 4240 736 15 4241 737 16 4242 739 16 4243 738 16 4244 739 46 4245 741 46 4246 740 46 4247 741 18 4248 743 18 4249 742 18 4250 743 47 4251 745 47 4252 744 47 4253 745 472 4254 747 472 4255 746 472 4256 747 473 4257 749 473 4258 748 473 4259 749 474 4260 751 474 4261 750 474 4262 751 475 4263 753 475 4264 752 475 4265 753 476 4266 755 476 4267 754 476 4268 755 477 4269 757 477 4270 756 477 4271 757 478 4272 759 478 4273 758 478 4274 759 27 4275 761 27 4276 760 27 4277 761 28 4278 763 28 4279 762 28 4280 763 29 4281 765 29 4282 764 29 4283 709 30 4284 707 30 4285 765 30 4286 707 30 4287 705 30 4288 765 30 4289 705 30 4290 767 30 4291 765 30 4292 765 479 4293 763 479 4294 761 479 4295 761 480 4296 759 480 4297 765 480 4298 759 481 4299 757 481 4300 765 481 4301 757 482 4302 755 482 4303 753 482 4304 753 483 4305 751 483 4306 749 483 4307 749 30 4308 747 30 4309 745 30 4310 745 479 4311 743 479 4312 741 479 4313 741 484 4314 739 484 4315 737 484 4316 737 30 4317 735 30 4318 733 30 4319 733 485 4320 731 485 4321 729 485 4322 729 30 4323 727 30 4324 725 30 4325 725 30 4326 723 30 4327 721 30 4328 721 30 4329 719 30 4330 717 30 4331 717 30 4332 715 30 4333 713 30 4334 713 486 4335 711 486 4336 709 486 4337 757 487 4338 753 487 4339 741 487 4340 753 488 4341 749 488 4342 741 488 4343 749 489 4344 745 489 4345 741 489 4346 741 30 4347 737 30 4348 733 30 4349 733 30 4350 729 30 4351 741 30 4352 729 490 4353 725 490 4354 741 490 4355 725 30 4356 721 30 4357 709 30 4358 721 491 4359 717 491 4360 709 491 4361 717 492 4362 713 492 4363 709 492 4364 709 30 4365 765 30 4366 757 30 4367 709 30 4368 757 30 4369 725 30 4370 765 54 4371 767 54 4372 766 54 4373 767 32 4374 705 32 4375 704 32 4376 766 55 4377 704 55 4378 706 55 4379 706 493 4380 708 493 4381 710 493 4382 710 55 4383 712 55 4384 714 55 4385 714 494 4386 716 494 4387 718 494 4388 718 55 4389 720 55 4390 722 55 4391 722 495 4392 724 495 4393 726 495 4394 726 55 4395 728 55 4396 730 55 4397 730 496 4398 732 496 4399 734 496 4400 734 55 4401 736 55 4402 738 55 4403 738 497 4404 740 497 4405 742 497 4406 742 498 4407 744 498 4408 746 498 4409 746 499 4410 748 499 4411 750 499 4412 750 55 4413 752 55 4414 754 55 4415 754 500 4416 756 500 4417 750 500 4418 756 55 4419 758 55 4420 750 55 4421 758 55 4422 760 55 4423 766 55 4424 760 501 4425 762 501 4426 766 501 4427 762 502 4428 764 502 4429 766 502 4430 766 55 4431 706 55 4432 718 55 4433 706 55 4434 710 55 4435 718 55 4436 710 503 4437 714 503 4438 718 503 4439 718 55 4440 722 55 4441 726 55 4442 726 55 4443 730 55 4444 718 55 4445 730 504 4446 734 504 4447 718 504 4448 734 55 4449 738 55 4450 750 55 4451 738 55 4452 742 55 4453 750 55 4454 742 55 4455 746 55 4456 750 55 4457 750 505 4458 758 505 4459 766 505 4460 766 506 4461 718 506 4462 750 506 4463</p>
        </triangles>
        <triangles material="Material_013-material" count="124">
          <input semantic="VERTEX" source="#Cylinder_010-mesh-vertices" offset="0"/>
          <input semantic="NORMAL" source="#Cylinder_010-mesh-normals" offset="1"/>
          <input semantic="TEXCOORD" source="#Cylinder_010-mesh-map-0" offset="2" set="0"/>
          <input semantic="TEXCOORD" source="#Cylinder_010-mesh-map-1" offset="2" set="1"/>
          <input semantic="TEXCOORD" source="#Cylinder_010-mesh-map-2" offset="2" set="2"/>
          <input semantic="TEXCOORD" source="#Cylinder_010-mesh-map-3" offset="2" set="3"/>
          <input semantic="TEXCOORD" source="#Cylinder_010-mesh-map-4" offset="2" set="4"/>
          <input semantic="TEXCOORD" source="#Cylinder_010-mesh-map-5" offset="2" set="5"/>
          <input semantic="TEXCOORD" source="#Cylinder_010-mesh-map-6" offset="2" set="6"/>
          <input semantic="TEXCOORD" source="#Cylinder_010-mesh-map-7" offset="2" set="7"/>
          <p>769 0 4464 770 0 4465 768 0 4466 771 1 4467 772 1 4468 770 1 4469 773 2 4470 774 2 4471 772 2 4472 775 507 4473 776 507 4474 774 507 4475 777 508 4476 778 508 4477 776 508 4478 779 448 4479 780 448 4480 778 448 4481 781 449 4482 782 449 4483 780 449 4484 783 450 4485 784 450 4486 782 450 4487 785 451 4488 786 451 4489 784 451 4490 787 452 4491 788 452 4492 786 452 4493 789 509 4494 790 509 4495 788 509 4496 791 510 4497 792 510 4498 790 510 4499 793 511 4500 794 511 4501 792 511 4502 795 13 4503 796 13 4504 794 13 4505 797 14 4506 798 14 4507 796 14 4508 799 15 4509 800 15 4510 798 15 4511 801 16 4512 802 16 4513 800 16 4514 803 17 4515 804 17 4516 802 17 4517 805 18 4518 806 18 4519 804 18 4520 807 19 4521 808 19 4522 806 19 4523 809 512 4524 810 512 4525 808 512 4526 811 473 4527 812 473 4528 810 473 4529 813 456 4530 814 456 4531 812 456 4532 815 457 4533 816 457 4534 814 457 4535 817 458 4536 818 458 4537 816 458 4538 819 459 4539 820 459 4540 818 459 4541 821 513 4542 822 513 4543 820 513 4544 823 27 4545 824 27 4546 822 27 4547 825 514 4548 826 514 4549 824 514 4550 827 29 4551 828 29 4552 826 29 4553 821 462 4554 805 462 4555 789 462 4556 829 31 4557 830 31 4558 828 31 4559 831 32 4560 768 32 4561 830 32 4562 782 55 4563 798 55 4564 814 55 4565 769 0 4566 771 0 4567 770 0 4568 771 34 4569 773 34 4570 772 34 4571 773 2 4572 775 2 4573 774 2 4574 775 515 4575 777 515 4576 776 515 4577 777 516 4578 779 516 4579 778 516 4580 779 465 4581 781 465 4582 780 465 4583 781 466 4584 783 466 4585 782 466 4586 783 467 4587 785 467 4588 784 467 4589 785 468 4590 787 468 4591 786 468 4592 787 469 4593 789 469 4594 788 469 4595 789 470 4596 791 470 4597 790 470 4598 791 471 4599 793 471 4600 792 471 4601 793 517 4602 795 517 4603 794 517 4604 795 13 4605 797 13 4606 796 13 4607 797 45 4608 799 45 4609 798 45 4610 799 15 4611 801 15 4612 800 15 4613 801 16 4614 803 16 4615 802 16 4616 803 46 4617 805 46 4618 804 46 4619 805 18 4620 807 18 4621 806 18 4622 807 47 4623 809 47 4624 808 47 4625 809 472 4626 811 472 4627 810 472 4628 811 473 4629 813 473 4630 812 473 4631 813 474 4632 815 474 4633 814 474 4634 815 475 4635 817 475 4636 816 475 4637 817 476 4638 819 476 4639 818 476 4640 819 477 4641 821 477 4642 820 477 4643 821 478 4644 823 478 4645 822 478 4646 823 27 4647 825 27 4648 824 27 4649 825 518 4650 827 518 4651 826 518 4652 827 29 4653 829 29 4654 828 29 4655 773 30 4656 771 30 4657 829 30 4658 771 30 4659 769 30 4660 829 30 4661 769 30 4662 831 30 4663 829 30 4664 829 30 4665 827 30 4666 825 30 4667 825 30 4668 823 30 4669 829 30 4670 823 30 4671 821 30 4672 829 30 4673 821 30 4674 819 30 4675 817 30 4676 817 30 4677 815 30 4678 813 30 4679 813 486 4680 811 486 4681 809 486 4682 809 30 4683 807 30 4684 805 30 4685 805 30 4686 803 30 4687 801 30 4688 801 30 4689 799 30 4690 797 30 4691 797 30 4692 795 30 4693 793 30 4694 793 519 4695 791 519 4696 789 519 4697 789 30 4698 787 30 4699 785 30 4700 785 30 4701 783 30 4702 781 30 4703 781 520 4704 779 520 4705 777 520 4706 777 30 4707 775 30 4708 773 30 4709 821 487 4710 817 487 4711 805 487 4712 817 30 4713 813 30 4714 805 30 4715 813 521 4716 809 521 4717 805 521 4718 805 30 4719 801 30 4720 797 30 4721 797 30 4722 793 30 4723 805 30 4724 793 490 4725 789 490 4726 805 490 4727 789 30 4728 785 30 4729 773 30 4730 785 522 4731 781 522 4732 773 522 4733 781 523 4734 777 523 4735 773 523 4736 773 30 4737 829 30 4738 821 30 4739 773 30 4740 821 30 4741 789 30 4742 829 54 4743 831 54 4744 830 54 4745 831 32 4746 769 32 4747 768 32 4748 830 55 4749 768 55 4750 770 55 4751 770 55 4752 772 55 4753 774 55 4754 774 55 4755 776 55 4756 778 55 4757 778 524 4758 780 524 4759 782 524 4760 782 55 4761 784 55 4762 786 55 4763 786 495 4764 788 495 4765 790 495 4766 790 55 4767 792 55 4768 794 55 4769 794 55 4770 796 55 4771 798 55 4772 798 55 4773 800 55 4774 802 55 4775 802 55 4776 804 55 4777 806 55 4778 806 55 4779 808 55 4780 810 55 4781 810 499 4782 812 499 4783 814 499 4784 814 55 4785 816 55 4786 818 55 4787 818 55 4788 820 55 4789 814 55 4790 820 55 4791 822 55 4792 814 55 4793 822 55 4794 824 55 4795 830 55 4796 824 55 4797 826 55 4798 830 55 4799 826 55 4800 828 55 4801 830 55 4802 830 55 4803 770 55 4804 782 55 4805 770 55 4806 774 55 4807 782 55 4808 774 55 4809 778 55 4810 782 55 4811 782 525 4812 786 525 4813 790 525 4814 790 55 4815 794 55 4816 782 55 4817 794 55 4818 798 55 4819 782 55 4820 798 55 4821 802 55 4822 814 55 4823 802 55 4824 806 55 4825 814 55 4826 806 55 4827 810 55 4828 814 55 4829 814 55 4830 822 55 4831 830 55 4832 830 55 4833 782 55 4834 814 55 4835</p>
        </triangles>
        <triangles material="Material_015-material" count="124">
          <input semantic="VERTEX" source="#Cylinder_010-mesh-vertices" offset="0"/>
          <input semantic="NORMAL" source="#Cylinder_010-mesh-normals" offset="1"/>
          <input semantic="TEXCOORD" source="#Cylinder_010-mesh-map-0" offset="2" set="0"/>
          <input semantic="TEXCOORD" source="#Cylinder_010-mesh-map-1" offset="2" set="1"/>
          <input semantic="TEXCOORD" source="#Cylinder_010-mesh-map-2" offset="2" set="2"/>
          <input semantic="TEXCOORD" source="#Cylinder_010-mesh-map-3" offset="2" set="3"/>
          <input semantic="TEXCOORD" source="#Cylinder_010-mesh-map-4" offset="2" set="4"/>
          <input semantic="TEXCOORD" source="#Cylinder_010-mesh-map-5" offset="2" set="5"/>
          <input semantic="TEXCOORD" source="#Cylinder_010-mesh-map-6" offset="2" set="6"/>
          <input semantic="TEXCOORD" source="#Cylinder_010-mesh-map-7" offset="2" set="7"/>
          <p>833 526 4836 834 526 4837 832 526 4838 835 527 4839 836 527 4840 834 527 4841 837 528 4842 838 528 4843 836 528 4844 839 529 4845 840 529 4846 838 529 4847 841 530 4848 842 530 4849 840 530 4850 843 531 4851 844 531 4852 842 531 4853 845 532 4854 846 532 4855 844 532 4856 847 533 4857 848 533 4858 846 533 4859 849 534 4860 850 534 4861 848 534 4862 851 535 4863 852 535 4864 850 535 4865 853 536 4866 854 536 4867 852 536 4868 855 537 4869 856 537 4870 854 537 4871 857 538 4872 858 538 4873 856 538 4874 859 539 4875 860 539 4876 858 539 4877 861 540 4878 862 540 4879 860 540 4880 863 541 4881 864 541 4882 862 541 4883 865 542 4884 866 542 4885 864 542 4886 867 543 4887 868 543 4888 866 543 4889 869 544 4890 870 544 4891 868 544 4892 871 545 4893 872 545 4894 870 545 4895 873 546 4896 874 546 4897 872 546 4898 875 547 4899 876 547 4900 874 547 4901 877 548 4902 878 548 4903 876 548 4904 879 549 4905 880 549 4906 878 549 4907 881 550 4908 882 550 4909 880 550 4910 883 551 4911 884 551 4912 882 551 4913 885 26 4914 886 26 4915 884 26 4916 887 552 4917 888 552 4918 886 552 4919 889 553 4920 890 553 4921 888 553 4922 891 554 4923 892 554 4924 890 554 4925 885 30 4926 869 30 4927 853 30 4928 893 555 4929 894 555 4930 892 555 4931 895 556 4932 832 556 4933 894 556 4934 846 55 4935 862 55 4936 878 55 4937 833 557 4938 835 557 4939 834 557 4940 835 527 4941 837 527 4942 836 527 4943 837 558 4944 839 558 4945 838 558 4946 839 529 4947 841 529 4948 840 529 4949 841 464 4950 843 464 4951 842 464 4952 843 465 4953 845 465 4954 844 465 4955 845 559 4956 847 559 4957 846 559 4958 847 560 4959 849 560 4960 848 560 4961 849 561 4962 851 561 4963 850 561 4964 851 562 4965 853 562 4966 852 562 4967 853 563 4968 855 563 4969 854 563 4970 855 471 4971 857 471 4972 856 471 4973 857 564 4974 859 564 4975 858 564 4976 859 565 4977 861 565 4978 860 565 4979 861 540 4980 863 540 4981 862 540 4982 863 566 4983 865 566 4984 864 566 4985 865 567 4986 867 567 4987 866 567 4988 867 568 4989 869 568 4990 868 568 4991 869 569 4992 871 569 4993 870 569 4994 871 570 4995 873 570 4996 872 570 4997 873 472 4998 875 472 4999 874 472 5000 875 571 5001 877 571 5002 876 571 5003 877 572 5004 879 572 5005 878 572 5006 879 573 5007 881 573 5008 880 573 5009 881 574 5010 883 574 5011 882 574 5012 883 575 5013 885 575 5014 884 575 5015 885 576 5016 887 576 5017 886 576 5018 887 577 5019 889 577 5020 888 577 5021 889 578 5022 891 578 5023 890 578 5024 891 579 5025 893 579 5026 892 579 5027 837 30 5028 835 30 5029 893 30 5030 835 30 5031 833 30 5032 893 30 5033 833 580 5034 895 580 5035 893 580 5036 893 30 5037 891 30 5038 889 30 5039 889 30 5040 887 30 5041 893 30 5042 887 581 5043 885 581 5044 893 581 5045 885 30 5046 883 30 5047 881 30 5048 881 30 5049 879 30 5050 877 30 5051 877 30 5052 875 30 5053 873 30 5054 873 30 5055 871 30 5056 869 30 5057 869 582 5058 867 582 5059 865 582 5060 865 583 5061 863 583 5062 861 583 5063 861 30 5064 859 30 5065 857 30 5066 857 30 5067 855 30 5068 853 30 5069 853 30 5070 851 30 5071 849 30 5072 849 30 5073 847 30 5074 845 30 5075 845 30 5076 843 30 5077 841 30 5078 841 30 5079 839 30 5080 837 30 5081 885 30 5082 881 30 5083 869 30 5084 881 584 5085 877 584 5086 869 584 5087 877 585 5088 873 585 5089 869 585 5090 869 30 5091 865 30 5092 861 30 5093 861 30 5094 857 30 5095 869 30 5096 857 30 5097 853 30 5098 869 30 5099 853 586 5100 849 586 5101 837 586 5102 849 587 5103 845 587 5104 837 587 5105 845 588 5106 841 588 5107 837 588 5108 837 30 5109 893 30 5110 885 30 5111 837 30 5112 885 30 5113 853 30 5114 893 589 5115 895 589 5116 894 589 5117 895 590 5118 833 590 5119 832 590 5120 894 55 5121 832 55 5122 834 55 5123 834 55 5124 836 55 5125 838 55 5126 838 55 5127 840 55 5128 842 55 5129 842 55 5130 844 55 5131 846 55 5132 846 55 5133 848 55 5134 850 55 5135 850 55 5136 852 55 5137 854 55 5138 854 55 5139 856 55 5140 858 55 5141 858 55 5142 860 55 5143 862 55 5144 862 55 5145 864 55 5146 866 55 5147 866 55 5148 868 55 5149 870 55 5150 870 55 5151 872 55 5152 874 55 5153 874 591 5154 876 591 5155 878 591 5156 878 55 5157 880 55 5158 882 55 5159 882 592 5160 884 592 5161 878 592 5162 884 593 5163 886 593 5164 878 593 5165 886 594 5166 888 594 5167 894 594 5168 888 55 5169 890 55 5170 894 55 5171 890 55 5172 892 55 5173 894 55 5174 894 55 5175 834 55 5176 846 55 5177 834 595 5178 838 595 5179 846 595 5180 838 55 5181 842 55 5182 846 55 5183 846 55 5184 850 55 5185 854 55 5186 854 55 5187 858 55 5188 846 55 5189 858 55 5190 862 55 5191 846 55 5192 862 55 5193 866 55 5194 878 55 5195 866 596 5196 870 596 5197 878 596 5198 870 55 5199 874 55 5200 878 55 5201 878 597 5202 886 597 5203 894 597 5204 894 598 5205 846 598 5206 878 598 5207</p>
        </triangles>
        <triangles material="Material_014-material" count="124">
          <input semantic="VERTEX" source="#Cylinder_010-mesh-vertices" offset="0"/>
          <input semantic="NORMAL" source="#Cylinder_010-mesh-normals" offset="1"/>
          <input semantic="TEXCOORD" source="#Cylinder_010-mesh-map-0" offset="2" set="0"/>
          <input semantic="TEXCOORD" source="#Cylinder_010-mesh-map-1" offset="2" set="1"/>
          <input semantic="TEXCOORD" source="#Cylinder_010-mesh-map-2" offset="2" set="2"/>
          <input semantic="TEXCOORD" source="#Cylinder_010-mesh-map-3" offset="2" set="3"/>
          <input semantic="TEXCOORD" source="#Cylinder_010-mesh-map-4" offset="2" set="4"/>
          <input semantic="TEXCOORD" source="#Cylinder_010-mesh-map-5" offset="2" set="5"/>
          <input semantic="TEXCOORD" source="#Cylinder_010-mesh-map-6" offset="2" set="6"/>
          <input semantic="TEXCOORD" source="#Cylinder_010-mesh-map-7" offset="2" set="7"/>
          <p>897 0 5208 898 0 5209 896 0 5210 899 1 5211 900 1 5212 898 1 5213 901 2 5214 902 2 5215 900 2 5216 903 3 5217 904 3 5218 902 3 5219 905 4 5220 906 4 5221 904 4 5222 907 5 5223 908 5 5224 906 5 5225 909 599 5226 910 599 5227 908 599 5228 911 600 5229 912 600 5230 910 600 5231 913 601 5232 914 601 5233 912 601 5234 915 9 5235 916 9 5236 914 9 5237 917 10 5238 918 10 5239 916 10 5240 919 11 5241 920 11 5242 918 11 5243 921 12 5244 922 12 5245 920 12 5246 923 13 5247 924 13 5248 922 13 5249 925 14 5250 926 14 5251 924 14 5252 927 15 5253 928 15 5254 926 15 5255 929 16 5256 930 16 5257 928 16 5258 931 17 5259 932 17 5260 930 17 5261 933 18 5262 934 18 5263 932 18 5264 935 19 5265 936 19 5266 934 19 5267 937 20 5268 938 20 5269 936 20 5270 939 571 5271 940 571 5272 938 571 5273 941 602 5274 942 602 5275 940 602 5276 943 603 5277 944 603 5278 942 603 5279 945 604 5280 946 604 5281 944 604 5282 947 605 5283 948 605 5284 946 605 5285 949 460 5286 950 460 5287 948 460 5288 951 27 5289 952 27 5290 950 27 5291 953 28 5292 954 28 5293 952 28 5294 955 29 5295 956 29 5296 954 29 5297 949 30 5298 933 30 5299 917 30 5300 957 31 5301 958 31 5302 956 31 5303 959 32 5304 896 32 5305 958 32 5306 910 606 5307 926 606 5308 942 606 5309 897 0 5310 899 0 5311 898 0 5312 899 34 5313 901 34 5314 900 34 5315 901 2 5316 903 2 5317 902 2 5318 903 35 5319 905 35 5320 904 35 5321 905 36 5322 907 36 5323 906 36 5324 907 37 5325 909 37 5326 908 37 5327 909 466 5328 911 466 5329 910 466 5330 911 467 5331 913 467 5332 912 467 5333 913 468 5334 915 468 5335 914 468 5336 915 469 5337 917 469 5338 916 469 5339 917 42 5340 919 42 5341 918 42 5342 919 43 5343 921 43 5344 920 43 5345 921 44 5346 923 44 5347 922 44 5348 923 13 5349 925 13 5350 924 13 5351 925 45 5352 927 45 5353 926 45 5354 927 15 5355 929 15 5356 928 15 5357 929 16 5358 931 16 5359 930 16 5360 931 46 5361 933 46 5362 932 46 5363 933 18 5364 935 18 5365 934 18 5366 935 47 5367 937 47 5368 936 47 5369 937 20 5370 939 20 5371 938 20 5372 939 473 5373 941 473 5374 940 473 5375 941 474 5376 943 474 5377 942 474 5378 943 475 5379 945 475 5380 944 475 5381 945 476 5382 947 476 5383 946 476 5384 947 477 5385 949 477 5386 948 477 5387 949 478 5388 951 478 5389 950 478 5390 951 27 5391 953 27 5392 952 27 5393 953 28 5394 955 28 5395 954 28 5396 955 29 5397 957 29 5398 956 29 5399 901 30 5400 899 30 5401 957 30 5402 899 30 5403 897 30 5404 957 30 5405 897 30 5406 959 30 5407 957 30 5408 957 30 5409 955 30 5410 953 30 5411 953 30 5412 951 30 5413 957 30 5414 951 30 5415 949 30 5416 957 30 5417 949 30 5418 947 30 5419 945 30 5420 945 30 5421 943 30 5422 941 30 5423 941 30 5424 939 30 5425 937 30 5426 937 30 5427 935 30 5428 933 30 5429 933 30 5430 931 30 5431 929 30 5432 929 30 5433 927 30 5434 925 30 5435 925 30 5436 923 30 5437 921 30 5438 921 30 5439 919 30 5440 917 30 5441 917 30 5442 915 30 5443 913 30 5444 913 30 5445 911 30 5446 909 30 5447 909 30 5448 907 30 5449 905 30 5450 905 30 5451 903 30 5452 901 30 5453 949 30 5454 945 30 5455 933 30 5456 945 30 5457 941 30 5458 933 30 5459 941 607 5460 937 607 5461 933 607 5462 933 30 5463 929 30 5464 925 30 5465 925 30 5466 921 30 5467 933 30 5468 921 30 5469 917 30 5470 933 30 5471 917 30 5472 913 30 5473 901 30 5474 913 30 5475 909 30 5476 901 30 5477 909 30 5478 905 30 5479 901 30 5480 901 30 5481 957 30 5482 949 30 5483 901 30 5484 949 30 5485 917 30 5486 957 54 5487 959 54 5488 958 54 5489 959 32 5490 897 32 5491 896 32 5492 958 55 5493 896 55 5494 898 55 5495 898 55 5496 900 55 5497 902 55 5498 902 55 5499 904 55 5500 906 55 5501 906 608 5502 908 608 5503 910 608 5504 910 55 5505 912 55 5506 914 55 5507 914 609 5508 916 609 5509 918 609 5510 918 55 5511 920 55 5512 922 55 5513 922 55 5514 924 55 5515 926 55 5516 926 55 5517 928 55 5518 930 55 5519 930 55 5520 932 55 5521 934 55 5522 934 55 5523 936 55 5524 938 55 5525 938 591 5526 940 591 5527 942 591 5528 942 55 5529 944 55 5530 946 55 5531 946 55 5532 948 55 5533 942 55 5534 948 55 5535 950 55 5536 942 55 5537 950 55 5538 952 55 5539 958 55 5540 952 55 5541 954 55 5542 958 55 5543 954 55 5544 956 55 5545 958 55 5546 958 55 5547 898 55 5548 910 55 5549 898 55 5550 902 55 5551 910 55 5552 902 55 5553 906 55 5554 910 55 5555 910 610 5556 914 610 5557 918 610 5558 918 55 5559 922 55 5560 910 55 5561 922 55 5562 926 55 5563 910 55 5564 926 55 5565 930 55 5566 942 55 5567 930 55 5568 934 55 5569 942 55 5570 934 55 5571 938 55 5572 942 55 5573 942 597 5574 950 597 5575 958 597 5576 958 598 5577 910 598 5578 942 598 5579</p>
        </triangles>
        <triangles material="Material_017-material" count="124">
          <input semantic="VERTEX" source="#Cylinder_010-mesh-vertices" offset="0"/>
          <input semantic="NORMAL" source="#Cylinder_010-mesh-normals" offset="1"/>
          <input semantic="TEXCOORD" source="#Cylinder_010-mesh-map-0" offset="2" set="0"/>
          <input semantic="TEXCOORD" source="#Cylinder_010-mesh-map-1" offset="2" set="1"/>
          <input semantic="TEXCOORD" source="#Cylinder_010-mesh-map-2" offset="2" set="2"/>
          <input semantic="TEXCOORD" source="#Cylinder_010-mesh-map-3" offset="2" set="3"/>
          <input semantic="TEXCOORD" source="#Cylinder_010-mesh-map-4" offset="2" set="4"/>
          <input semantic="TEXCOORD" source="#Cylinder_010-mesh-map-5" offset="2" set="5"/>
          <input semantic="TEXCOORD" source="#Cylinder_010-mesh-map-6" offset="2" set="6"/>
          <input semantic="TEXCOORD" source="#Cylinder_010-mesh-map-7" offset="2" set="7"/>
          <p>961 557 5580 962 557 5581 960 557 5582 963 527 5583 964 527 5584 962 527 5585 965 611 5586 966 611 5587 964 611 5588 967 529 5589 968 529 5590 966 529 5591 969 508 5592 970 508 5593 968 508 5594 971 465 5595 972 465 5596 970 465 5597 973 612 5598 974 612 5599 972 612 5600 975 613 5601 976 613 5602 974 613 5603 977 614 5604 978 614 5605 976 614 5606 979 615 5607 980 615 5608 978 615 5609 981 563 5610 982 563 5611 980 563 5612 983 616 5613 984 616 5614 982 616 5615 985 538 5616 986 538 5617 984 538 5618 987 617 5619 988 617 5620 986 617 5621 989 540 5622 990 540 5623 988 540 5624 991 566 5625 992 566 5626 990 566 5627 993 567 5628 994 567 5629 992 567 5630 995 543 5631 996 543 5632 994 543 5633 997 18 5634 998 18 5635 996 18 5636 999 545 5637 1000 545 5638 998 545 5639 1001 472 5640 1002 472 5641 1000 472 5642 1003 618 5643 1004 618 5644 1002 618 5645 1005 619 5646 1006 619 5647 1004 619 5648 1007 620 5649 1008 620 5650 1006 620 5651 1009 621 5652 1010 621 5653 1008 621 5654 1011 622 5655 1012 622 5656 1010 622 5657 1013 623 5658 1014 623 5659 1012 623 5660 1015 577 5661 1016 577 5662 1014 577 5663 1017 553 5664 1018 553 5665 1016 553 5666 1019 624 5667 1020 624 5668 1018 624 5669 1013 625 5670 997 625 5671 981 625 5672 1021 555 5673 1022 555 5674 1020 555 5675 1023 590 5676 960 590 5677 1022 590 5678 974 55 5679 990 55 5680 1006 55 5681 961 526 5682 963 526 5683 962 526 5684 963 527 5685 965 527 5686 964 527 5687 965 626 5688 967 626 5689 966 626 5690 967 529 5691 969 529 5692 968 529 5693 969 627 5694 971 627 5695 970 627 5696 971 531 5697 973 531 5698 972 531 5699 973 628 5700 975 628 5701 974 628 5702 975 629 5703 977 629 5704 976 629 5705 977 630 5706 979 630 5707 978 630 5708 979 631 5709 981 631 5710 980 631 5711 981 536 5712 983 536 5713 982 536 5714 983 632 5715 985 632 5716 984 632 5717 985 564 5718 987 564 5719 986 564 5720 987 633 5721 989 633 5722 988 633 5723 989 540 5724 991 540 5725 990 540 5726 991 541 5727 993 541 5728 992 541 5729 993 542 5730 995 542 5731 994 542 5732 995 568 5733 997 568 5734 996 568 5735 997 634 5736 999 634 5737 998 634 5738 999 570 5739 1001 570 5740 1000 570 5741 1001 546 5742 1003 546 5743 1002 546 5744 1003 635 5745 1005 635 5746 1004 635 5747 1005 636 5748 1007 636 5749 1006 636 5750 1007 637 5751 1009 637 5752 1008 637 5753 1009 638 5754 1011 638 5755 1010 638 5756 1011 639 5757 1013 639 5758 1012 639 5759 1013 640 5760 1015 640 5761 1014 640 5762 1015 552 5763 1017 552 5764 1016 552 5765 1017 578 5766 1019 578 5767 1018 578 5768 1019 641 5769 1021 641 5770 1020 641 5771 965 30 5772 963 30 5773 1021 30 5774 963 30 5775 961 30 5776 1021 30 5777 961 30 5778 1023 30 5779 1021 30 5780 1021 642 5781 1019 642 5782 1017 642 5783 1017 643 5784 1015 643 5785 1021 643 5786 1015 30 5787 1013 30 5788 1021 30 5789 1013 30 5790 1011 30 5791 1009 30 5792 1009 30 5793 1007 30 5794 1005 30 5795 1005 30 5796 1003 30 5797 1001 30 5798 1001 642 5799 999 642 5800 997 642 5801 997 644 5802 995 644 5803 993 644 5804 993 30 5805 991 30 5806 989 30 5807 989 645 5808 987 645 5809 985 645 5810 985 30 5811 983 30 5812 981 30 5813 981 30 5814 979 30 5815 977 30 5816 977 30 5817 975 30 5818 973 30 5819 973 30 5820 971 30 5821 969 30 5822 969 646 5823 967 646 5824 965 646 5825 1013 30 5826 1009 30 5827 997 30 5828 1009 647 5829 1005 647 5830 997 647 5831 1005 648 5832 1001 648 5833 997 648 5834 997 30 5835 993 30 5836 989 30 5837 989 30 5838 985 30 5839 997 30 5840 985 30 5841 981 30 5842 997 30 5843 981 649 5844 977 649 5845 965 649 5846 977 30 5847 973 30 5848 965 30 5849 973 30 5850 969 30 5851 965 30 5852 965 30 5853 1021 30 5854 1013 30 5855 965 650 5856 1013 650 5857 981 650 5858 1021 589 5859 1023 589 5860 1022 589 5861 1023 556 5862 961 556 5863 960 556 5864 1022 55 5865 960 55 5866 962 55 5867 962 651 5868 964 651 5869 966 651 5870 966 652 5871 968 652 5872 970 652 5873 970 653 5874 972 653 5875 974 653 5876 974 55 5877 976 55 5878 978 55 5879 978 654 5880 980 654 5881 982 654 5882 982 655 5883 984 655 5884 986 655 5885 986 656 5886 988 656 5887 990 656 5888 990 55 5889 992 55 5890 994 55 5891 994 657 5892 996 657 5893 998 657 5894 998 497 5895 1000 497 5896 1002 497 5897 1002 658 5898 1004 658 5899 1006 658 5900 1006 55 5901 1008 55 5902 1010 55 5903 1010 55 5904 1012 55 5905 1006 55 5906 1012 659 5907 1014 659 5908 1006 659 5909 1014 660 5910 1016 660 5911 1022 660 5912 1016 661 5913 1018 661 5914 1022 661 5915 1018 662 5916 1020 662 5917 1022 662 5918 1022 55 5919 962 55 5920 974 55 5921 962 55 5922 966 55 5923 974 55 5924 966 55 5925 970 55 5926 974 55 5927 974 663 5928 978 663 5929 982 663 5930 982 55 5931 986 55 5932 974 55 5933 986 55 5934 990 55 5935 974 55 5936 990 55 5937 994 55 5938 1006 55 5939 994 55 5940 998 55 5941 1006 55 5942 998 55 5943 1002 55 5944 1006 55 5945 1006 664 5946 1014 664 5947 1022 664 5948 1022 665 5949 974 665 5950 1006 665 5951</p>
        </triangles>
        <triangles material="Material_020-material" count="124">
          <input semantic="VERTEX" source="#Cylinder_010-mesh-vertices" offset="0"/>
          <input semantic="NORMAL" source="#Cylinder_010-mesh-normals" offset="1"/>
          <input semantic="TEXCOORD" source="#Cylinder_010-mesh-map-0" offset="2" set="0"/>
          <input semantic="TEXCOORD" source="#Cylinder_010-mesh-map-1" offset="2" set="1"/>
          <input semantic="TEXCOORD" source="#Cylinder_010-mesh-map-2" offset="2" set="2"/>
          <input semantic="TEXCOORD" source="#Cylinder_010-mesh-map-3" offset="2" set="3"/>
          <input semantic="TEXCOORD" source="#Cylinder_010-mesh-map-4" offset="2" set="4"/>
          <input semantic="TEXCOORD" source="#Cylinder_010-mesh-map-5" offset="2" set="5"/>
          <input semantic="TEXCOORD" source="#Cylinder_010-mesh-map-6" offset="2" set="6"/>
          <input semantic="TEXCOORD" source="#Cylinder_010-mesh-map-7" offset="2" set="7"/>
          <p>1025 0 5952 1026 0 5953 1024 0 5954 1027 1 5955 1028 1 5956 1026 1 5957 1029 2 5958 1030 2 5959 1028 2 5960 1031 3 5961 1032 3 5962 1030 3 5963 1033 508 5964 1034 508 5965 1032 508 5966 1035 448 5967 1036 448 5968 1034 448 5969 1037 449 5970 1038 449 5971 1036 449 5972 1039 450 5973 1040 450 5974 1038 450 5975 1041 451 5976 1042 451 5977 1040 451 5978 1043 452 5979 1044 452 5980 1042 452 5981 1045 563 5982 1046 563 5983 1044 563 5984 1047 616 5985 1048 616 5986 1046 616 5987 1049 12 5988 1050 12 5989 1048 12 5990 1051 13 5991 1052 13 5992 1050 13 5993 1053 14 5994 1054 14 5995 1052 14 5996 1055 15 5997 1056 15 5998 1054 15 5999 1057 16 6000 1058 16 6001 1056 16 6002 1059 17 6003 1060 17 6004 1058 17 6005 1061 18 6006 1062 18 6007 1060 18 6008 1063 19 6009 1064 19 6010 1062 19 6011 1065 472 6012 1066 472 6013 1064 472 6014 1067 473 6015 1068 473 6016 1066 473 6017 1069 456 6018 1070 456 6019 1068 456 6020 1071 457 6021 1072 457 6022 1070 457 6023 1073 458 6024 1074 458 6025 1072 458 6026 1075 459 6027 1076 459 6028 1074 459 6029 1077 513 6030 1078 513 6031 1076 513 6032 1079 27 6033 1080 27 6034 1078 27 6035 1081 28 6036 1082 28 6037 1080 28 6038 1083 29 6039 1084 29 6040 1082 29 6041 1077 30 6042 1061 30 6043 1045 30 6044 1085 31 6045 1086 31 6046 1084 31 6047 1087 32 6048 1024 32 6049 1086 32 6050 1038 666 6051 1054 666 6052 1070 666 6053 1025 0 6054 1027 0 6055 1026 0 6056 1027 34 6057 1029 34 6058 1028 34 6059 1029 447 6060 1031 447 6061 1030 447 6062 1031 35 6063 1033 35 6064 1032 35 6065 1033 36 6066 1035 36 6067 1034 36 6068 1035 667 6069 1037 667 6070 1036 667 6071 1037 466 6072 1039 466 6073 1038 466 6074 1039 467 6075 1041 467 6076 1040 467 6077 1041 468 6078 1043 468 6079 1042 468 6080 1043 469 6081 1045 469 6082 1044 469 6083 1045 470 6084 1047 470 6085 1046 470 6086 1047 43 6087 1049 43 6088 1048 43 6089 1049 44 6090 1051 44 6091 1050 44 6092 1051 453 6093 1053 453 6094 1052 453 6095 1053 45 6096 1055 45 6097 1054 45 6098 1055 15 6099 1057 15 6100 1056 15 6101 1057 16 6102 1059 16 6103 1058 16 6104 1059 46 6105 1061 46 6106 1060 46 6107 1061 454 6108 1063 454 6109 1062 454 6110 1063 47 6111 1065 47 6112 1064 47 6113 1065 20 6114 1067 20 6115 1066 20 6116 1067 571 6117 1069 571 6118 1068 571 6119 1069 474 6120 1071 474 6121 1070 474 6122 1071 475 6123 1073 475 6124 1072 475 6125 1073 476 6126 1075 476 6127 1074 476 6128 1075 477 6129 1077 477 6130 1076 477 6131 1077 478 6132 1079 478 6133 1078 478 6134 1079 27 6135 1081 27 6136 1080 27 6137 1081 28 6138 1083 28 6139 1082 28 6140 1083 461 6141 1085 461 6142 1084 461 6143 1029 30 6144 1027 30 6145 1085 30 6146 1027 30 6147 1025 30 6148 1085 30 6149 1025 30 6150 1087 30 6151 1085 30 6152 1085 486 6153 1083 486 6154 1081 486 6155 1081 30 6156 1079 30 6157 1085 30 6158 1079 668 6159 1077 668 6160 1085 668 6161 1077 30 6162 1075 30 6163 1073 30 6164 1073 30 6165 1071 30 6166 1069 30 6167 1069 30 6168 1067 30 6169 1065 30 6170 1065 669 6171 1063 669 6172 1061 669 6173 1061 670 6174 1059 670 6175 1057 670 6176 1057 30 6177 1055 30 6178 1053 30 6179 1053 520 6180 1051 520 6181 1049 520 6182 1049 671 6183 1047 671 6184 1045 671 6185 1045 30 6186 1043 30 6187 1041 30 6188 1041 30 6189 1039 30 6190 1037 30 6191 1037 520 6192 1035 520 6193 1033 520 6194 1033 672 6195 1031 672 6196 1029 672 6197 1077 30 6198 1073 30 6199 1061 30 6200 1073 30 6201 1069 30 6202 1061 30 6203 1069 673 6204 1065 673 6205 1061 673 6206 1061 30 6207 1057 30 6208 1053 30 6209 1053 30 6210 1049 30 6211 1061 30 6212 1049 490 6213 1045 490 6214 1061 490 6215 1045 674 6216 1041 674 6217 1029 674 6218 1041 30 6219 1037 30 6220 1029 30 6221 1037 675 6222 1033 675 6223 1029 675 6224 1029 30 6225 1085 30 6226 1077 30 6227 1029 676 6228 1077 676 6229 1045 676 6230 1085 54 6231 1087 54 6232 1086 54 6233 1087 32 6234 1025 32 6235 1024 32 6236 1086 55 6237 1024 55 6238 1026 55 6239 1026 55 6240 1028 55 6241 1030 55 6242 1030 55 6243 1032 55 6244 1034 55 6245 1034 677 6246 1036 677 6247 1038 677 6248 1038 55 6249 1040 55 6250 1042 55 6251 1042 55 6252 1044 55 6253 1046 55 6254 1046 678 6255 1048 678 6256 1050 678 6257 1050 55 6258 1052 55 6259 1054 55 6260 1054 55 6261 1056 55 6262 1058 55 6263 1058 524 6264 1060 524 6265 1062 524 6266 1062 55 6267 1064 55 6268 1066 55 6269 1066 679 6270 1068 679 6271 1070 679 6272 1070 55 6273 1072 55 6274 1074 55 6275 1074 55 6276 1076 55 6277 1070 55 6278 1076 55 6279 1078 55 6280 1070 55 6281 1078 680 6282 1080 680 6283 1086 680 6284 1080 55 6285 1082 55 6286 1086 55 6287 1082 55 6288 1084 55 6289 1086 55 6290 1086 55 6291 1026 55 6292 1038 55 6293 1026 55 6294 1030 55 6295 1038 55 6296 1030 55 6297 1034 55 6298 1038 55 6299 1038 681 6300 1042 681 6301 1046 681 6302 1046 682 6303 1050 682 6304 1038 682 6305 1050 55 6306 1054 55 6307 1038 55 6308 1054 55 6309 1058 55 6310 1070 55 6311 1058 55 6312 1062 55 6313 1070 55 6314 1062 55 6315 1066 55 6316 1070 55 6317 1070 683 6318 1078 683 6319 1086 683 6320 1086 684 6321 1038 684 6322 1070 684 6323</p>
        </triangles>
        <triangles material="Material_021-material" count="124">
          <input semantic="VERTEX" source="#Cylinder_010-mesh-vertices" offset="0"/>
          <input semantic="NORMAL" source="#Cylinder_010-mesh-normals" offset="1"/>
          <input semantic="TEXCOORD" source="#Cylinder_010-mesh-map-0" offset="2" set="0"/>
          <input semantic="TEXCOORD" source="#Cylinder_010-mesh-map-1" offset="2" set="1"/>
          <input semantic="TEXCOORD" source="#Cylinder_010-mesh-map-2" offset="2" set="2"/>
          <input semantic="TEXCOORD" source="#Cylinder_010-mesh-map-3" offset="2" set="3"/>
          <input semantic="TEXCOORD" source="#Cylinder_010-mesh-map-4" offset="2" set="4"/>
          <input semantic="TEXCOORD" source="#Cylinder_010-mesh-map-5" offset="2" set="5"/>
          <input semantic="TEXCOORD" source="#Cylinder_010-mesh-map-6" offset="2" set="6"/>
          <input semantic="TEXCOORD" source="#Cylinder_010-mesh-map-7" offset="2" set="7"/>
          <p>1089 0 6324 1090 0 6325 1088 0 6326 1091 1 6327 1092 1 6328 1090 1 6329 1093 685 6330 1094 685 6331 1092 685 6332 1095 507 6333 1096 507 6334 1094 507 6335 1097 508 6336 1098 508 6337 1096 508 6338 1099 686 6339 1100 686 6340 1098 686 6341 1101 687 6342 1102 687 6343 1100 687 6344 1103 450 6345 1104 450 6346 1102 450 6347 1105 451 6348 1106 451 6349 1104 451 6350 1107 688 6351 1108 688 6352 1106 688 6353 1109 509 6354 1110 509 6355 1108 509 6356 1111 510 6357 1112 510 6358 1110 510 6359 1113 689 6360 1114 689 6361 1112 689 6362 1115 690 6363 1116 690 6364 1114 690 6365 1117 14 6366 1118 14 6367 1116 14 6368 1119 15 6369 1120 15 6370 1118 15 6371 1121 16 6372 1122 16 6373 1120 16 6374 1123 17 6375 1124 17 6376 1122 17 6377 1125 18 6378 1126 18 6379 1124 18 6380 1127 19 6381 1128 19 6382 1126 19 6383 1129 512 6384 1130 512 6385 1128 512 6386 1131 473 6387 1132 473 6388 1130 473 6389 1133 691 6390 1134 691 6391 1132 691 6392 1135 692 6393 1136 692 6394 1134 692 6395 1137 693 6396 1138 693 6397 1136 693 6398 1139 694 6399 1140 694 6400 1138 694 6401 1141 695 6402 1142 695 6403 1140 695 6404 1143 696 6405 1144 696 6406 1142 696 6407 1145 518 6408 1146 518 6409 1144 518 6410 1147 697 6411 1148 697 6412 1146 697 6413 1141 698 6414 1125 698 6415 1109 698 6416 1149 31 6417 1150 31 6418 1148 31 6419 1151 32 6420 1088 32 6421 1150 32 6422 1102 699 6423 1118 699 6424 1134 699 6425 1089 0 6426 1091 0 6427 1090 0 6428 1091 34 6429 1093 34 6430 1092 34 6431 1093 700 6432 1095 700 6433 1094 700 6434 1095 515 6435 1097 515 6436 1096 515 6437 1097 701 6438 1099 701 6439 1098 701 6440 1099 465 6441 1101 465 6442 1100 465 6443 1101 702 6444 1103 702 6445 1102 702 6446 1103 467 6447 1105 467 6448 1104 467 6449 1105 468 6450 1107 468 6451 1106 468 6452 1107 703 6453 1109 703 6454 1108 703 6455 1109 470 6456 1111 470 6457 1110 470 6458 1111 704 6459 1113 704 6460 1112 704 6461 1113 705 6462 1115 705 6463 1114 705 6464 1115 706 6465 1117 706 6466 1116 706 6467 1117 45 6468 1119 45 6469 1118 45 6470 1119 15 6471 1121 15 6472 1120 15 6473 1121 16 6474 1123 16 6475 1122 16 6476 1123 46 6477 1125 46 6478 1124 46 6479 1125 18 6480 1127 18 6481 1126 18 6482 1127 47 6483 1129 47 6484 1128 47 6485 1129 512 6486 1131 512 6487 1130 512 6488 1131 473 6489 1133 473 6490 1132 473 6491 1133 474 6492 1135 474 6493 1134 474 6494 1135 707 6495 1137 707 6496 1136 707 6497 1137 708 6498 1139 708 6499 1138 708 6500 1139 477 6501 1141 477 6502 1140 477 6503 1141 709 6504 1143 709 6505 1142 709 6506 1143 710 6507 1145 710 6508 1144 710 6509 1145 514 6510 1147 514 6511 1146 514 6512 1147 711 6513 1149 711 6514 1148 711 6515 1093 30 6516 1091 30 6517 1149 30 6518 1091 30 6519 1089 30 6520 1149 30 6521 1089 30 6522 1151 30 6523 1149 30 6524 1149 486 6525 1147 486 6526 1145 486 6527 1145 712 6528 1143 712 6529 1149 712 6530 1143 668 6531 1141 668 6532 1149 668 6533 1141 713 6534 1139 713 6535 1137 713 6536 1137 713 6537 1135 713 6538 1133 713 6539 1133 30 6540 1131 30 6541 1129 30 6542 1129 486 6543 1127 486 6544 1125 486 6545 1125 670 6546 1123 670 6547 1121 670 6548 1121 30 6549 1119 30 6550 1117 30 6551 1117 520 6552 1115 520 6553 1113 520 6554 1113 30 6555 1111 30 6556 1109 30 6557 1109 30 6558 1107 30 6559 1105 30 6560 1105 30 6561 1103 30 6562 1101 30 6563 1101 30 6564 1099 30 6565 1097 30 6566 1097 479 6567 1095 479 6568 1093 479 6569 1141 714 6570 1137 714 6571 1125 714 6572 1137 30 6573 1133 30 6574 1125 30 6575 1133 673 6576 1129 673 6577 1125 673 6578 1125 30 6579 1121 30 6580 1117 30 6581 1117 30 6582 1113 30 6583 1125 30 6584 1113 490 6585 1109 490 6586 1125 490 6587 1109 30 6588 1105 30 6589 1093 30 6590 1105 522 6591 1101 522 6592 1093 522 6593 1101 675 6594 1097 675 6595 1093 675 6596 1093 30 6597 1149 30 6598 1141 30 6599 1093 30 6600 1141 30 6601 1109 30 6602 1149 54 6603 1151 54 6604 1150 54 6605 1151 32 6606 1089 32 6607 1088 32 6608 1150 55 6609 1088 55 6610 1090 55 6611 1090 55 6612 1092 55 6613 1094 55 6614 1094 55 6615 1096 55 6616 1098 55 6617 1098 715 6618 1100 715 6619 1102 715 6620 1102 55 6621 1104 55 6622 1106 55 6623 1106 716 6624 1108 716 6625 1110 716 6626 1110 55 6627 1112 55 6628 1114 55 6629 1114 55 6630 1116 55 6631 1118 55 6632 1118 55 6633 1120 55 6634 1122 55 6635 1122 55 6636 1124 55 6637 1126 55 6638 1126 55 6639 1128 55 6640 1130 55 6641 1130 55 6642 1132 55 6643 1134 55 6644 1134 55 6645 1136 55 6646 1138 55 6647 1138 55 6648 1140 55 6649 1134 55 6650 1140 55 6651 1142 55 6652 1134 55 6653 1142 717 6654 1144 717 6655 1150 717 6656 1144 55 6657 1146 55 6658 1150 55 6659 1146 55 6660 1148 55 6661 1150 55 6662 1150 55 6663 1090 55 6664 1102 55 6665 1090 718 6666 1094 718 6667 1102 718 6668 1094 55 6669 1098 55 6670 1102 55 6671 1102 719 6672 1106 719 6673 1110 719 6674 1110 720 6675 1114 720 6676 1102 720 6677 1114 55 6678 1118 55 6679 1102 55 6680 1118 55 6681 1122 55 6682 1134 55 6683 1122 721 6684 1126 721 6685 1134 721 6686 1126 55 6687 1130 55 6688 1134 55 6689 1134 55 6690 1142 55 6691 1150 55 6692 1150 55 6693 1102 55 6694 1134 55 6695</p>
        </triangles>
        <triangles material="Material_018-material" count="124">
          <input semantic="VERTEX" source="#Cylinder_010-mesh-vertices" offset="0"/>
          <input semantic="NORMAL" source="#Cylinder_010-mesh-normals" offset="1"/>
          <input semantic="TEXCOORD" source="#Cylinder_010-mesh-map-0" offset="2" set="0"/>
          <input semantic="TEXCOORD" source="#Cylinder_010-mesh-map-1" offset="2" set="1"/>
          <input semantic="TEXCOORD" source="#Cylinder_010-mesh-map-2" offset="2" set="2"/>
          <input semantic="TEXCOORD" source="#Cylinder_010-mesh-map-3" offset="2" set="3"/>
          <input semantic="TEXCOORD" source="#Cylinder_010-mesh-map-4" offset="2" set="4"/>
          <input semantic="TEXCOORD" source="#Cylinder_010-mesh-map-5" offset="2" set="5"/>
          <input semantic="TEXCOORD" source="#Cylinder_010-mesh-map-6" offset="2" set="6"/>
          <input semantic="TEXCOORD" source="#Cylinder_010-mesh-map-7" offset="2" set="7"/>
          <p>1153 0 6696 1154 0 6697 1152 0 6698 1155 1 6699 1156 1 6700 1154 1 6701 1157 2 6702 1158 2 6703 1156 2 6704 1159 3 6705 1160 3 6706 1158 3 6707 1161 4 6708 1162 4 6709 1160 4 6710 1163 5 6711 1164 5 6712 1162 5 6713 1165 612 6714 1166 612 6715 1164 612 6716 1167 450 6717 1168 450 6718 1166 450 6719 1169 451 6720 1170 451 6721 1168 451 6722 1171 615 6723 1172 615 6724 1170 615 6725 1173 10 6726 1174 10 6727 1172 10 6728 1175 11 6729 1176 11 6730 1174 11 6731 1177 12 6732 1178 12 6733 1176 12 6734 1179 13 6735 1180 13 6736 1178 13 6737 1181 14 6738 1182 14 6739 1180 14 6740 1183 15 6741 1184 15 6742 1182 15 6743 1185 16 6744 1186 16 6745 1184 16 6746 1187 17 6747 1188 17 6748 1186 17 6749 1189 18 6750 1190 18 6751 1188 18 6752 1191 19 6753 1192 19 6754 1190 19 6755 1193 20 6756 1194 20 6757 1192 20 6758 1195 473 6759 1196 473 6760 1194 473 6761 1197 619 6762 1198 619 6763 1196 619 6764 1199 620 6765 1200 620 6766 1198 620 6767 1201 621 6768 1202 621 6769 1200 621 6770 1203 622 6771 1204 622 6772 1202 622 6773 1205 460 6774 1206 460 6775 1204 460 6776 1207 27 6777 1208 27 6778 1206 27 6779 1209 28 6780 1210 28 6781 1208 28 6782 1211 29 6783 1212 29 6784 1210 29 6785 1205 722 6786 1189 722 6787 1173 722 6788 1213 31 6789 1214 31 6790 1212 31 6791 1215 32 6792 1152 32 6793 1214 32 6794 1166 666 6795 1182 666 6796 1198 666 6797 1153 0 6798 1155 0 6799 1154 0 6800 1155 34 6801 1157 34 6802 1156 34 6803 1157 723 6804 1159 723 6805 1158 723 6806 1159 35 6807 1161 35 6808 1160 35 6809 1161 36 6810 1163 36 6811 1162 36 6812 1163 724 6813 1165 724 6814 1164 724 6815 1165 466 6816 1167 466 6817 1166 466 6818 1167 467 6819 1169 467 6820 1168 467 6821 1169 468 6822 1171 468 6823 1170 468 6824 1171 469 6825 1173 469 6826 1172 469 6827 1173 725 6828 1175 725 6829 1174 725 6830 1175 43 6831 1177 43 6832 1176 43 6833 1177 44 6834 1179 44 6835 1178 44 6836 1179 726 6837 1181 726 6838 1180 726 6839 1181 45 6840 1183 45 6841 1182 45 6842 1183 15 6843 1185 15 6844 1184 15 6845 1185 16 6846 1187 16 6847 1186 16 6848 1187 46 6849 1189 46 6850 1188 46 6851 1189 727 6852 1191 727 6853 1190 727 6854 1191 47 6855 1193 47 6856 1192 47 6857 1193 20 6858 1195 20 6859 1194 20 6860 1195 21 6861 1197 21 6862 1196 21 6863 1197 474 6864 1199 474 6865 1198 474 6866 1199 475 6867 1201 475 6868 1200 475 6869 1201 476 6870 1203 476 6871 1202 476 6872 1203 477 6873 1205 477 6874 1204 477 6875 1205 52 6876 1207 52 6877 1206 52 6878 1207 27 6879 1209 27 6880 1208 27 6881 1209 28 6882 1211 28 6883 1210 28 6884 1211 728 6885 1213 728 6886 1212 728 6887 1157 30 6888 1155 30 6889 1213 30 6890 1155 30 6891 1153 30 6892 1213 30 6893 1153 580 6894 1215 580 6895 1213 580 6896 1213 729 6897 1211 729 6898 1209 729 6899 1209 730 6900 1207 730 6901 1213 730 6902 1207 30 6903 1205 30 6904 1213 30 6905 1205 30 6906 1203 30 6907 1201 30 6908 1201 30 6909 1199 30 6910 1197 30 6911 1197 731 6912 1195 731 6913 1193 731 6914 1193 729 6915 1191 729 6916 1189 729 6917 1189 580 6918 1187 580 6919 1185 580 6920 1185 583 6921 1183 583 6922 1181 583 6923 1181 732 6924 1179 732 6925 1177 732 6926 1177 733 6927 1175 733 6928 1173 733 6929 1173 30 6930 1171 30 6931 1169 30 6932 1169 30 6933 1167 30 6934 1165 30 6935 1165 734 6936 1163 734 6937 1161 734 6938 1161 735 6939 1159 735 6940 1157 735 6941 1205 30 6942 1201 30 6943 1189 30 6944 1201 30 6945 1197 30 6946 1189 30 6947 1197 648 6948 1193 648 6949 1189 648 6950 1189 30 6951 1185 30 6952 1181 30 6953 1181 30 6954 1177 30 6955 1189 30 6956 1177 30 6957 1173 30 6958 1189 30 6959 1173 30 6960 1169 30 6961 1157 30 6962 1169 30 6963 1165 30 6964 1157 30 6965 1165 588 6966 1161 588 6967 1157 588 6968 1157 30 6969 1213 30 6970 1205 30 6971 1157 736 6972 1205 736 6973 1173 736 6974 1213 54 6975 1215 54 6976 1214 54 6977 1215 32 6978 1153 32 6979 1152 32 6980 1214 55 6981 1152 55 6982 1154 55 6983 1154 55 6984 1156 55 6985 1158 55 6986 1158 55 6987 1160 55 6988 1162 55 6989 1162 677 6990 1164 677 6991 1166 677 6992 1166 55 6993 1168 55 6994 1170 55 6995 1170 737 6996 1172 737 6997 1174 737 6998 1174 55 6999 1176 55 7000 1178 55 7001 1178 55 7002 1180 55 7003 1182 55 7004 1182 55 7005 1184 55 7006 1186 55 7007 1186 55 7008 1188 55 7009 1190 55 7010 1190 55 7011 1192 55 7012 1194 55 7013 1194 55 7014 1196 55 7015 1198 55 7016 1198 55 7017 1200 55 7018 1202 55 7019 1202 55 7020 1204 55 7021 1198 55 7022 1204 55 7023 1206 55 7024 1198 55 7025 1206 738 7026 1208 738 7027 1214 738 7028 1208 55 7029 1210 55 7030 1214 55 7031 1210 55 7032 1212 55 7033 1214 55 7034 1214 55 7035 1154 55 7036 1166 55 7037 1154 739 7038 1158 739 7039 1166 739 7040 1158 55 7041 1162 55 7042 1166 55 7043 1166 681 7044 1170 681 7045 1174 681 7046 1174 682 7047 1178 682 7048 1166 682 7049 1178 55 7050 1182 55 7051 1166 55 7052 1182 55 7053 1186 55 7054 1198 55 7055 1186 740 7056 1190 740 7057 1198 740 7058 1190 55 7059 1194 55 7060 1198 55 7061 1198 55 7062 1206 55 7063 1214 55 7064 1214 55 7065 1166 55 7066 1198 55 7067</p>
        </triangles>
        <triangles material="Material_019-material" count="124">
          <input semantic="VERTEX" source="#Cylinder_010-mesh-vertices" offset="0"/>
          <input semantic="NORMAL" source="#Cylinder_010-mesh-normals" offset="1"/>
          <input semantic="TEXCOORD" source="#Cylinder_010-mesh-map-0" offset="2" set="0"/>
          <input semantic="TEXCOORD" source="#Cylinder_010-mesh-map-1" offset="2" set="1"/>
          <input semantic="TEXCOORD" source="#Cylinder_010-mesh-map-2" offset="2" set="2"/>
          <input semantic="TEXCOORD" source="#Cylinder_010-mesh-map-3" offset="2" set="3"/>
          <input semantic="TEXCOORD" source="#Cylinder_010-mesh-map-4" offset="2" set="4"/>
          <input semantic="TEXCOORD" source="#Cylinder_010-mesh-map-5" offset="2" set="5"/>
          <input semantic="TEXCOORD" source="#Cylinder_010-mesh-map-6" offset="2" set="6"/>
          <input semantic="TEXCOORD" source="#Cylinder_010-mesh-map-7" offset="2" set="7"/>
          <p>1217 0 7068 1218 0 7069 1216 0 7070 1219 1 7071 1220 1 7072 1218 1 7073 1221 2 7074 1222 2 7075 1220 2 7076 1223 507 7077 1224 507 7078 1222 507 7079 1225 741 7080 1226 741 7081 1224 741 7082 1227 742 7083 1228 742 7084 1226 742 7085 1229 449 7086 1230 449 7087 1228 449 7088 1231 450 7089 1232 450 7090 1230 450 7091 1233 451 7092 1234 451 7093 1232 451 7094 1235 452 7095 1236 452 7096 1234 452 7097 1237 509 7098 1238 509 7099 1236 509 7100 1239 510 7101 1240 510 7102 1238 510 7103 1241 689 7104 1242 689 7105 1240 689 7106 1243 13 7107 1244 13 7108 1242 13 7109 1245 14 7110 1246 14 7111 1244 14 7112 1247 15 7113 1248 15 7114 1246 15 7115 1249 16 7116 1250 16 7117 1248 16 7118 1251 17 7119 1252 17 7120 1250 17 7121 1253 18 7122 1254 18 7123 1252 18 7124 1255 19 7125 1256 19 7126 1254 19 7127 1257 512 7128 1258 512 7129 1256 512 7130 1259 473 7131 1260 473 7132 1258 473 7133 1261 456 7134 1262 456 7135 1260 456 7136 1263 457 7137 1264 457 7138 1262 457 7139 1265 458 7140 1266 458 7141 1264 458 7142 1267 459 7143 1268 459 7144 1266 459 7145 1269 513 7146 1270 513 7147 1268 513 7148 1271 27 7149 1272 27 7150 1270 27 7151 1273 518 7152 1274 518 7153 1272 518 7154 1275 29 7155 1276 29 7156 1274 29 7157 1269 698 7158 1253 698 7159 1237 698 7160 1277 31 7161 1278 31 7162 1276 31 7163 1279 32 7164 1216 32 7165 1278 32 7166 1230 506 7167 1246 506 7168 1262 506 7169 1217 0 7170 1219 0 7171 1218 0 7172 1219 34 7173 1221 34 7174 1220 34 7175 1221 2 7176 1223 2 7177 1222 2 7178 1223 515 7179 1225 515 7180 1224 515 7181 1225 464 7182 1227 464 7183 1226 464 7184 1227 465 7185 1229 465 7186 1228 465 7187 1229 466 7188 1231 466 7189 1230 466 7190 1231 743 7191 1233 743 7192 1232 743 7193 1233 744 7194 1235 744 7195 1234 744 7196 1235 469 7197 1237 469 7198 1236 469 7199 1237 745 7200 1239 745 7201 1238 745 7202 1239 471 7203 1241 471 7204 1240 471 7205 1241 705 7206 1243 705 7207 1242 705 7208 1243 13 7209 1245 13 7210 1244 13 7211 1245 45 7212 1247 45 7213 1246 45 7214 1247 15 7215 1249 15 7216 1248 15 7217 1249 16 7218 1251 16 7219 1250 16 7220 1251 46 7221 1253 46 7222 1252 46 7223 1253 18 7224 1255 18 7225 1254 18 7226 1255 47 7227 1257 47 7228 1256 47 7229 1257 472 7230 1259 472 7231 1258 472 7232 1259 746 7233 1261 746 7234 1260 746 7235 1261 474 7236 1263 474 7237 1262 474 7238 1263 475 7239 1265 475 7240 1264 475 7241 1265 476 7242 1267 476 7243 1266 476 7244 1267 477 7245 1269 477 7246 1268 477 7247 1269 478 7248 1271 478 7249 1270 478 7250 1271 27 7251 1273 27 7252 1272 27 7253 1273 514 7254 1275 514 7255 1274 514 7256 1275 29 7257 1277 29 7258 1276 29 7259 1221 30 7260 1219 30 7261 1277 30 7262 1219 30 7263 1217 30 7264 1277 30 7265 1217 30 7266 1279 30 7267 1277 30 7268 1277 669 7269 1275 669 7270 1273 669 7271 1273 747 7272 1271 747 7273 1277 747 7274 1271 668 7275 1269 668 7276 1277 668 7277 1269 30 7278 1267 30 7279 1265 30 7280 1265 30 7281 1263 30 7282 1261 30 7283 1261 30 7284 1259 30 7285 1257 30 7286 1257 669 7287 1255 669 7288 1253 669 7289 1253 580 7290 1251 580 7291 1249 580 7292 1249 30 7293 1247 30 7294 1245 30 7295 1245 734 7296 1243 734 7297 1241 734 7298 1241 30 7299 1239 30 7300 1237 30 7301 1237 30 7302 1235 30 7303 1233 30 7304 1233 30 7305 1231 30 7306 1229 30 7307 1229 30 7308 1227 30 7309 1225 30 7310 1225 672 7311 1223 672 7312 1221 672 7313 1269 714 7314 1265 714 7315 1253 714 7316 1265 748 7317 1261 748 7318 1253 748 7319 1261 673 7320 1257 673 7321 1253 673 7322 1253 30 7323 1249 30 7324 1245 30 7325 1245 30 7326 1241 30 7327 1253 30 7328 1241 30 7329 1237 30 7330 1253 30 7331 1237 749 7332 1233 749 7333 1221 749 7334 1233 30 7335 1229 30 7336 1221 30 7337 1229 30 7338 1225 30 7339 1221 30 7340 1221 30 7341 1277 30 7342 1269 30 7343 1221 750 7344 1269 750 7345 1237 750 7346 1277 54 7347 1279 54 7348 1278 54 7349 1279 32 7350 1217 32 7351 1216 32 7352 1278 55 7353 1216 55 7354 1218 55 7355 1218 55 7356 1220 55 7357 1222 55 7358 1222 55 7359 1224 55 7360 1226 55 7361 1226 751 7362 1228 751 7363 1230 751 7364 1230 55 7365 1232 55 7366 1234 55 7367 1234 499 7368 1236 499 7369 1238 499 7370 1238 55 7371 1240 55 7372 1242 55 7373 1242 55 7374 1244 55 7375 1246 55 7376 1246 55 7377 1248 55 7378 1250 55 7379 1250 55 7380 1252 55 7381 1254 55 7382 1254 524 7383 1256 524 7384 1258 524 7385 1258 752 7386 1260 752 7387 1262 752 7388 1262 55 7389 1264 55 7390 1266 55 7391 1266 55 7392 1268 55 7393 1262 55 7394 1268 55 7395 1270 55 7396 1262 55 7397 1270 680 7398 1272 680 7399 1278 680 7400 1272 753 7401 1274 753 7402 1278 753 7403 1274 55 7404 1276 55 7405 1278 55 7406 1278 55 7407 1218 55 7408 1230 55 7409 1218 55 7410 1222 55 7411 1230 55 7412 1222 55 7413 1226 55 7414 1230 55 7415 1230 754 7416 1234 754 7417 1238 754 7418 1238 55 7419 1242 55 7420 1230 55 7421 1242 755 7422 1246 755 7423 1230 755 7424 1246 55 7425 1250 55 7426 1262 55 7427 1250 55 7428 1254 55 7429 1262 55 7430 1254 55 7431 1258 55 7432 1262 55 7433 1262 683 7434 1270 683 7435 1278 683 7436 1278 756 7437 1230 756 7438 1262 756 7439</p>
        </triangles>
        <triangles material="Material_023-material" count="124">
          <input semantic="VERTEX" source="#Cylinder_010-mesh-vertices" offset="0"/>
          <input semantic="NORMAL" source="#Cylinder_010-mesh-normals" offset="1"/>
          <input semantic="TEXCOORD" source="#Cylinder_010-mesh-map-0" offset="2" set="0"/>
          <input semantic="TEXCOORD" source="#Cylinder_010-mesh-map-1" offset="2" set="1"/>
          <input semantic="TEXCOORD" source="#Cylinder_010-mesh-map-2" offset="2" set="2"/>
          <input semantic="TEXCOORD" source="#Cylinder_010-mesh-map-3" offset="2" set="3"/>
          <input semantic="TEXCOORD" source="#Cylinder_010-mesh-map-4" offset="2" set="4"/>
          <input semantic="TEXCOORD" source="#Cylinder_010-mesh-map-5" offset="2" set="5"/>
          <input semantic="TEXCOORD" source="#Cylinder_010-mesh-map-6" offset="2" set="6"/>
          <input semantic="TEXCOORD" source="#Cylinder_010-mesh-map-7" offset="2" set="7"/>
          <p>1281 757 7440 1282 757 7441 1280 757 7442 1283 758 7443 1284 758 7444 1282 758 7445 1285 759 7446 1286 759 7447 1284 759 7448 1287 760 7449 1288 760 7450 1286 760 7451 1289 761 7452 1290 761 7453 1288 761 7454 1291 762 7455 1292 762 7456 1290 762 7457 1293 763 7458 1294 763 7459 1292 763 7460 1295 764 7461 1296 764 7462 1294 764 7463 1297 765 7464 1298 765 7465 1296 765 7466 1299 766 7467 1300 766 7468 1298 766 7469 1301 767 7470 1302 767 7471 1300 767 7472 1303 768 7473 1304 768 7474 1302 768 7475 1305 769 7476 1306 769 7477 1304 769 7478 1307 770 7479 1308 770 7480 1306 770 7481 1309 771 7482 1310 771 7483 1308 771 7484 1311 772 7485 1312 772 7486 1310 772 7487 1313 773 7488 1314 773 7489 1312 773 7490 1315 774 7491 1316 774 7492 1314 774 7493 1317 775 7494 1318 775 7495 1316 775 7496 1319 776 7497 1320 776 7498 1318 776 7499 1321 777 7500 1322 777 7501 1320 777 7502 1323 778 7503 1324 778 7504 1322 778 7505 1325 779 7506 1326 779 7507 1324 779 7508 1327 780 7509 1328 780 7510 1326 780 7511 1329 781 7512 1330 781 7513 1328 781 7514 1331 782 7515 1332 782 7516 1330 782 7517 1333 783 7518 1334 783 7519 1332 783 7520 1335 784 7521 1336 784 7522 1334 784 7523 1337 785 7524 1338 785 7525 1336 785 7526 1339 786 7527 1340 786 7528 1338 786 7529 1333 787 7530 1317 787 7531 1301 787 7532 1341 788 7533 1342 788 7534 1340 788 7535 1343 789 7536 1280 789 7537 1342 789 7538 1294 790 7539 1310 790 7540 1326 790 7541 1281 791 7542 1283 791 7543 1282 791 7544 1283 792 7545 1285 792 7546 1284 792 7547 1285 793 7548 1287 793 7549 1286 793 7550 1287 794 7551 1289 794 7552 1288 794 7553 1289 795 7554 1291 795 7555 1290 795 7556 1291 796 7557 1293 796 7558 1292 796 7559 1293 797 7560 1295 797 7561 1294 797 7562 1295 798 7563 1297 798 7564 1296 798 7565 1297 799 7566 1299 799 7567 1298 799 7568 1299 800 7569 1301 800 7570 1300 800 7571 1301 801 7572 1303 801 7573 1302 801 7574 1303 802 7575 1305 802 7576 1304 802 7577 1305 803 7578 1307 803 7579 1306 803 7580 1307 804 7581 1309 804 7582 1308 804 7583 1309 805 7584 1311 805 7585 1310 805 7586 1311 806 7587 1313 806 7588 1312 806 7589 1313 807 7590 1315 807 7591 1314 807 7592 1315 808 7593 1317 808 7594 1316 808 7595 1317 809 7596 1319 809 7597 1318 809 7598 1319 810 7599 1321 810 7600 1320 810 7601 1321 811 7602 1323 811 7603 1322 811 7604 1323 812 7605 1325 812 7606 1324 812 7607 1325 813 7608 1327 813 7609 1326 813 7610 1327 814 7611 1329 814 7612 1328 814 7613 1329 815 7614 1331 815 7615 1330 815 7616 1331 816 7617 1333 816 7618 1332 816 7619 1333 817 7620 1335 817 7621 1334 817 7622 1335 818 7623 1337 818 7624 1336 818 7625 1337 819 7626 1339 819 7627 1338 819 7628 1339 820 7629 1341 820 7630 1340 820 7631 1285 787 7632 1283 787 7633 1341 787 7634 1283 787 7635 1281 787 7636 1341 787 7637 1281 787 7638 1343 787 7639 1341 787 7640 1341 787 7641 1339 787 7642 1337 787 7643 1337 787 7644 1335 787 7645 1341 787 7646 1335 787 7647 1333 787 7648 1341 787 7649 1333 787 7650 1331 787 7651 1329 787 7652 1329 787 7653 1327 787 7654 1325 787 7655 1325 787 7656 1323 787 7657 1321 787 7658 1321 787 7659 1319 787 7660 1317 787 7661 1317 787 7662 1315 787 7663 1313 787 7664 1313 787 7665 1311 787 7666 1309 787 7667 1309 787 7668 1307 787 7669 1305 787 7670 1305 787 7671 1303 787 7672 1301 787 7673 1301 787 7674 1299 787 7675 1297 787 7676 1297 787 7677 1295 787 7678 1293 787 7679 1293 787 7680 1291 787 7681 1289 787 7682 1289 787 7683 1287 787 7684 1285 787 7685 1333 787 7686 1329 787 7687 1317 787 7688 1329 821 7689 1325 821 7690 1317 821 7691 1325 787 7692 1321 787 7693 1317 787 7694 1317 787 7695 1313 787 7696 1309 787 7697 1309 787 7698 1305 787 7699 1317 787 7700 1305 787 7701 1301 787 7702 1317 787 7703 1301 787 7704 1297 787 7705 1285 787 7706 1297 822 7707 1293 822 7708 1285 822 7709 1293 787 7710 1289 787 7711 1285 787 7712 1285 787 7713 1341 787 7714 1333 787 7715 1285 787 7716 1333 787 7717 1301 787 7718 1341 823 7719 1343 823 7720 1342 823 7721 1343 824 7722 1281 824 7723 1280 824 7724 1342 790 7725 1280 790 7726 1282 790 7727 1282 790 7728 1284 790 7729 1286 790 7730 1286 790 7731 1288 790 7732 1290 790 7733 1290 790 7734 1292 790 7735 1294 790 7736 1294 790 7737 1296 790 7738 1298 790 7739 1298 790 7740 1300 790 7741 1302 790 7742 1302 790 7743 1304 790 7744 1306 790 7745 1306 790 7746 1308 790 7747 1310 790 7748 1310 790 7749 1312 790 7750 1314 790 7751 1314 790 7752 1316 790 7753 1318 790 7754 1318 790 7755 1320 790 7756 1322 790 7757 1322 790 7758 1324 790 7759 1326 790 7760 1326 790 7761 1328 790 7762 1330 790 7763 1330 790 7764 1332 790 7765 1326 790 7766 1332 790 7767 1334 790 7768 1326 790 7769 1334 790 7770 1336 790 7771 1342 790 7772 1336 790 7773 1338 790 7774 1342 790 7775 1338 790 7776 1340 790 7777 1342 790 7778 1342 790 7779 1282 790 7780 1294 790 7781 1282 790 7782 1286 790 7783 1294 790 7784 1286 790 7785 1290 790 7786 1294 790 7787 1294 790 7788 1298 790 7789 1302 790 7790 1302 790 7791 1306 790 7792 1294 790 7793 1306 790 7794 1310 790 7795 1294 790 7796 1310 790 7797 1314 790 7798 1326 790 7799 1314 790 7800 1318 790 7801 1326 790 7802 1318 790 7803 1322 790 7804 1326 790 7805 1326 790 7806 1334 790 7807 1342 790 7808 1342 790 7809 1294 790 7810 1326 790 7811</p>
        </triangles>
      </mesh>
    </geometry>
  </library_geometries>
  <library_visual_scenes>
    <visual_scene id="Scene" name="Scene">
      <node id="Light_002" name="Light.002" type="NODE">
        <matrix sid="transform">-0.2908646 -0.7711008 0.5663932 4.076245 0.9551712 -0.1998834 0.2183912 1.005454 -0.055189 0.6045247 0.7946723 5.903862 0 0 0 1</matrix>
        <instance_light url="#Light_002-light"/>
      </node>
      <node id="Camera_002" name="Camera.002" type="NODE">
        <matrix sid="transform">0.6859207 -0.3240135 0.6515582 7.358891 0.7276763 0.3054209 -0.6141704 -6.925791 -4.01133e-9 0.8953956 0.4452714 4.958309 0 0 0 1</matrix>
        <instance_camera url="#Camera_002-camera"/>
      </node>
      <node id="Camera_001" name="Camera.001" type="NODE">
        <matrix sid="transform">0.6859207 -0.3240135 0.6515582 7.358891 0.7276763 0.3054209 -0.6141704 -6.925791 -4.01133e-9 0.8953956 0.4452714 4.958309 0 0 0 1</matrix>
        <instance_camera url="#Camera_001-camera"/>
      </node>
      <node id="Light_001" name="Light.001" type="NODE">
        <matrix sid="transform">-0.2908646 -0.7711008 0.5663932 4.076245 0.9551712 -0.1998834 0.2183911 1.005454 -0.05518897 0.6045246 0.7946723 5.903862 0 0 0 1</matrix>
        <instance_light url="#Light_001-light"/>
      </node>
      <node id="Cylinder_004" name="Cylinder.004" type="NODE">
        <matrix sid="transform">3.89414e-9 0 0.75 0 0 0.02 0 -0.75 -0.02 0 1.4603e-7 0 0 0 0 1</matrix>
        <instance_geometry url="#Cylinder_004-mesh" name="Cylinder.004"/>
      </node>
      <node id="Cylinder_010" name="Cylinder.010" type="NODE">
        <matrix sid="transform">0.02 0 0 -0.75 0 0.02 0 0.0178889 0 0 0.1 0.7963823 0 0 0 1</matrix>
        <instance_geometry url="#Cylinder_010-mesh" name="Cylinder.010">
          <bind_material>
            <technique_common>
              <instance_material symbol="Material_016-material" target="#Material_016-material">
                <bind_vertex_input semantic="Cylinder_010-mesh-map-0" input_semantic="TEXCOORD" input_set="0"/>
                <bind_vertex_input semantic="Cylinder_016-mesh-map-0" input_semantic="TEXCOORD" input_set="1"/>
                <bind_vertex_input semantic="Cylinder_017-mesh-map-0" input_semantic="TEXCOORD" input_set="2"/>
                <bind_vertex_input semantic="Cylinder_018-mesh-map-0" input_semantic="TEXCOORD" input_set="3"/>
                <bind_vertex_input semantic="Cylinder_019-mesh-map-0" input_semantic="TEXCOORD" input_set="4"/>
                <bind_vertex_input semantic="Cylinder_020-mesh-map-0" input_semantic="TEXCOORD" input_set="5"/>
                <bind_vertex_input semantic="Cylinder_021-mesh-map-0" input_semantic="TEXCOORD" input_set="6"/>
                <bind_vertex_input semantic="Cylinder_022-mesh-map-0" input_semantic="TEXCOORD" input_set="7"/>
                <bind_vertex_input semantic="Cylinder_023-mesh-map-0" input_semantic="TEXCOORD" input_set="8"/>
                <bind_vertex_input semantic="Cylinder_024-mesh-map-0" input_semantic="TEXCOORD" input_set="9"/>
                <bind_vertex_input semantic="Cylinder_025-mesh-map-0" input_semantic="TEXCOORD" input_set="10"/>
                <bind_vertex_input semantic="Cylinder_014-mesh-map-0" input_semantic="TEXCOORD" input_set="11"/>
                <bind_vertex_input semantic="Cylinder_015-mesh-map-0" input_semantic="TEXCOORD" input_set="12"/>
                <bind_vertex_input semantic="Cylinder_012-mesh-map-0" input_semantic="TEXCOORD" input_set="13"/>
                <bind_vertex_input semantic="Cylinder_013-mesh-map-0" input_semantic="TEXCOORD" input_set="14"/>
                <bind_vertex_input semantic="Cylinder_011-mesh-map-0" input_semantic="TEXCOORD" input_set="15"/>
                <bind_vertex_input semantic="Cylinder_008-mesh-map-0" input_semantic="TEXCOORD" input_set="16"/>
                <bind_vertex_input semantic="Cylinder_009-mesh-map-0" input_semantic="TEXCOORD" input_set="17"/>
                <bind_vertex_input semantic="Cylinder_007-mesh-map-0" input_semantic="TEXCOORD" input_set="18"/>
                <bind_vertex_input semantic="Cylinder_001-mesh-map-0" input_semantic="TEXCOORD" input_set="19"/>
                <bind_vertex_input semantic="Cylinder_003-mesh-map-0" input_semantic="TEXCOORD" input_set="20"/>
              </instance_material>
              <instance_material symbol="Material_024-material" target="#Material_024-material">
                <bind_vertex_input semantic="Cylinder_010-mesh-map-0" input_semantic="TEXCOORD" input_set="0"/>
                <bind_vertex_input semantic="Cylinder_016-mesh-map-0" input_semantic="TEXCOORD" input_set="1"/>
                <bind_vertex_input semantic="Cylinder_017-mesh-map-0" input_semantic="TEXCOORD" input_set="2"/>
                <bind_vertex_input semantic="Cylinder_018-mesh-map-0" input_semantic="TEXCOORD" input_set="3"/>
                <bind_vertex_input semantic="Cylinder_019-mesh-map-0" input_semantic="TEXCOORD" input_set="4"/>
                <bind_vertex_input semantic="Cylinder_020-mesh-map-0" input_semantic="TEXCOORD" input_set="5"/>
                <bind_vertex_input semantic="Cylinder_021-mesh-map-0" input_semantic="TEXCOORD" input_set="6"/>
                <bind_vertex_input semantic="Cylinder_022-mesh-map-0" input_semantic="TEXCOORD" input_set="7"/>
                <bind_vertex_input semantic="Cylinder_023-mesh-map-0" input_semantic="TEXCOORD" input_set="8"/>
                <bind_vertex_input semantic="Cylinder_024-mesh-map-0" input_semantic="TEXCOORD" input_set="9"/>
                <bind_vertex_input semantic="Cylinder_025-mesh-map-0" input_semantic="TEXCOORD" input_set="10"/>
                <bind_vertex_input semantic="Cylinder_014-mesh-map-0" input_semantic="TEXCOORD" input_set="11"/>
                <bind_vertex_input semantic="Cylinder_015-mesh-map-0" input_semantic="TEXCOORD" input_set="12"/>
                <bind_vertex_input semantic="Cylinder_012-mesh-map-0" input_semantic="TEXCOORD" input_set="13"/>
                <bind_vertex_input semantic="Cylinder_013-mesh-map-0" input_semantic="TEXCOORD" input_set="14"/>
                <bind_vertex_input semantic="Cylinder_011-mesh-map-0" input_semantic="TEXCOORD" input_set="15"/>
                <bind_vertex_input semantic="Cylinder_008-mesh-map-0" input_semantic="TEXCOORD" input_set="16"/>
                <bind_vertex_input semantic="Cylinder_009-mesh-map-0" input_semantic="TEXCOORD" input_set="17"/>
                <bind_vertex_input semantic="Cylinder_007-mesh-map-0" input_semantic="TEXCOORD" input_set="18"/>
                <bind_vertex_input semantic="Cylinder_001-mesh-map-0" input_semantic="TEXCOORD" input_set="19"/>
                <bind_vertex_input semantic="Cylinder_003-mesh-map-0" input_semantic="TEXCOORD" input_set="20"/>
              </instance_material>
              <instance_material symbol="Material_001-material" target="#Material_001-material">
                <bind_vertex_input semantic="Cylinder_010-mesh-map-0" input_semantic="TEXCOORD" input_set="0"/>
                <bind_vertex_input semantic="Cylinder_016-mesh-map-0" input_semantic="TEXCOORD" input_set="1"/>
                <bind_vertex_input semantic="Cylinder_017-mesh-map-0" input_semantic="TEXCOORD" input_set="2"/>
                <bind_vertex_input semantic="Cylinder_018-mesh-map-0" input_semantic="TEXCOORD" input_set="3"/>
                <bind_vertex_input semantic="Cylinder_019-mesh-map-0" input_semantic="TEXCOORD" input_set="4"/>
                <bind_vertex_input semantic="Cylinder_020-mesh-map-0" input_semantic="TEXCOORD" input_set="5"/>
                <bind_vertex_input semantic="Cylinder_021-mesh-map-0" input_semantic="TEXCOORD" input_set="6"/>
                <bind_vertex_input semantic="Cylinder_022-mesh-map-0" input_semantic="TEXCOORD" input_set="7"/>
                <bind_vertex_input semantic="Cylinder_023-mesh-map-0" input_semantic="TEXCOORD" input_set="8"/>
                <bind_vertex_input semantic="Cylinder_024-mesh-map-0" input_semantic="TEXCOORD" input_set="9"/>
                <bind_vertex_input semantic="Cylinder_025-mesh-map-0" input_semantic="TEXCOORD" input_set="10"/>
                <bind_vertex_input semantic="Cylinder_014-mesh-map-0" input_semantic="TEXCOORD" input_set="11"/>
                <bind_vertex_input semantic="Cylinder_015-mesh-map-0" input_semantic="TEXCOORD" input_set="12"/>
                <bind_vertex_input semantic="Cylinder_012-mesh-map-0" input_semantic="TEXCOORD" input_set="13"/>
                <bind_vertex_input semantic="Cylinder_013-mesh-map-0" input_semantic="TEXCOORD" input_set="14"/>
                <bind_vertex_input semantic="Cylinder_011-mesh-map-0" input_semantic="TEXCOORD" input_set="15"/>
                <bind_vertex_input semantic="Cylinder_008-mesh-map-0" input_semantic="TEXCOORD" input_set="16"/>
                <bind_vertex_input semantic="Cylinder_009-mesh-map-0" input_semantic="TEXCOORD" input_set="17"/>
                <bind_vertex_input semantic="Cylinder_007-mesh-map-0" input_semantic="TEXCOORD" input_set="18"/>
                <bind_vertex_input semantic="Cylinder_001-mesh-map-0" input_semantic="TEXCOORD" input_set="19"/>
                <bind_vertex_input semantic="Cylinder_003-mesh-map-0" input_semantic="TEXCOORD" input_set="20"/>
              </instance_material>
              <instance_material symbol="Material_003-material" target="#Material_003-material">
                <bind_vertex_input semantic="Cylinder_010-mesh-map-0" input_semantic="TEXCOORD" input_set="0"/>
                <bind_vertex_input semantic="Cylinder_016-mesh-map-0" input_semantic="TEXCOORD" input_set="1"/>
                <bind_vertex_input semantic="Cylinder_017-mesh-map-0" input_semantic="TEXCOORD" input_set="2"/>
                <bind_vertex_input semantic="Cylinder_018-mesh-map-0" input_semantic="TEXCOORD" input_set="3"/>
                <bind_vertex_input semantic="Cylinder_019-mesh-map-0" input_semantic="TEXCOORD" input_set="4"/>
                <bind_vertex_input semantic="Cylinder_020-mesh-map-0" input_semantic="TEXCOORD" input_set="5"/>
                <bind_vertex_input semantic="Cylinder_021-mesh-map-0" input_semantic="TEXCOORD" input_set="6"/>
                <bind_vertex_input semantic="Cylinder_022-mesh-map-0" input_semantic="TEXCOORD" input_set="7"/>
                <bind_vertex_input semantic="Cylinder_023-mesh-map-0" input_semantic="TEXCOORD" input_set="8"/>
                <bind_vertex_input semantic="Cylinder_024-mesh-map-0" input_semantic="TEXCOORD" input_set="9"/>
                <bind_vertex_input semantic="Cylinder_025-mesh-map-0" input_semantic="TEXCOORD" input_set="10"/>
                <bind_vertex_input semantic="Cylinder_014-mesh-map-0" input_semantic="TEXCOORD" input_set="11"/>
                <bind_vertex_input semantic="Cylinder_015-mesh-map-0" input_semantic="TEXCOORD" input_set="12"/>
                <bind_vertex_input semantic="Cylinder_012-mesh-map-0" input_semantic="TEXCOORD" input_set="13"/>
                <bind_vertex_input semantic="Cylinder_013-mesh-map-0" input_semantic="TEXCOORD" input_set="14"/>
                <bind_vertex_input semantic="Cylinder_011-mesh-map-0" input_semantic="TEXCOORD" input_set="15"/>
                <bind_vertex_input semantic="Cylinder_008-mesh-map-0" input_semantic="TEXCOORD" input_set="16"/>
                <bind_vertex_input semantic="Cylinder_009-mesh-map-0" input_semantic="TEXCOORD" input_set="17"/>
                <bind_vertex_input semantic="Cylinder_007-mesh-map-0" input_semantic="TEXCOORD" input_set="18"/>
                <bind_vertex_input semantic="Cylinder_001-mesh-map-0" input_semantic="TEXCOORD" input_set="19"/>
                <bind_vertex_input semantic="Cylinder_003-mesh-map-0" input_semantic="TEXCOORD" input_set="20"/>
              </instance_material>
              <instance_material symbol="Material_004-material" target="#Material_004-material">
                <bind_vertex_input semantic="Cylinder_010-mesh-map-0" input_semantic="TEXCOORD" input_set="0"/>
                <bind_vertex_input semantic="Cylinder_016-mesh-map-0" input_semantic="TEXCOORD" input_set="1"/>
                <bind_vertex_input semantic="Cylinder_017-mesh-map-0" input_semantic="TEXCOORD" input_set="2"/>
                <bind_vertex_input semantic="Cylinder_018-mesh-map-0" input_semantic="TEXCOORD" input_set="3"/>
                <bind_vertex_input semantic="Cylinder_019-mesh-map-0" input_semantic="TEXCOORD" input_set="4"/>
                <bind_vertex_input semantic="Cylinder_020-mesh-map-0" input_semantic="TEXCOORD" input_set="5"/>
                <bind_vertex_input semantic="Cylinder_021-mesh-map-0" input_semantic="TEXCOORD" input_set="6"/>
                <bind_vertex_input semantic="Cylinder_022-mesh-map-0" input_semantic="TEXCOORD" input_set="7"/>
                <bind_vertex_input semantic="Cylinder_023-mesh-map-0" input_semantic="TEXCOORD" input_set="8"/>
                <bind_vertex_input semantic="Cylinder_024-mesh-map-0" input_semantic="TEXCOORD" input_set="9"/>
                <bind_vertex_input semantic="Cylinder_025-mesh-map-0" input_semantic="TEXCOORD" input_set="10"/>
                <bind_vertex_input semantic="Cylinder_014-mesh-map-0" input_semantic="TEXCOORD" input_set="11"/>
                <bind_vertex_input semantic="Cylinder_015-mesh-map-0" input_semantic="TEXCOORD" input_set="12"/>
                <bind_vertex_input semantic="Cylinder_012-mesh-map-0" input_semantic="TEXCOORD" input_set="13"/>
                <bind_vertex_input semantic="Cylinder_013-mesh-map-0" input_semantic="TEXCOORD" input_set="14"/>
                <bind_vertex_input semantic="Cylinder_011-mesh-map-0" input_semantic="TEXCOORD" input_set="15"/>
                <bind_vertex_input semantic="Cylinder_008-mesh-map-0" input_semantic="TEXCOORD" input_set="16"/>
                <bind_vertex_input semantic="Cylinder_009-mesh-map-0" input_semantic="TEXCOORD" input_set="17"/>
                <bind_vertex_input semantic="Cylinder_007-mesh-map-0" input_semantic="TEXCOORD" input_set="18"/>
                <bind_vertex_input semantic="Cylinder_001-mesh-map-0" input_semantic="TEXCOORD" input_set="19"/>
                <bind_vertex_input semantic="Cylinder_003-mesh-map-0" input_semantic="TEXCOORD" input_set="20"/>
              </instance_material>
              <instance_material symbol="Material_006-material" target="#Material_006-material">
                <bind_vertex_input semantic="Cylinder_010-mesh-map-0" input_semantic="TEXCOORD" input_set="0"/>
                <bind_vertex_input semantic="Cylinder_016-mesh-map-0" input_semantic="TEXCOORD" input_set="1"/>
                <bind_vertex_input semantic="Cylinder_017-mesh-map-0" input_semantic="TEXCOORD" input_set="2"/>
                <bind_vertex_input semantic="Cylinder_018-mesh-map-0" input_semantic="TEXCOORD" input_set="3"/>
                <bind_vertex_input semantic="Cylinder_019-mesh-map-0" input_semantic="TEXCOORD" input_set="4"/>
                <bind_vertex_input semantic="Cylinder_020-mesh-map-0" input_semantic="TEXCOORD" input_set="5"/>
                <bind_vertex_input semantic="Cylinder_021-mesh-map-0" input_semantic="TEXCOORD" input_set="6"/>
                <bind_vertex_input semantic="Cylinder_022-mesh-map-0" input_semantic="TEXCOORD" input_set="7"/>
                <bind_vertex_input semantic="Cylinder_023-mesh-map-0" input_semantic="TEXCOORD" input_set="8"/>
                <bind_vertex_input semantic="Cylinder_024-mesh-map-0" input_semantic="TEXCOORD" input_set="9"/>
                <bind_vertex_input semantic="Cylinder_025-mesh-map-0" input_semantic="TEXCOORD" input_set="10"/>
                <bind_vertex_input semantic="Cylinder_014-mesh-map-0" input_semantic="TEXCOORD" input_set="11"/>
                <bind_vertex_input semantic="Cylinder_015-mesh-map-0" input_semantic="TEXCOORD" input_set="12"/>
                <bind_vertex_input semantic="Cylinder_012-mesh-map-0" input_semantic="TEXCOORD" input_set="13"/>
                <bind_vertex_input semantic="Cylinder_013-mesh-map-0" input_semantic="TEXCOORD" input_set="14"/>
                <bind_vertex_input semantic="Cylinder_011-mesh-map-0" input_semantic="TEXCOORD" input_set="15"/>
                <bind_vertex_input semantic="Cylinder_008-mesh-map-0" input_semantic="TEXCOORD" input_set="16"/>
                <bind_vertex_input semantic="Cylinder_009-mesh-map-0" input_semantic="TEXCOORD" input_set="17"/>
                <bind_vertex_input semantic="Cylinder_007-mesh-map-0" input_semantic="TEXCOORD" input_set="18"/>
                <bind_vertex_input semantic="Cylinder_001-mesh-map-0" input_semantic="TEXCOORD" input_set="19"/>
                <bind_vertex_input semantic="Cylinder_003-mesh-map-0" input_semantic="TEXCOORD" input_set="20"/>
              </instance_material>
              <instance_material symbol="Material_005-material" target="#Material_005-material">
                <bind_vertex_input semantic="Cylinder_010-mesh-map-0" input_semantic="TEXCOORD" input_set="0"/>
                <bind_vertex_input semantic="Cylinder_016-mesh-map-0" input_semantic="TEXCOORD" input_set="1"/>
                <bind_vertex_input semantic="Cylinder_017-mesh-map-0" input_semantic="TEXCOORD" input_set="2"/>
                <bind_vertex_input semantic="Cylinder_018-mesh-map-0" input_semantic="TEXCOORD" input_set="3"/>
                <bind_vertex_input semantic="Cylinder_019-mesh-map-0" input_semantic="TEXCOORD" input_set="4"/>
                <bind_vertex_input semantic="Cylinder_020-mesh-map-0" input_semantic="TEXCOORD" input_set="5"/>
                <bind_vertex_input semantic="Cylinder_021-mesh-map-0" input_semantic="TEXCOORD" input_set="6"/>
                <bind_vertex_input semantic="Cylinder_022-mesh-map-0" input_semantic="TEXCOORD" input_set="7"/>
                <bind_vertex_input semantic="Cylinder_023-mesh-map-0" input_semantic="TEXCOORD" input_set="8"/>
                <bind_vertex_input semantic="Cylinder_024-mesh-map-0" input_semantic="TEXCOORD" input_set="9"/>
                <bind_vertex_input semantic="Cylinder_025-mesh-map-0" input_semantic="TEXCOORD" input_set="10"/>
                <bind_vertex_input semantic="Cylinder_014-mesh-map-0" input_semantic="TEXCOORD" input_set="11"/>
                <bind_vertex_input semantic="Cylinder_015-mesh-map-0" input_semantic="TEXCOORD" input_set="12"/>
                <bind_vertex_input semantic="Cylinder_012-mesh-map-0" input_semantic="TEXCOORD" input_set="13"/>
                <bind_vertex_input semantic="Cylinder_013-mesh-map-0" input_semantic="TEXCOORD" input_set="14"/>
                <bind_vertex_input semantic="Cylinder_011-mesh-map-0" input_semantic="TEXCOORD" input_set="15"/>
                <bind_vertex_input semantic="Cylinder_008-mesh-map-0" input_semantic="TEXCOORD" input_set="16"/>
                <bind_vertex_input semantic="Cylinder_009-mesh-map-0" input_semantic="TEXCOORD" input_set="17"/>
                <bind_vertex_input semantic="Cylinder_007-mesh-map-0" input_semantic="TEXCOORD" input_set="18"/>
                <bind_vertex_input semantic="Cylinder_001-mesh-map-0" input_semantic="TEXCOORD" input_set="19"/>
                <bind_vertex_input semantic="Cylinder_003-mesh-map-0" input_semantic="TEXCOORD" input_set="20"/>
              </instance_material>
              <instance_material symbol="Material_010-material" target="#Material_010-material">
                <bind_vertex_input semantic="Cylinder_010-mesh-map-0" input_semantic="TEXCOORD" input_set="0"/>
                <bind_vertex_input semantic="Cylinder_016-mesh-map-0" input_semantic="TEXCOORD" input_set="1"/>
                <bind_vertex_input semantic="Cylinder_017-mesh-map-0" input_semantic="TEXCOORD" input_set="2"/>
                <bind_vertex_input semantic="Cylinder_018-mesh-map-0" input_semantic="TEXCOORD" input_set="3"/>
                <bind_vertex_input semantic="Cylinder_019-mesh-map-0" input_semantic="TEXCOORD" input_set="4"/>
                <bind_vertex_input semantic="Cylinder_020-mesh-map-0" input_semantic="TEXCOORD" input_set="5"/>
                <bind_vertex_input semantic="Cylinder_021-mesh-map-0" input_semantic="TEXCOORD" input_set="6"/>
                <bind_vertex_input semantic="Cylinder_022-mesh-map-0" input_semantic="TEXCOORD" input_set="7"/>
                <bind_vertex_input semantic="Cylinder_023-mesh-map-0" input_semantic="TEXCOORD" input_set="8"/>
                <bind_vertex_input semantic="Cylinder_024-mesh-map-0" input_semantic="TEXCOORD" input_set="9"/>
                <bind_vertex_input semantic="Cylinder_025-mesh-map-0" input_semantic="TEXCOORD" input_set="10"/>
                <bind_vertex_input semantic="Cylinder_014-mesh-map-0" input_semantic="TEXCOORD" input_set="11"/>
                <bind_vertex_input semantic="Cylinder_015-mesh-map-0" input_semantic="TEXCOORD" input_set="12"/>
                <bind_vertex_input semantic="Cylinder_012-mesh-map-0" input_semantic="TEXCOORD" input_set="13"/>
                <bind_vertex_input semantic="Cylinder_013-mesh-map-0" input_semantic="TEXCOORD" input_set="14"/>
                <bind_vertex_input semantic="Cylinder_011-mesh-map-0" input_semantic="TEXCOORD" input_set="15"/>
                <bind_vertex_input semantic="Cylinder_008-mesh-map-0" input_semantic="TEXCOORD" input_set="16"/>
                <bind_vertex_input semantic="Cylinder_009-mesh-map-0" input_semantic="TEXCOORD" input_set="17"/>
                <bind_vertex_input semantic="Cylinder_007-mesh-map-0" input_semantic="TEXCOORD" input_set="18"/>
                <bind_vertex_input semantic="Cylinder_001-mesh-map-0" input_semantic="TEXCOORD" input_set="19"/>
                <bind_vertex_input semantic="Cylinder_003-mesh-map-0" input_semantic="TEXCOORD" input_set="20"/>
              </instance_material>
              <instance_material symbol="Material_009-material" target="#Material_009-material">
                <bind_vertex_input semantic="Cylinder_010-mesh-map-0" input_semantic="TEXCOORD" input_set="0"/>
                <bind_vertex_input semantic="Cylinder_016-mesh-map-0" input_semantic="TEXCOORD" input_set="1"/>
                <bind_vertex_input semantic="Cylinder_017-mesh-map-0" input_semantic="TEXCOORD" input_set="2"/>
                <bind_vertex_input semantic="Cylinder_018-mesh-map-0" input_semantic="TEXCOORD" input_set="3"/>
                <bind_vertex_input semantic="Cylinder_019-mesh-map-0" input_semantic="TEXCOORD" input_set="4"/>
                <bind_vertex_input semantic="Cylinder_020-mesh-map-0" input_semantic="TEXCOORD" input_set="5"/>
                <bind_vertex_input semantic="Cylinder_021-mesh-map-0" input_semantic="TEXCOORD" input_set="6"/>
                <bind_vertex_input semantic="Cylinder_022-mesh-map-0" input_semantic="TEXCOORD" input_set="7"/>
                <bind_vertex_input semantic="Cylinder_023-mesh-map-0" input_semantic="TEXCOORD" input_set="8"/>
                <bind_vertex_input semantic="Cylinder_024-mesh-map-0" input_semantic="TEXCOORD" input_set="9"/>
                <bind_vertex_input semantic="Cylinder_025-mesh-map-0" input_semantic="TEXCOORD" input_set="10"/>
                <bind_vertex_input semantic="Cylinder_014-mesh-map-0" input_semantic="TEXCOORD" input_set="11"/>
                <bind_vertex_input semantic="Cylinder_015-mesh-map-0" input_semantic="TEXCOORD" input_set="12"/>
                <bind_vertex_input semantic="Cylinder_012-mesh-map-0" input_semantic="TEXCOORD" input_set="13"/>
                <bind_vertex_input semantic="Cylinder_013-mesh-map-0" input_semantic="TEXCOORD" input_set="14"/>
                <bind_vertex_input semantic="Cylinder_011-mesh-map-0" input_semantic="TEXCOORD" input_set="15"/>
                <bind_vertex_input semantic="Cylinder_008-mesh-map-0" input_semantic="TEXCOORD" input_set="16"/>
                <bind_vertex_input semantic="Cylinder_009-mesh-map-0" input_semantic="TEXCOORD" input_set="17"/>
                <bind_vertex_input semantic="Cylinder_007-mesh-map-0" input_semantic="TEXCOORD" input_set="18"/>
                <bind_vertex_input semantic="Cylinder_001-mesh-map-0" input_semantic="TEXCOORD" input_set="19"/>
                <bind_vertex_input semantic="Cylinder_003-mesh-map-0" input_semantic="TEXCOORD" input_set="20"/>
              </instance_material>
              <instance_material symbol="Material_007-material" target="#Material_007-material">
                <bind_vertex_input semantic="Cylinder_010-mesh-map-0" input_semantic="TEXCOORD" input_set="0"/>
                <bind_vertex_input semantic="Cylinder_016-mesh-map-0" input_semantic="TEXCOORD" input_set="1"/>
                <bind_vertex_input semantic="Cylinder_017-mesh-map-0" input_semantic="TEXCOORD" input_set="2"/>
                <bind_vertex_input semantic="Cylinder_018-mesh-map-0" input_semantic="TEXCOORD" input_set="3"/>
                <bind_vertex_input semantic="Cylinder_019-mesh-map-0" input_semantic="TEXCOORD" input_set="4"/>
                <bind_vertex_input semantic="Cylinder_020-mesh-map-0" input_semantic="TEXCOORD" input_set="5"/>
                <bind_vertex_input semantic="Cylinder_021-mesh-map-0" input_semantic="TEXCOORD" input_set="6"/>
                <bind_vertex_input semantic="Cylinder_022-mesh-map-0" input_semantic="TEXCOORD" input_set="7"/>
                <bind_vertex_input semantic="Cylinder_023-mesh-map-0" input_semantic="TEXCOORD" input_set="8"/>
                <bind_vertex_input semantic="Cylinder_024-mesh-map-0" input_semantic="TEXCOORD" input_set="9"/>
                <bind_vertex_input semantic="Cylinder_025-mesh-map-0" input_semantic="TEXCOORD" input_set="10"/>
                <bind_vertex_input semantic="Cylinder_014-mesh-map-0" input_semantic="TEXCOORD" input_set="11"/>
                <bind_vertex_input semantic="Cylinder_015-mesh-map-0" input_semantic="TEXCOORD" input_set="12"/>
                <bind_vertex_input semantic="Cylinder_012-mesh-map-0" input_semantic="TEXCOORD" input_set="13"/>
                <bind_vertex_input semantic="Cylinder_013-mesh-map-0" input_semantic="TEXCOORD" input_set="14"/>
                <bind_vertex_input semantic="Cylinder_011-mesh-map-0" input_semantic="TEXCOORD" input_set="15"/>
                <bind_vertex_input semantic="Cylinder_008-mesh-map-0" input_semantic="TEXCOORD" input_set="16"/>
                <bind_vertex_input semantic="Cylinder_009-mesh-map-0" input_semantic="TEXCOORD" input_set="17"/>
                <bind_vertex_input semantic="Cylinder_007-mesh-map-0" input_semantic="TEXCOORD" input_set="18"/>
                <bind_vertex_input semantic="Cylinder_001-mesh-map-0" input_semantic="TEXCOORD" input_set="19"/>
                <bind_vertex_input semantic="Cylinder_003-mesh-map-0" input_semantic="TEXCOORD" input_set="20"/>
              </instance_material>
              <instance_material symbol="Material_008-material" target="#Material_008-material">
                <bind_vertex_input semantic="Cylinder_010-mesh-map-0" input_semantic="TEXCOORD" input_set="0"/>
                <bind_vertex_input semantic="Cylinder_016-mesh-map-0" input_semantic="TEXCOORD" input_set="1"/>
                <bind_vertex_input semantic="Cylinder_017-mesh-map-0" input_semantic="TEXCOORD" input_set="2"/>
                <bind_vertex_input semantic="Cylinder_018-mesh-map-0" input_semantic="TEXCOORD" input_set="3"/>
                <bind_vertex_input semantic="Cylinder_019-mesh-map-0" input_semantic="TEXCOORD" input_set="4"/>
                <bind_vertex_input semantic="Cylinder_020-mesh-map-0" input_semantic="TEXCOORD" input_set="5"/>
                <bind_vertex_input semantic="Cylinder_021-mesh-map-0" input_semantic="TEXCOORD" input_set="6"/>
                <bind_vertex_input semantic="Cylinder_022-mesh-map-0" input_semantic="TEXCOORD" input_set="7"/>
                <bind_vertex_input semantic="Cylinder_023-mesh-map-0" input_semantic="TEXCOORD" input_set="8"/>
                <bind_vertex_input semantic="Cylinder_024-mesh-map-0" input_semantic="TEXCOORD" input_set="9"/>
                <bind_vertex_input semantic="Cylinder_025-mesh-map-0" input_semantic="TEXCOORD" input_set="10"/>
                <bind_vertex_input semantic="Cylinder_014-mesh-map-0" input_semantic="TEXCOORD" input_set="11"/>
                <bind_vertex_input semantic="Cylinder_015-mesh-map-0" input_semantic="TEXCOORD" input_set="12"/>
                <bind_vertex_input semantic="Cylinder_012-mesh-map-0" input_semantic="TEXCOORD" input_set="13"/>
                <bind_vertex_input semantic="Cylinder_013-mesh-map-0" input_semantic="TEXCOORD" input_set="14"/>
                <bind_vertex_input semantic="Cylinder_011-mesh-map-0" input_semantic="TEXCOORD" input_set="15"/>
                <bind_vertex_input semantic="Cylinder_008-mesh-map-0" input_semantic="TEXCOORD" input_set="16"/>
                <bind_vertex_input semantic="Cylinder_009-mesh-map-0" input_semantic="TEXCOORD" input_set="17"/>
                <bind_vertex_input semantic="Cylinder_007-mesh-map-0" input_semantic="TEXCOORD" input_set="18"/>
                <bind_vertex_input semantic="Cylinder_001-mesh-map-0" input_semantic="TEXCOORD" input_set="19"/>
                <bind_vertex_input semantic="Cylinder_003-mesh-map-0" input_semantic="TEXCOORD" input_set="20"/>
              </instance_material>
              <instance_material symbol="Material_012-material" target="#Material_012-material">
                <bind_vertex_input semantic="Cylinder_010-mesh-map-0" input_semantic="TEXCOORD" input_set="0"/>
                <bind_vertex_input semantic="Cylinder_016-mesh-map-0" input_semantic="TEXCOORD" input_set="1"/>
                <bind_vertex_input semantic="Cylinder_017-mesh-map-0" input_semantic="TEXCOORD" input_set="2"/>
                <bind_vertex_input semantic="Cylinder_018-mesh-map-0" input_semantic="TEXCOORD" input_set="3"/>
                <bind_vertex_input semantic="Cylinder_019-mesh-map-0" input_semantic="TEXCOORD" input_set="4"/>
                <bind_vertex_input semantic="Cylinder_020-mesh-map-0" input_semantic="TEXCOORD" input_set="5"/>
                <bind_vertex_input semantic="Cylinder_021-mesh-map-0" input_semantic="TEXCOORD" input_set="6"/>
                <bind_vertex_input semantic="Cylinder_022-mesh-map-0" input_semantic="TEXCOORD" input_set="7"/>
                <bind_vertex_input semantic="Cylinder_023-mesh-map-0" input_semantic="TEXCOORD" input_set="8"/>
                <bind_vertex_input semantic="Cylinder_024-mesh-map-0" input_semantic="TEXCOORD" input_set="9"/>
                <bind_vertex_input semantic="Cylinder_025-mesh-map-0" input_semantic="TEXCOORD" input_set="10"/>
                <bind_vertex_input semantic="Cylinder_014-mesh-map-0" input_semantic="TEXCOORD" input_set="11"/>
                <bind_vertex_input semantic="Cylinder_015-mesh-map-0" input_semantic="TEXCOORD" input_set="12"/>
                <bind_vertex_input semantic="Cylinder_012-mesh-map-0" input_semantic="TEXCOORD" input_set="13"/>
                <bind_vertex_input semantic="Cylinder_013-mesh-map-0" input_semantic="TEXCOORD" input_set="14"/>
                <bind_vertex_input semantic="Cylinder_011-mesh-map-0" input_semantic="TEXCOORD" input_set="15"/>
                <bind_vertex_input semantic="Cylinder_008-mesh-map-0" input_semantic="TEXCOORD" input_set="16"/>
                <bind_vertex_input semantic="Cylinder_009-mesh-map-0" input_semantic="TEXCOORD" input_set="17"/>
                <bind_vertex_input semantic="Cylinder_007-mesh-map-0" input_semantic="TEXCOORD" input_set="18"/>
                <bind_vertex_input semantic="Cylinder_001-mesh-map-0" input_semantic="TEXCOORD" input_set="19"/>
                <bind_vertex_input semantic="Cylinder_003-mesh-map-0" input_semantic="TEXCOORD" input_set="20"/>
              </instance_material>
              <instance_material symbol="Material_013-material" target="#Material_013-material">
                <bind_vertex_input semantic="Cylinder_010-mesh-map-0" input_semantic="TEXCOORD" input_set="0"/>
                <bind_vertex_input semantic="Cylinder_016-mesh-map-0" input_semantic="TEXCOORD" input_set="1"/>
                <bind_vertex_input semantic="Cylinder_017-mesh-map-0" input_semantic="TEXCOORD" input_set="2"/>
                <bind_vertex_input semantic="Cylinder_018-mesh-map-0" input_semantic="TEXCOORD" input_set="3"/>
                <bind_vertex_input semantic="Cylinder_019-mesh-map-0" input_semantic="TEXCOORD" input_set="4"/>
                <bind_vertex_input semantic="Cylinder_020-mesh-map-0" input_semantic="TEXCOORD" input_set="5"/>
                <bind_vertex_input semantic="Cylinder_021-mesh-map-0" input_semantic="TEXCOORD" input_set="6"/>
                <bind_vertex_input semantic="Cylinder_022-mesh-map-0" input_semantic="TEXCOORD" input_set="7"/>
                <bind_vertex_input semantic="Cylinder_023-mesh-map-0" input_semantic="TEXCOORD" input_set="8"/>
                <bind_vertex_input semantic="Cylinder_024-mesh-map-0" input_semantic="TEXCOORD" input_set="9"/>
                <bind_vertex_input semantic="Cylinder_025-mesh-map-0" input_semantic="TEXCOORD" input_set="10"/>
                <bind_vertex_input semantic="Cylinder_014-mesh-map-0" input_semantic="TEXCOORD" input_set="11"/>
                <bind_vertex_input semantic="Cylinder_015-mesh-map-0" input_semantic="TEXCOORD" input_set="12"/>
                <bind_vertex_input semantic="Cylinder_012-mesh-map-0" input_semantic="TEXCOORD" input_set="13"/>
                <bind_vertex_input semantic="Cylinder_013-mesh-map-0" input_semantic="TEXCOORD" input_set="14"/>
                <bind_vertex_input semantic="Cylinder_011-mesh-map-0" input_semantic="TEXCOORD" input_set="15"/>
                <bind_vertex_input semantic="Cylinder_008-mesh-map-0" input_semantic="TEXCOORD" input_set="16"/>
                <bind_vertex_input semantic="Cylinder_009-mesh-map-0" input_semantic="TEXCOORD" input_set="17"/>
                <bind_vertex_input semantic="Cylinder_007-mesh-map-0" input_semantic="TEXCOORD" input_set="18"/>
                <bind_vertex_input semantic="Cylinder_001-mesh-map-0" input_semantic="TEXCOORD" input_set="19"/>
                <bind_vertex_input semantic="Cylinder_003-mesh-map-0" input_semantic="TEXCOORD" input_set="20"/>
              </instance_material>
              <instance_material symbol="Material_015-material" target="#Material_015-material">
                <bind_vertex_input semantic="Cylinder_010-mesh-map-0" input_semantic="TEXCOORD" input_set="0"/>
                <bind_vertex_input semantic="Cylinder_016-mesh-map-0" input_semantic="TEXCOORD" input_set="1"/>
                <bind_vertex_input semantic="Cylinder_017-mesh-map-0" input_semantic="TEXCOORD" input_set="2"/>
                <bind_vertex_input semantic="Cylinder_018-mesh-map-0" input_semantic="TEXCOORD" input_set="3"/>
                <bind_vertex_input semantic="Cylinder_019-mesh-map-0" input_semantic="TEXCOORD" input_set="4"/>
                <bind_vertex_input semantic="Cylinder_020-mesh-map-0" input_semantic="TEXCOORD" input_set="5"/>
                <bind_vertex_input semantic="Cylinder_021-mesh-map-0" input_semantic="TEXCOORD" input_set="6"/>
                <bind_vertex_input semantic="Cylinder_022-mesh-map-0" input_semantic="TEXCOORD" input_set="7"/>
                <bind_vertex_input semantic="Cylinder_023-mesh-map-0" input_semantic="TEXCOORD" input_set="8"/>
                <bind_vertex_input semantic="Cylinder_024-mesh-map-0" input_semantic="TEXCOORD" input_set="9"/>
                <bind_vertex_input semantic="Cylinder_025-mesh-map-0" input_semantic="TEXCOORD" input_set="10"/>
                <bind_vertex_input semantic="Cylinder_014-mesh-map-0" input_semantic="TEXCOORD" input_set="11"/>
                <bind_vertex_input semantic="Cylinder_015-mesh-map-0" input_semantic="TEXCOORD" input_set="12"/>
                <bind_vertex_input semantic="Cylinder_012-mesh-map-0" input_semantic="TEXCOORD" input_set="13"/>
                <bind_vertex_input semantic="Cylinder_013-mesh-map-0" input_semantic="TEXCOORD" input_set="14"/>
                <bind_vertex_input semantic="Cylinder_011-mesh-map-0" input_semantic="TEXCOORD" input_set="15"/>
                <bind_vertex_input semantic="Cylinder_008-mesh-map-0" input_semantic="TEXCOORD" input_set="16"/>
                <bind_vertex_input semantic="Cylinder_009-mesh-map-0" input_semantic="TEXCOORD" input_set="17"/>
                <bind_vertex_input semantic="Cylinder_007-mesh-map-0" input_semantic="TEXCOORD" input_set="18"/>
                <bind_vertex_input semantic="Cylinder_001-mesh-map-0" input_semantic="TEXCOORD" input_set="19"/>
                <bind_vertex_input semantic="Cylinder_003-mesh-map-0" input_semantic="TEXCOORD" input_set="20"/>
              </instance_material>
              <instance_material symbol="Material_014-material" target="#Material_014-material">
                <bind_vertex_input semantic="Cylinder_010-mesh-map-0" input_semantic="TEXCOORD" input_set="0"/>
                <bind_vertex_input semantic="Cylinder_016-mesh-map-0" input_semantic="TEXCOORD" input_set="1"/>
                <bind_vertex_input semantic="Cylinder_017-mesh-map-0" input_semantic="TEXCOORD" input_set="2"/>
                <bind_vertex_input semantic="Cylinder_018-mesh-map-0" input_semantic="TEXCOORD" input_set="3"/>
                <bind_vertex_input semantic="Cylinder_019-mesh-map-0" input_semantic="TEXCOORD" input_set="4"/>
                <bind_vertex_input semantic="Cylinder_020-mesh-map-0" input_semantic="TEXCOORD" input_set="5"/>
                <bind_vertex_input semantic="Cylinder_021-mesh-map-0" input_semantic="TEXCOORD" input_set="6"/>
                <bind_vertex_input semantic="Cylinder_022-mesh-map-0" input_semantic="TEXCOORD" input_set="7"/>
                <bind_vertex_input semantic="Cylinder_023-mesh-map-0" input_semantic="TEXCOORD" input_set="8"/>
                <bind_vertex_input semantic="Cylinder_024-mesh-map-0" input_semantic="TEXCOORD" input_set="9"/>
                <bind_vertex_input semantic="Cylinder_025-mesh-map-0" input_semantic="TEXCOORD" input_set="10"/>
                <bind_vertex_input semantic="Cylinder_014-mesh-map-0" input_semantic="TEXCOORD" input_set="11"/>
                <bind_vertex_input semantic="Cylinder_015-mesh-map-0" input_semantic="TEXCOORD" input_set="12"/>
                <bind_vertex_input semantic="Cylinder_012-mesh-map-0" input_semantic="TEXCOORD" input_set="13"/>
                <bind_vertex_input semantic="Cylinder_013-mesh-map-0" input_semantic="TEXCOORD" input_set="14"/>
                <bind_vertex_input semantic="Cylinder_011-mesh-map-0" input_semantic="TEXCOORD" input_set="15"/>
                <bind_vertex_input semantic="Cylinder_008-mesh-map-0" input_semantic="TEXCOORD" input_set="16"/>
                <bind_vertex_input semantic="Cylinder_009-mesh-map-0" input_semantic="TEXCOORD" input_set="17"/>
                <bind_vertex_input semantic="Cylinder_007-mesh-map-0" input_semantic="TEXCOORD" input_set="18"/>
                <bind_vertex_input semantic="Cylinder_001-mesh-map-0" input_semantic="TEXCOORD" input_set="19"/>
                <bind_vertex_input semantic="Cylinder_003-mesh-map-0" input_semantic="TEXCOORD" input_set="20"/>
              </instance_material>
              <instance_material symbol="Material_017-material" target="#Material_017-material">
                <bind_vertex_input semantic="Cylinder_010-mesh-map-0" input_semantic="TEXCOORD" input_set="0"/>
                <bind_vertex_input semantic="Cylinder_016-mesh-map-0" input_semantic="TEXCOORD" input_set="1"/>
                <bind_vertex_input semantic="Cylinder_017-mesh-map-0" input_semantic="TEXCOORD" input_set="2"/>
                <bind_vertex_input semantic="Cylinder_018-mesh-map-0" input_semantic="TEXCOORD" input_set="3"/>
                <bind_vertex_input semantic="Cylinder_019-mesh-map-0" input_semantic="TEXCOORD" input_set="4"/>
                <bind_vertex_input semantic="Cylinder_020-mesh-map-0" input_semantic="TEXCOORD" input_set="5"/>
                <bind_vertex_input semantic="Cylinder_021-mesh-map-0" input_semantic="TEXCOORD" input_set="6"/>
                <bind_vertex_input semantic="Cylinder_022-mesh-map-0" input_semantic="TEXCOORD" input_set="7"/>
                <bind_vertex_input semantic="Cylinder_023-mesh-map-0" input_semantic="TEXCOORD" input_set="8"/>
                <bind_vertex_input semantic="Cylinder_024-mesh-map-0" input_semantic="TEXCOORD" input_set="9"/>
                <bind_vertex_input semantic="Cylinder_025-mesh-map-0" input_semantic="TEXCOORD" input_set="10"/>
                <bind_vertex_input semantic="Cylinder_014-mesh-map-0" input_semantic="TEXCOORD" input_set="11"/>
                <bind_vertex_input semantic="Cylinder_015-mesh-map-0" input_semantic="TEXCOORD" input_set="12"/>
                <bind_vertex_input semantic="Cylinder_012-mesh-map-0" input_semantic="TEXCOORD" input_set="13"/>
                <bind_vertex_input semantic="Cylinder_013-mesh-map-0" input_semantic="TEXCOORD" input_set="14"/>
                <bind_vertex_input semantic="Cylinder_011-mesh-map-0" input_semantic="TEXCOORD" input_set="15"/>
                <bind_vertex_input semantic="Cylinder_008-mesh-map-0" input_semantic="TEXCOORD" input_set="16"/>
                <bind_vertex_input semantic="Cylinder_009-mesh-map-0" input_semantic="TEXCOORD" input_set="17"/>
                <bind_vertex_input semantic="Cylinder_007-mesh-map-0" input_semantic="TEXCOORD" input_set="18"/>
                <bind_vertex_input semantic="Cylinder_001-mesh-map-0" input_semantic="TEXCOORD" input_set="19"/>
                <bind_vertex_input semantic="Cylinder_003-mesh-map-0" input_semantic="TEXCOORD" input_set="20"/>
              </instance_material>
              <instance_material symbol="Material_020-material" target="#Material_020-material">
                <bind_vertex_input semantic="Cylinder_010-mesh-map-0" input_semantic="TEXCOORD" input_set="0"/>
                <bind_vertex_input semantic="Cylinder_016-mesh-map-0" input_semantic="TEXCOORD" input_set="1"/>
                <bind_vertex_input semantic="Cylinder_017-mesh-map-0" input_semantic="TEXCOORD" input_set="2"/>
                <bind_vertex_input semantic="Cylinder_018-mesh-map-0" input_semantic="TEXCOORD" input_set="3"/>
                <bind_vertex_input semantic="Cylinder_019-mesh-map-0" input_semantic="TEXCOORD" input_set="4"/>
                <bind_vertex_input semantic="Cylinder_020-mesh-map-0" input_semantic="TEXCOORD" input_set="5"/>
                <bind_vertex_input semantic="Cylinder_021-mesh-map-0" input_semantic="TEXCOORD" input_set="6"/>
                <bind_vertex_input semantic="Cylinder_022-mesh-map-0" input_semantic="TEXCOORD" input_set="7"/>
                <bind_vertex_input semantic="Cylinder_023-mesh-map-0" input_semantic="TEXCOORD" input_set="8"/>
                <bind_vertex_input semantic="Cylinder_024-mesh-map-0" input_semantic="TEXCOORD" input_set="9"/>
                <bind_vertex_input semantic="Cylinder_025-mesh-map-0" input_semantic="TEXCOORD" input_set="10"/>
                <bind_vertex_input semantic="Cylinder_014-mesh-map-0" input_semantic="TEXCOORD" input_set="11"/>
                <bind_vertex_input semantic="Cylinder_015-mesh-map-0" input_semantic="TEXCOORD" input_set="12"/>
                <bind_vertex_input semantic="Cylinder_012-mesh-map-0" input_semantic="TEXCOORD" input_set="13"/>
                <bind_vertex_input semantic="Cylinder_013-mesh-map-0" input_semantic="TEXCOORD" input_set="14"/>
                <bind_vertex_input semantic="Cylinder_011-mesh-map-0" input_semantic="TEXCOORD" input_set="15"/>
                <bind_vertex_input semantic="Cylinder_008-mesh-map-0" input_semantic="TEXCOORD" input_set="16"/>
                <bind_vertex_input semantic="Cylinder_009-mesh-map-0" input_semantic="TEXCOORD" input_set="17"/>
                <bind_vertex_input semantic="Cylinder_007-mesh-map-0" input_semantic="TEXCOORD" input_set="18"/>
                <bind_vertex_input semantic="Cylinder_001-mesh-map-0" input_semantic="TEXCOORD" input_set="19"/>
                <bind_vertex_input semantic="Cylinder_003-mesh-map-0" input_semantic="TEXCOORD" input_set="20"/>
              </instance_material>
              <instance_material symbol="Material_021-material" target="#Material_021-material">
                <bind_vertex_input semantic="Cylinder_010-mesh-map-0" input_semantic="TEXCOORD" input_set="0"/>
                <bind_vertex_input semantic="Cylinder_016-mesh-map-0" input_semantic="TEXCOORD" input_set="1"/>
                <bind_vertex_input semantic="Cylinder_017-mesh-map-0" input_semantic="TEXCOORD" input_set="2"/>
                <bind_vertex_input semantic="Cylinder_018-mesh-map-0" input_semantic="TEXCOORD" input_set="3"/>
                <bind_vertex_input semantic="Cylinder_019-mesh-map-0" input_semantic="TEXCOORD" input_set="4"/>
                <bind_vertex_input semantic="Cylinder_020-mesh-map-0" input_semantic="TEXCOORD" input_set="5"/>
                <bind_vertex_input semantic="Cylinder_021-mesh-map-0" input_semantic="TEXCOORD" input_set="6"/>
                <bind_vertex_input semantic="Cylinder_022-mesh-map-0" input_semantic="TEXCOORD" input_set="7"/>
                <bind_vertex_input semantic="Cylinder_023-mesh-map-0" input_semantic="TEXCOORD" input_set="8"/>
                <bind_vertex_input semantic="Cylinder_024-mesh-map-0" input_semantic="TEXCOORD" input_set="9"/>
                <bind_vertex_input semantic="Cylinder_025-mesh-map-0" input_semantic="TEXCOORD" input_set="10"/>
                <bind_vertex_input semantic="Cylinder_014-mesh-map-0" input_semantic="TEXCOORD" input_set="11"/>
                <bind_vertex_input semantic="Cylinder_015-mesh-map-0" input_semantic="TEXCOORD" input_set="12"/>
                <bind_vertex_input semantic="Cylinder_012-mesh-map-0" input_semantic="TEXCOORD" input_set="13"/>
                <bind_vertex_input semantic="Cylinder_013-mesh-map-0" input_semantic="TEXCOORD" input_set="14"/>
                <bind_vertex_input semantic="Cylinder_011-mesh-map-0" input_semantic="TEXCOORD" input_set="15"/>
                <bind_vertex_input semantic="Cylinder_008-mesh-map-0" input_semantic="TEXCOORD" input_set="16"/>
                <bind_vertex_input semantic="Cylinder_009-mesh-map-0" input_semantic="TEXCOORD" input_set="17"/>
                <bind_vertex_input semantic="Cylinder_007-mesh-map-0" input_semantic="TEXCOORD" input_set="18"/>
                <bind_vertex_input semantic="Cylinder_001-mesh-map-0" input_semantic="TEXCOORD" input_set="19"/>
                <bind_vertex_input semantic="Cylinder_003-mesh-map-0" input_semantic="TEXCOORD" input_set="20"/>
              </instance_material>
              <instance_material symbol="Material_018-material" target="#Material_018-material">
                <bind_vertex_input semantic="Cylinder_010-mesh-map-0" input_semantic="TEXCOORD" input_set="0"/>
                <bind_vertex_input semantic="Cylinder_016-mesh-map-0" input_semantic="TEXCOORD" input_set="1"/>
                <bind_vertex_input semantic="Cylinder_017-mesh-map-0" input_semantic="TEXCOORD" input_set="2"/>
                <bind_vertex_input semantic="Cylinder_018-mesh-map-0" input_semantic="TEXCOORD" input_set="3"/>
                <bind_vertex_input semantic="Cylinder_019-mesh-map-0" input_semantic="TEXCOORD" input_set="4"/>
                <bind_vertex_input semantic="Cylinder_020-mesh-map-0" input_semantic="TEXCOORD" input_set="5"/>
                <bind_vertex_input semantic="Cylinder_021-mesh-map-0" input_semantic="TEXCOORD" input_set="6"/>
                <bind_vertex_input semantic="Cylinder_022-mesh-map-0" input_semantic="TEXCOORD" input_set="7"/>
                <bind_vertex_input semantic="Cylinder_023-mesh-map-0" input_semantic="TEXCOORD" input_set="8"/>
                <bind_vertex_input semantic="Cylinder_024-mesh-map-0" input_semantic="TEXCOORD" input_set="9"/>
                <bind_vertex_input semantic="Cylinder_025-mesh-map-0" input_semantic="TEXCOORD" input_set="10"/>
                <bind_vertex_input semantic="Cylinder_014-mesh-map-0" input_semantic="TEXCOORD" input_set="11"/>
                <bind_vertex_input semantic="Cylinder_015-mesh-map-0" input_semantic="TEXCOORD" input_set="12"/>
                <bind_vertex_input semantic="Cylinder_012-mesh-map-0" input_semantic="TEXCOORD" input_set="13"/>
                <bind_vertex_input semantic="Cylinder_013-mesh-map-0" input_semantic="TEXCOORD" input_set="14"/>
                <bind_vertex_input semantic="Cylinder_011-mesh-map-0" input_semantic="TEXCOORD" input_set="15"/>
                <bind_vertex_input semantic="Cylinder_008-mesh-map-0" input_semantic="TEXCOORD" input_set="16"/>
                <bind_vertex_input semantic="Cylinder_009-mesh-map-0" input_semantic="TEXCOORD" input_set="17"/>
                <bind_vertex_input semantic="Cylinder_007-mesh-map-0" input_semantic="TEXCOORD" input_set="18"/>
                <bind_vertex_input semantic="Cylinder_001-mesh-map-0" input_semantic="TEXCOORD" input_set="19"/>
                <bind_vertex_input semantic="Cylinder_003-mesh-map-0" input_semantic="TEXCOORD" input_set="20"/>
              </instance_material>
              <instance_material symbol="Material_019-material" target="#Material_019-material">
                <bind_vertex_input semantic="Cylinder_010-mesh-map-0" input_semantic="TEXCOORD" input_set="0"/>
                <bind_vertex_input semantic="Cylinder_016-mesh-map-0" input_semantic="TEXCOORD" input_set="1"/>
                <bind_vertex_input semantic="Cylinder_017-mesh-map-0" input_semantic="TEXCOORD" input_set="2"/>
                <bind_vertex_input semantic="Cylinder_018-mesh-map-0" input_semantic="TEXCOORD" input_set="3"/>
                <bind_vertex_input semantic="Cylinder_019-mesh-map-0" input_semantic="TEXCOORD" input_set="4"/>
                <bind_vertex_input semantic="Cylinder_020-mesh-map-0" input_semantic="TEXCOORD" input_set="5"/>
                <bind_vertex_input semantic="Cylinder_021-mesh-map-0" input_semantic="TEXCOORD" input_set="6"/>
                <bind_vertex_input semantic="Cylinder_022-mesh-map-0" input_semantic="TEXCOORD" input_set="7"/>
                <bind_vertex_input semantic="Cylinder_023-mesh-map-0" input_semantic="TEXCOORD" input_set="8"/>
                <bind_vertex_input semantic="Cylinder_024-mesh-map-0" input_semantic="TEXCOORD" input_set="9"/>
                <bind_vertex_input semantic="Cylinder_025-mesh-map-0" input_semantic="TEXCOORD" input_set="10"/>
                <bind_vertex_input semantic="Cylinder_014-mesh-map-0" input_semantic="TEXCOORD" input_set="11"/>
                <bind_vertex_input semantic="Cylinder_015-mesh-map-0" input_semantic="TEXCOORD" input_set="12"/>
                <bind_vertex_input semantic="Cylinder_012-mesh-map-0" input_semantic="TEXCOORD" input_set="13"/>
                <bind_vertex_input semantic="Cylinder_013-mesh-map-0" input_semantic="TEXCOORD" input_set="14"/>
                <bind_vertex_input semantic="Cylinder_011-mesh-map-0" input_semantic="TEXCOORD" input_set="15"/>
                <bind_vertex_input semantic="Cylinder_008-mesh-map-0" input_semantic="TEXCOORD" input_set="16"/>
                <bind_vertex_input semantic="Cylinder_009-mesh-map-0" input_semantic="TEXCOORD" input_set="17"/>
                <bind_vertex_input semantic="Cylinder_007-mesh-map-0" input_semantic="TEXCOORD" input_set="18"/>
                <bind_vertex_input semantic="Cylinder_001-mesh-map-0" input_semantic="TEXCOORD" input_set="19"/>
                <bind_vertex_input semantic="Cylinder_003-mesh-map-0" input_semantic="TEXCOORD" input_set="20"/>
              </instance_material>
              <instance_material symbol="Material_023-material" target="#Material_023-material">
                <bind_vertex_input semantic="Cylinder_010-mesh-map-0" input_semantic="TEXCOORD" input_set="0"/>
                <bind_vertex_input semantic="Cylinder_016-mesh-map-0" input_semantic="TEXCOORD" input_set="1"/>
                <bind_vertex_input semantic="Cylinder_017-mesh-map-0" input_semantic="TEXCOORD" input_set="2"/>
                <bind_vertex_input semantic="Cylinder_018-mesh-map-0" input_semantic="TEXCOORD" input_set="3"/>
                <bind_vertex_input semantic="Cylinder_019-mesh-map-0" input_semantic="TEXCOORD" input_set="4"/>
                <bind_vertex_input semantic="Cylinder_020-mesh-map-0" input_semantic="TEXCOORD" input_set="5"/>
                <bind_vertex_input semantic="Cylinder_021-mesh-map-0" input_semantic="TEXCOORD" input_set="6"/>
                <bind_vertex_input semantic="Cylinder_022-mesh-map-0" input_semantic="TEXCOORD" input_set="7"/>
                <bind_vertex_input semantic="Cylinder_023-mesh-map-0" input_semantic="TEXCOORD" input_set="8"/>
                <bind_vertex_input semantic="Cylinder_024-mesh-map-0" input_semantic="TEXCOORD" input_set="9"/>
                <bind_vertex_input semantic="Cylinder_025-mesh-map-0" input_semantic="TEXCOORD" input_set="10"/>
                <bind_vertex_input semantic="Cylinder_014-mesh-map-0" input_semantic="TEXCOORD" input_set="11"/>
                <bind_vertex_input semantic="Cylinder_015-mesh-map-0" input_semantic="TEXCOORD" input_set="12"/>
                <bind_vertex_input semantic="Cylinder_012-mesh-map-0" input_semantic="TEXCOORD" input_set="13"/>
                <bind_vertex_input semantic="Cylinder_013-mesh-map-0" input_semantic="TEXCOORD" input_set="14"/>
                <bind_vertex_input semantic="Cylinder_011-mesh-map-0" input_semantic="TEXCOORD" input_set="15"/>
                <bind_vertex_input semantic="Cylinder_008-mesh-map-0" input_semantic="TEXCOORD" input_set="16"/>
                <bind_vertex_input semantic="Cylinder_009-mesh-map-0" input_semantic="TEXCOORD" input_set="17"/>
                <bind_vertex_input semantic="Cylinder_007-mesh-map-0" input_semantic="TEXCOORD" input_set="18"/>
                <bind_vertex_input semantic="Cylinder_001-mesh-map-0" input_semantic="TEXCOORD" input_set="19"/>
                <bind_vertex_input semantic="Cylinder_003-mesh-map-0" input_semantic="TEXCOORD" input_set="20"/>
              </instance_material>
            </technique_common>
          </bind_material>
        </instance_geometry>
      </node>
      <node id="Camera" name="Camera" type="NODE">
        <matrix sid="transform">0.6859207 -0.3240135 0.6515582 7.358891 0.7276763 0.3054208 -0.6141704 -6.925791 0 0.8953956 0.4452714 4.958309 0 0 0 1</matrix>
        <instance_camera url="#Camera-camera"/>
      </node>
      <node id="Light" name="Light" type="NODE">
        <matrix sid="transform">-0.2908646 -0.7711008 0.5663932 4.076245 0.9551712 -0.1998834 0.2183912 1.005454 -0.05518906 0.6045247 0.7946723 5.903862 0 0 0 1</matrix>
        <instance_light url="#Light-light"/>
      </node>
    </visual_scene>
  </library_visual_scenes>
  <scene>
    <instance_visual_scene url="#Scene"/>
  </scene>
</COLLADA>